year_month,member_casual,weekday,hour,n_trips
2021-01,casual,Sunday,0,97
2021-01,casual,Sunday,1,43
2021-01,casual,Sunday,2,37
2021-01,casual,Sunday,3,18
2021-01,casual,Sunday,4,16
2021-01,casual,Sunday,5,20
2021-01,casual,Sunday,6,19
2021-01,casual,Sunday,7,29
2021-01,casual,Sunday,8,50
2021-01,casual,Sunday,9,78
2021-01,casual,Sunday,10,163
2021-01,casual,Sunday,11,217
2021-01,casual,Sunday,12,245
2021-01,casual,Sunday,13,286
2021-01,casual,Sunday,14,297
2021-01,casual,Sunday,15,294
2021-01,casual,Sunday,16,194
2021-01,casual,Sunday,17,175
2021-01,casual,Sunday,18,141
2021-01,casual,Sunday,19,119
2021-01,casual,Sunday,20,78
2021-01,casual,Sunday,21,84
2021-01,casual,Sunday,22,78
2021-01,casual,Sunday,23,39
2021-01,casual,Monday,0,20
2021-01,casual,Monday,1,13
2021-01,casual,Monday,2,8
2021-01,casual,Monday,3,9
2021-01,casual,Monday,4,11
2021-01,casual,Monday,5,10
2021-01,casual,Monday,6,34
2021-01,casual,Monday,7,64
2021-01,casual,Monday,8,92
2021-01,casual,Monday,9,103
2021-01,casual,Monday,10,121
2021-01,casual,Monday,11,113
2021-01,casual,Monday,12,164
2021-01,casual,Monday,13,186
2021-01,casual,Monday,14,168
2021-01,casual,Monday,15,161
2021-01,casual,Monday,16,215
2021-01,casual,Monday,17,193
2021-01,casual,Monday,18,116
2021-01,casual,Monday,19,72
2021-01,casual,Monday,20,68
2021-01,casual,Monday,21,50
2021-01,casual,Monday,22,46
2021-01,casual,Monday,23,18
2021-01,casual,Tuesday,0,28
2021-01,casual,Tuesday,1,8
2021-01,casual,Tuesday,2,4
2021-01,casual,Tuesday,3,3
2021-01,casual,Tuesday,4,7
2021-01,casual,Tuesday,5,15
2021-01,casual,Tuesday,6,30
2021-01,casual,Tuesday,7,78
2021-01,casual,Tuesday,8,69
2021-01,casual,Tuesday,9,80
2021-01,casual,Tuesday,10,70
2021-01,casual,Tuesday,11,83
2021-01,casual,Tuesday,12,126
2021-01,casual,Tuesday,13,137
2021-01,casual,Tuesday,14,149
2021-01,casual,Tuesday,15,143
2021-01,casual,Tuesday,16,200
2021-01,casual,Tuesday,17,195
2021-01,casual,Tuesday,18,145
2021-01,casual,Tuesday,19,95
2021-01,casual,Tuesday,20,72
2021-01,casual,Tuesday,21,48
2021-01,casual,Tuesday,22,34
2021-01,casual,Tuesday,23,37
2021-01,casual,Wednesday,0,19
2021-01,casual,Wednesday,1,5
2021-01,casual,Wednesday,2,6
2021-01,casual,Wednesday,3,6
2021-01,casual,Wednesday,4,9
2021-01,casual,Wednesday,5,16
2021-01,casual,Wednesday,6,27
2021-01,casual,Wednesday,7,60
2021-01,casual,Wednesday,8,90
2021-01,casual,Wednesday,9,94
2021-01,casual,Wednesday,10,90
2021-01,casual,Wednesday,11,117
2021-01,casual,Wednesday,12,119
2021-01,casual,Wednesday,13,133
2021-01,casual,Wednesday,14,167
2021-01,casual,Wednesday,15,166
2021-01,casual,Wednesday,16,203
2021-01,casual,Wednesday,17,216
2021-01,casual,Wednesday,18,153
2021-01,casual,Wednesday,19,119
2021-01,casual,Wednesday,20,81
2021-01,casual,Wednesday,21,69
2021-01,casual,Wednesday,22,63
2021-01,casual,Wednesday,23,26
2021-01,casual,Thursday,0,28
2021-01,casual,Thursday,1,17
2021-01,casual,Thursday,2,10
2021-01,casual,Thursday,3,13
2021-01,casual,Thursday,4,19
2021-01,casual,Thursday,5,21
2021-01,casual,Thursday,6,38
2021-01,casual,Thursday,7,70
2021-01,casual,Thursday,8,100
2021-01,casual,Thursday,9,93
2021-01,casual,Thursday,10,111
2021-01,casual,Thursday,11,160
2021-01,casual,Thursday,12,175
2021-01,casual,Thursday,13,145
2021-01,casual,Thursday,14,169
2021-01,casual,Thursday,15,207
2021-01,casual,Thursday,16,206
2021-01,casual,Thursday,17,199
2021-01,casual,Thursday,18,166
2021-01,casual,Thursday,19,127
2021-01,casual,Thursday,20,85
2021-01,casual,Thursday,21,55
2021-01,casual,Thursday,22,67
2021-01,casual,Thursday,23,28
2021-01,casual,Friday,0,30
2021-01,casual,Friday,1,42
2021-01,casual,Friday,2,38
2021-01,casual,Friday,3,13
2021-01,casual,Friday,4,22
2021-01,casual,Friday,5,30
2021-01,casual,Friday,6,52
2021-01,casual,Friday,7,74
2021-01,casual,Friday,8,82
2021-01,casual,Friday,9,100
2021-01,casual,Friday,10,110
2021-01,casual,Friday,11,152
2021-01,casual,Friday,12,178
2021-01,casual,Friday,13,173
2021-01,casual,Friday,14,168
2021-01,casual,Friday,15,243
2021-01,casual,Friday,16,264
2021-01,casual,Friday,17,257
2021-01,casual,Friday,18,242
2021-01,casual,Friday,19,167
2021-01,casual,Friday,20,103
2021-01,casual,Friday,21,80
2021-01,casual,Friday,22,77
2021-01,casual,Friday,23,84
2021-01,casual,Saturday,0,50
2021-01,casual,Saturday,1,52
2021-01,casual,Saturday,2,25
2021-01,casual,Saturday,3,16
2021-01,casual,Saturday,4,16
2021-01,casual,Saturday,5,15
2021-01,casual,Saturday,6,24
2021-01,casual,Saturday,7,37
2021-01,casual,Saturday,8,75
2021-01,casual,Saturday,9,114
2021-01,casual,Saturday,10,204
2021-01,casual,Saturday,11,300
2021-01,casual,Saturday,12,380
2021-01,casual,Saturday,13,482
2021-01,casual,Saturday,14,419
2021-01,casual,Saturday,15,433
2021-01,casual,Saturday,16,338
2021-01,casual,Saturday,17,230
2021-01,casual,Saturday,18,184
2021-01,casual,Saturday,19,159
2021-01,casual,Saturday,20,105
2021-01,casual,Saturday,21,78
2021-01,casual,Saturday,22,111
2021-01,casual,Saturday,23,96
2021-01,member,Sunday,0,135
2021-01,member,Sunday,1,77
2021-01,member,Sunday,2,57
2021-01,member,Sunday,3,35
2021-01,member,Sunday,4,17
2021-01,member,Sunday,5,43
2021-01,member,Sunday,6,129
2021-01,member,Sunday,7,150
2021-01,member,Sunday,8,221
2021-01,member,Sunday,9,346
2021-01,member,Sunday,10,552
2021-01,member,Sunday,11,623
2021-01,member,Sunday,12,782
2021-01,member,Sunday,13,954
2021-01,member,Sunday,14,889
2021-01,member,Sunday,15,870
2021-01,member,Sunday,16,637
2021-01,member,Sunday,17,578
2021-01,member,Sunday,18,501
2021-01,member,Sunday,19,415
2021-01,member,Sunday,20,274
2021-01,member,Sunday,21,220
2021-01,member,Sunday,22,160
2021-01,member,Sunday,23,90
2021-01,member,Monday,0,42
2021-01,member,Monday,1,23
2021-01,member,Monday,2,18
2021-01,member,Monday,3,9
2021-01,member,Monday,4,22
2021-01,member,Monday,5,150
2021-01,member,Monday,6,434
2021-01,member,Monday,7,731
2021-01,member,Monday,8,764
2021-01,member,Monday,9,478
2021-01,member,Monday,10,458
2021-01,member,Monday,11,598
2021-01,member,Monday,12,710
2021-01,member,Monday,13,720
2021-01,member,Monday,14,770
2021-01,member,Monday,15,841
2021-01,member,Monday,16,1049
2021-01,member,Monday,17,1067
2021-01,member,Monday,18,938
2021-01,member,Monday,19,492
2021-01,member,Monday,20,292
2021-01,member,Monday,21,170
2021-01,member,Monday,22,135
2021-01,member,Monday,23,61
2021-01,member,Tuesday,0,33
2021-01,member,Tuesday,1,10
2021-01,member,Tuesday,2,4
2021-01,member,Tuesday,3,5
2021-01,member,Tuesday,4,24
2021-01,member,Tuesday,5,133
2021-01,member,Tuesday,6,403
2021-01,member,Tuesday,7,752
2021-01,member,Tuesday,8,724
2021-01,member,Tuesday,9,458
2021-01,member,Tuesday,10,396
2021-01,member,Tuesday,11,537
2021-01,member,Tuesday,12,635
2021-01,member,Tuesday,13,620
2021-01,member,Tuesday,14,612
2021-01,member,Tuesday,15,761
2021-01,member,Tuesday,16,915
2021-01,member,Tuesday,17,1175
2021-01,member,Tuesday,18,929
2021-01,member,Tuesday,19,597
2021-01,member,Tuesday,20,317
2021-01,member,Tuesday,21,180
2021-01,member,Tuesday,22,116
2021-01,member,Tuesday,23,74
2021-01,member,Wednesday,0,31
2021-01,member,Wednesday,1,13
2021-01,member,Wednesday,2,14
2021-01,member,Wednesday,3,11
2021-01,member,Wednesday,4,30
2021-01,member,Wednesday,5,149
2021-01,member,Wednesday,6,454
2021-01,member,Wednesday,7,677
2021-01,member,Wednesday,8,747
2021-01,member,Wednesday,9,440
2021-01,member,Wednesday,10,446
2021-01,member,Wednesday,11,559
2021-01,member,Wednesday,12,659
2021-01,member,Wednesday,13,698
2021-01,member,Wednesday,14,606
2021-01,member,Wednesday,15,788
2021-01,member,Wednesday,16,1021
2021-01,member,Wednesday,17,1233
2021-01,member,Wednesday,18,1013
2021-01,member,Wednesday,19,634
2021-01,member,Wednesday,20,385
2021-01,member,Wednesday,21,200
2021-01,member,Wednesday,22,163
2021-01,member,Wednesday,23,82
2021-01,member,Thursday,0,33
2021-01,member,Thursday,1,22
2021-01,member,Thursday,2,11
2021-01,member,Thursday,3,12
2021-01,member,Thursday,4,30
2021-01,member,Thursday,5,158
2021-01,member,Thursday,6,457
2021-01,member,Thursday,7,776
2021-01,member,Thursday,8,818
2021-01,member,Thursday,9,587
2021-01,member,Thursday,10,493
2021-01,member,Thursday,11,635
2021-01,member,Thursday,12,779
2021-01,member,Thursday,13,725
2021-01,member,Thursday,14,742
2021-01,member,Thursday,15,817
2021-01,member,Thursday,16,1044
2021-01,member,Thursday,17,1228
2021-01,member,Thursday,18,928
2021-01,member,Thursday,19,610
2021-01,member,Thursday,20,368
2021-01,member,Thursday,21,247
2021-01,member,Thursday,22,146
2021-01,member,Thursday,23,113
2021-01,member,Friday,0,65
2021-01,member,Friday,1,36
2021-01,member,Friday,2,41
2021-01,member,Friday,3,22
2021-01,member,Friday,4,29
2021-01,member,Friday,5,176
2021-01,member,Friday,6,520
2021-01,member,Friday,7,783
2021-01,member,Friday,8,839
2021-01,member,Friday,9,528
2021-01,member,Friday,10,560
2021-01,member,Friday,11,663
2021-01,member,Friday,12,703
2021-01,member,Friday,13,714
2021-01,member,Friday,14,753
2021-01,member,Friday,15,938
2021-01,member,Friday,16,1102
2021-01,member,Friday,17,1240
2021-01,member,Friday,18,1064
2021-01,member,Friday,19,722
2021-01,member,Friday,20,414
2021-01,member,Friday,21,213
2021-01,member,Friday,22,179
2021-01,member,Friday,23,166
2021-01,member,Saturday,0,104
2021-01,member,Saturday,1,70
2021-01,member,Saturday,2,55
2021-01,member,Saturday,3,20
2021-01,member,Saturday,4,10
2021-01,member,Saturday,5,42
2021-01,member,Saturday,6,141
2021-01,member,Saturday,7,263
2021-01,member,Saturday,8,383
2021-01,member,Saturday,9,577
2021-01,member,Saturday,10,811
2021-01,member,Saturday,11,1051
2021-01,member,Saturday,12,1147
2021-01,member,Saturday,13,1230
2021-01,member,Saturday,14,1255
2021-01,member,Saturday,15,1133
2021-01,member,Saturday,16,1007
2021-01,member,Saturday,17,759
2021-01,member,Saturday,18,600
2021-01,member,Saturday,19,514
2021-01,member,Saturday,20,340
2021-01,member,Saturday,21,223
2021-01,member,Saturday,22,186
2021-01,member,Saturday,23,203
2021-02,casual,Sunday,0,60
2021-02,casual,Sunday,1,38
2021-02,casual,Sunday,2,11
2021-02,casual,Sunday,3,7
2021-02,casual,Sunday,4,7
2021-02,casual,Sunday,5,4
2021-02,casual,Sunday,6,6
2021-02,casual,Sunday,7,12
2021-02,casual,Sunday,8,17
2021-02,casual,Sunday,9,29
2021-02,casual,Sunday,10,60
2021-02,casual,Sunday,11,95
2021-02,casual,Sunday,12,141
2021-02,casual,Sunday,13,162
2021-02,casual,Sunday,14,148
2021-02,casual,Sunday,15,146
2021-02,casual,Sunday,16,121
2021-02,casual,Sunday,17,108
2021-02,casual,Sunday,18,46
2021-02,casual,Sunday,19,42
2021-02,casual,Sunday,20,22
2021-02,casual,Sunday,21,32
2021-02,casual,Sunday,22,33
2021-02,casual,Sunday,23,15
2021-02,casual,Monday,0,1
2021-02,casual,Monday,1,2
2021-02,casual,Monday,2,1
2021-02,casual,Monday,3,4
2021-02,casual,Monday,4,5
2021-02,casual,Monday,5,7
2021-02,casual,Monday,6,3
2021-02,casual,Monday,7,20
2021-02,casual,Monday,8,24
2021-02,casual,Monday,9,18
2021-02,casual,Monday,10,23
2021-02,casual,Monday,11,36
2021-02,casual,Monday,12,28
2021-02,casual,Monday,13,37
2021-02,casual,Monday,14,43
2021-02,casual,Monday,15,51
2021-02,casual,Monday,16,55
2021-02,casual,Monday,17,63
2021-02,casual,Monday,18,50
2021-02,casual,Monday,19,26
2021-02,casual,Monday,20,16
2021-02,casual,Monday,21,18
2021-02,casual,Monday,22,26
2021-02,casual,Monday,23,11
2021-02,casual,Tuesday,0,8
2021-02,casual,Tuesday,1,4
2021-02,casual,Tuesday,2,2
2021-02,casual,Tuesday,3,7
2021-02,casual,Tuesday,4,2
2021-02,casual,Tuesday,5,6
2021-02,casual,Tuesday,6,12
2021-02,casual,Tuesday,7,32
2021-02,casual,Tuesday,8,31
2021-02,casual,Tuesday,9,21
2021-02,casual,Tuesday,10,49
2021-02,casual,Tuesday,11,45
2021-02,casual,Tuesday,12,68
2021-02,casual,Tuesday,13,72
2021-02,casual,Tuesday,14,70
2021-02,casual,Tuesday,15,75
2021-02,casual,Tuesday,16,112
2021-02,casual,Tuesday,17,134
2021-02,casual,Tuesday,18,97
2021-02,casual,Tuesday,19,31
2021-02,casual,Tuesday,20,39
2021-02,casual,Tuesday,21,20
2021-02,casual,Tuesday,22,26
2021-02,casual,Tuesday,23,17
2021-02,casual,Wednesday,0,11
2021-02,casual,Wednesday,1,12
2021-02,casual,Wednesday,2,1
2021-02,casual,Wednesday,3,5
2021-02,casual,Wednesday,4,6
2021-02,casual,Wednesday,5,7
2021-02,casual,Wednesday,6,23
2021-02,casual,Wednesday,7,36
2021-02,casual,Wednesday,8,46
2021-02,casual,Wednesday,9,34
2021-02,casual,Wednesday,10,45
2021-02,casual,Wednesday,11,62
2021-02,casual,Wednesday,12,70
2021-02,casual,Wednesday,13,72
2021-02,casual,Wednesday,14,76
2021-02,casual,Wednesday,15,72
2021-02,casual,Wednesday,16,102
2021-02,casual,Wednesday,17,134
2021-02,casual,Wednesday,18,89
2021-02,casual,Wednesday,19,69
2021-02,casual,Wednesday,20,45
2021-02,casual,Wednesday,21,29
2021-02,casual,Wednesday,22,31
2021-02,casual,Wednesday,23,22
2021-02,casual,Thursday,0,12
2021-02,casual,Thursday,1,11
2021-02,casual,Thursday,2,4
2021-02,casual,Thursday,3,8
2021-02,casual,Thursday,4,3
2021-02,casual,Thursday,5,13
2021-02,casual,Thursday,6,14
2021-02,casual,Thursday,7,35
2021-02,casual,Thursday,8,36
2021-02,casual,Thursday,9,32
2021-02,casual,Thursday,10,39
2021-02,casual,Thursday,11,51
2021-02,casual,Thursday,12,71
2021-02,casual,Thursday,13,84
2021-02,casual,Thursday,14,65
2021-02,casual,Thursday,15,67
2021-02,casual,Thursday,16,92
2021-02,casual,Thursday,17,139
2021-02,casual,Thursday,18,91
2021-02,casual,Thursday,19,58
2021-02,casual,Thursday,20,35
2021-02,casual,Thursday,21,21
2021-02,casual,Thursday,22,28
2021-02,casual,Thursday,23,24
2021-02,casual,Friday,0,12
2021-02,casual,Friday,1,5
2021-02,casual,Friday,2,4
2021-02,casual,Friday,3,6
2021-02,casual,Friday,4,5
2021-02,casual,Friday,5,8
2021-02,casual,Friday,6,18
2021-02,casual,Friday,7,35
2021-02,casual,Friday,8,31
2021-02,casual,Friday,9,42
2021-02,casual,Friday,10,66
2021-02,casual,Friday,11,75
2021-02,casual,Friday,12,89
2021-02,casual,Friday,13,88
2021-02,casual,Friday,14,100
2021-02,casual,Friday,15,118
2021-02,casual,Friday,16,160
2021-02,casual,Friday,17,160
2021-02,casual,Friday,18,142
2021-02,casual,Friday,19,77
2021-02,casual,Friday,20,54
2021-02,casual,Friday,21,52
2021-02,casual,Friday,22,35
2021-02,casual,Friday,23,65
2021-02,casual,Saturday,0,24
2021-02,casual,Saturday,1,14
2021-02,casual,Saturday,2,13
2021-02,casual,Saturday,3,4
2021-02,casual,Saturday,4,7
2021-02,casual,Saturday,5,9
2021-02,casual,Saturday,6,3
2021-02,casual,Saturday,7,21
2021-02,casual,Saturday,8,28
2021-02,casual,Saturday,9,72
2021-02,casual,Saturday,10,118
2021-02,casual,Saturday,11,222
2021-02,casual,Saturday,12,384
2021-02,casual,Saturday,13,375
2021-02,casual,Saturday,14,454
2021-02,casual,Saturday,15,437
2021-02,casual,Saturday,16,412
2021-02,casual,Saturday,17,277
2021-02,casual,Saturday,18,167
2021-02,casual,Saturday,19,103
2021-02,casual,Saturday,20,74
2021-02,casual,Saturday,21,53
2021-02,casual,Saturday,22,43
2021-02,casual,Saturday,23,103
2021-02,member,Sunday,0,71
2021-02,member,Sunday,1,40
2021-02,member,Sunday,2,15
2021-02,member,Sunday,3,8
2021-02,member,Sunday,4,6
2021-02,member,Sunday,5,27
2021-02,member,Sunday,6,57
2021-02,member,Sunday,7,82
2021-02,member,Sunday,8,87
2021-02,member,Sunday,9,144
2021-02,member,Sunday,10,191
2021-02,member,Sunday,11,303
2021-02,member,Sunday,12,350
2021-02,member,Sunday,13,402
2021-02,member,Sunday,14,453
2021-02,member,Sunday,15,420
2021-02,member,Sunday,16,389
2021-02,member,Sunday,17,318
2021-02,member,Sunday,18,182
2021-02,member,Sunday,19,124
2021-02,member,Sunday,20,77
2021-02,member,Sunday,21,66
2021-02,member,Sunday,22,54
2021-02,member,Sunday,23,41
2021-02,member,Monday,0,7
2021-02,member,Monday,1,6
2021-02,member,Monday,2,2
2021-02,member,Monday,3,4
2021-02,member,Monday,4,7
2021-02,member,Monday,5,76
2021-02,member,Monday,6,147
2021-02,member,Monday,7,260
2021-02,member,Monday,8,261
2021-02,member,Monday,9,143
2021-02,member,Monday,10,142
2021-02,member,Monday,11,199
2021-02,member,Monday,12,220
2021-02,member,Monday,13,223
2021-02,member,Monday,14,268
2021-02,member,Monday,15,327
2021-02,member,Monday,16,351
2021-02,member,Monday,17,418
2021-02,member,Monday,18,360
2021-02,member,Monday,19,185
2021-02,member,Monday,20,135
2021-02,member,Monday,21,93
2021-02,member,Monday,22,55
2021-02,member,Monday,23,31
2021-02,member,Tuesday,0,12
2021-02,member,Tuesday,1,7
2021-02,member,Tuesday,2,5
2021-02,member,Tuesday,3,10
2021-02,member,Tuesday,4,9
2021-02,member,Tuesday,5,91
2021-02,member,Tuesday,6,184
2021-02,member,Tuesday,7,320
2021-02,member,Tuesday,8,327
2021-02,member,Tuesday,9,221
2021-02,member,Tuesday,10,210
2021-02,member,Tuesday,11,264
2021-02,member,Tuesday,12,314
2021-02,member,Tuesday,13,348
2021-02,member,Tuesday,14,308
2021-02,member,Tuesday,15,392
2021-02,member,Tuesday,16,549
2021-02,member,Tuesday,17,679
2021-02,member,Tuesday,18,562
2021-02,member,Tuesday,19,338
2021-02,member,Tuesday,20,203
2021-02,member,Tuesday,21,119
2021-02,member,Tuesday,22,69
2021-02,member,Tuesday,23,60
2021-02,member,Wednesday,0,24
2021-02,member,Wednesday,1,6
2021-02,member,Wednesday,2,2
2021-02,member,Wednesday,3,8
2021-02,member,Wednesday,4,17
2021-02,member,Wednesday,5,106
2021-02,member,Wednesday,6,258
2021-02,member,Wednesday,7,424
2021-02,member,Wednesday,8,365
2021-02,member,Wednesday,9,232
2021-02,member,Wednesday,10,267
2021-02,member,Wednesday,11,324
2021-02,member,Wednesday,12,403
2021-02,member,Wednesday,13,384
2021-02,member,Wednesday,14,408
2021-02,member,Wednesday,15,455
2021-02,member,Wednesday,16,596
2021-02,member,Wednesday,17,769
2021-02,member,Wednesday,18,597
2021-02,member,Wednesday,19,367
2021-02,member,Wednesday,20,216
2021-02,member,Wednesday,21,128
2021-02,member,Wednesday,22,83
2021-02,member,Wednesday,23,45
2021-02,member,Thursday,0,18
2021-02,member,Thursday,1,10
2021-02,member,Thursday,2,8
2021-02,member,Thursday,3,11
2021-02,member,Thursday,4,21
2021-02,member,Thursday,5,120
2021-02,member,Thursday,6,249
2021-02,member,Thursday,7,458
2021-02,member,Thursday,8,441
2021-02,member,Thursday,9,288
2021-02,member,Thursday,10,231
2021-02,member,Thursday,11,299
2021-02,member,Thursday,12,366
2021-02,member,Thursday,13,339
2021-02,member,Thursday,14,337
2021-02,member,Thursday,15,356
2021-02,member,Thursday,16,469
2021-02,member,Thursday,17,625
2021-02,member,Thursday,18,525
2021-02,member,Thursday,19,300
2021-02,member,Thursday,20,175
2021-02,member,Thursday,21,103
2021-02,member,Thursday,22,98
2021-02,member,Thursday,23,78
2021-02,member,Friday,0,22
2021-02,member,Friday,1,9
2021-02,member,Friday,2,7
2021-02,member,Friday,3,9
2021-02,member,Friday,4,18
2021-02,member,Friday,5,108
2021-02,member,Friday,6,213
2021-02,member,Friday,7,365
2021-02,member,Friday,8,403
2021-02,member,Friday,9,270
2021-02,member,Friday,10,274
2021-02,member,Friday,11,322
2021-02,member,Friday,12,404
2021-02,member,Friday,13,438
2021-02,member,Friday,14,427
2021-02,member,Friday,15,514
2021-02,member,Friday,16,565
2021-02,member,Friday,17,721
2021-02,member,Friday,18,532
2021-02,member,Friday,19,344
2021-02,member,Friday,20,169
2021-02,member,Friday,21,95
2021-02,member,Friday,22,95
2021-02,member,Friday,23,93
2021-02,member,Saturday,0,56
2021-02,member,Saturday,1,33
2021-02,member,Saturday,2,23
2021-02,member,Saturday,3,8
2021-02,member,Saturday,4,12
2021-02,member,Saturday,5,24
2021-02,member,Saturday,6,79
2021-02,member,Saturday,7,113
2021-02,member,Saturday,8,178
2021-02,member,Saturday,9,267
2021-02,member,Saturday,10,420
2021-02,member,Saturday,11,507
2021-02,member,Saturday,12,592
2021-02,member,Saturday,13,665
2021-02,member,Saturday,14,675
2021-02,member,Saturday,15,633
2021-02,member,Saturday,16,574
2021-02,member,Saturday,17,474
2021-02,member,Saturday,18,327
2021-02,member,Saturday,19,243
2021-02,member,Saturday,20,151
2021-02,member,Saturday,21,95
2021-02,member,Saturday,22,91
2021-02,member,Saturday,23,132
2021-03,casual,Sunday,0,588
2021-03,casual,Sunday,1,379
2021-03,casual,Sunday,2,78
2021-03,casual,Sunday,3,64
2021-03,casual,Sunday,4,56
2021-03,casual,Sunday,5,28
2021-03,casual,Sunday,6,55
2021-03,casual,Sunday,7,105
2021-03,casual,Sunday,8,177
2021-03,casual,Sunday,9,354
2021-03,casual,Sunday,10,736
2021-03,casual,Sunday,11,1141
2021-03,casual,Sunday,12,1535
2021-03,casual,Sunday,13,1881
2021-03,casual,Sunday,14,2117
2021-03,casual,Sunday,15,1940
2021-03,casual,Sunday,16,1718
2021-03,casual,Sunday,17,1481
2021-03,casual,Sunday,18,979
2021-03,casual,Sunday,19,604
2021-03,casual,Sunday,20,414
2021-03,casual,Sunday,21,283
2021-03,casual,Sunday,22,261
2021-03,casual,Sunday,23,144
2021-03,casual,Monday,0,86
2021-03,casual,Monday,1,50
2021-03,casual,Monday,2,17
2021-03,casual,Monday,3,12
2021-03,casual,Monday,4,37
2021-03,casual,Monday,5,39
2021-03,casual,Monday,6,89
2021-03,casual,Monday,7,186
2021-03,casual,Monday,8,274
2021-03,casual,Monday,9,275
2021-03,casual,Monday,10,385
2021-03,casual,Monday,11,611
2021-03,casual,Monday,12,743
2021-03,casual,Monday,13,834
2021-03,casual,Monday,14,924
2021-03,casual,Monday,15,1036
2021-03,casual,Monday,16,1303
2021-03,casual,Monday,17,1642
2021-03,casual,Monday,18,1192
2021-03,casual,Monday,19,721
2021-03,casual,Monday,20,483
2021-03,casual,Monday,21,369
2021-03,casual,Monday,22,318
2021-03,casual,Monday,23,184
2021-03,casual,Tuesday,0,94
2021-03,casual,Tuesday,1,42
2021-03,casual,Tuesday,2,30
2021-03,casual,Tuesday,3,10
2021-03,casual,Tuesday,4,25
2021-03,casual,Tuesday,5,48
2021-03,casual,Tuesday,6,120
2021-03,casual,Tuesday,7,227
2021-03,casual,Tuesday,8,282
2021-03,casual,Tuesday,9,259
2021-03,casual,Tuesday,10,381
2021-03,casual,Tuesday,11,504
2021-03,casual,Tuesday,12,712
2021-03,casual,Tuesday,13,761
2021-03,casual,Tuesday,14,833
2021-03,casual,Tuesday,15,1020
2021-03,casual,Tuesday,16,1134
2021-03,casual,Tuesday,17,1357
2021-03,casual,Tuesday,18,888
2021-03,casual,Tuesday,19,551
2021-03,casual,Tuesday,20,357
2021-03,casual,Tuesday,21,295
2021-03,casual,Tuesday,22,237
2021-03,casual,Tuesday,23,175
2021-03,casual,Wednesday,0,58
2021-03,casual,Wednesday,1,32
2021-03,casual,Wednesday,2,21
2021-03,casual,Wednesday,3,25
2021-03,casual,Wednesday,4,27
2021-03,casual,Wednesday,5,49
2021-03,casual,Wednesday,6,126
2021-03,casual,Wednesday,7,235
2021-03,casual,Wednesday,8,286
2021-03,casual,Wednesday,9,297
2021-03,casual,Wednesday,10,329
2021-03,casual,Wednesday,11,501
2021-03,casual,Wednesday,12,600
2021-03,casual,Wednesday,13,630
2021-03,casual,Wednesday,14,741
2021-03,casual,Wednesday,15,757
2021-03,casual,Wednesday,16,889
2021-03,casual,Wednesday,17,1082
2021-03,casual,Wednesday,18,722
2021-03,casual,Wednesday,19,489
2021-03,casual,Wednesday,20,280
2021-03,casual,Wednesday,21,234
2021-03,casual,Wednesday,22,216
2021-03,casual,Wednesday,23,146
2021-03,casual,Thursday,0,50
2021-03,casual,Thursday,1,32
2021-03,casual,Thursday,2,21
2021-03,casual,Thursday,3,18
2021-03,casual,Thursday,4,15
2021-03,casual,Thursday,5,47
2021-03,casual,Thursday,6,93
2021-03,casual,Thursday,7,147
2021-03,casual,Thursday,8,181
2021-03,casual,Thursday,9,134
2021-03,casual,Thursday,10,215
2021-03,casual,Thursday,11,239
2021-03,casual,Thursday,12,347
2021-03,casual,Thursday,13,349
2021-03,casual,Thursday,14,366
2021-03,casual,Thursday,15,472
2021-03,casual,Thursday,16,553
2021-03,casual,Thursday,17,776
2021-03,casual,Thursday,18,560
2021-03,casual,Thursday,19,297
2021-03,casual,Thursday,20,193
2021-03,casual,Thursday,21,105
2021-03,casual,Thursday,22,104
2021-03,casual,Thursday,23,94
2021-03,casual,Friday,0,65
2021-03,casual,Friday,1,33
2021-03,casual,Friday,2,18
2021-03,casual,Friday,3,11
2021-03,casual,Friday,4,13
2021-03,casual,Friday,5,36
2021-03,casual,Friday,6,68
2021-03,casual,Friday,7,153
2021-03,casual,Friday,8,195
2021-03,casual,Friday,9,222
2021-03,casual,Friday,10,305
2021-03,casual,Friday,11,441
2021-03,casual,Friday,12,548
2021-03,casual,Friday,13,588
2021-03,casual,Friday,14,557
2021-03,casual,Friday,15,684
2021-03,casual,Friday,16,776
2021-03,casual,Friday,17,957
2021-03,casual,Friday,18,727
2021-03,casual,Friday,19,452
2021-03,casual,Friday,20,224
2021-03,casual,Friday,21,207
2021-03,casual,Friday,22,230
2021-03,casual,Friday,23,188
2021-03,casual,Saturday,0,245
2021-03,casual,Saturday,1,187
2021-03,casual,Saturday,2,78
2021-03,casual,Saturday,3,37
2021-03,casual,Saturday,4,28
2021-03,casual,Saturday,5,21
2021-03,casual,Saturday,6,36
2021-03,casual,Saturday,7,96
2021-03,casual,Saturday,8,262
2021-03,casual,Saturday,9,501
2021-03,casual,Saturday,10,872
2021-03,casual,Saturday,11,1551
2021-03,casual,Saturday,12,2022
2021-03,casual,Saturday,13,2322
2021-03,casual,Saturday,14,2517
2021-03,casual,Saturday,15,2296
2021-03,casual,Saturday,16,2095
2021-03,casual,Saturday,17,1836
2021-03,casual,Saturday,18,1406
2021-03,casual,Saturday,19,913
2021-03,casual,Saturday,20,737
2021-03,casual,Saturday,21,637
2021-03,casual,Saturday,22,578
2021-03,casual,Saturday,23,575
2021-03,member,Sunday,0,313
2021-03,member,Sunday,1,238
2021-03,member,Sunday,2,70
2021-03,member,Sunday,3,47
2021-03,member,Sunday,4,30
2021-03,member,Sunday,5,45
2021-03,member,Sunday,6,169
2021-03,member,Sunday,7,286
2021-03,member,Sunday,8,434
2021-03,member,Sunday,9,681
2021-03,member,Sunday,10,1047
2021-03,member,Sunday,11,1295
2021-03,member,Sunday,12,1677
2021-03,member,Sunday,13,1863
2021-03,member,Sunday,14,1851
2021-03,member,Sunday,15,1825
2021-03,member,Sunday,16,1676
2021-03,member,Sunday,17,1541
2021-03,member,Sunday,18,1102
2021-03,member,Sunday,19,751
2021-03,member,Sunday,20,392
2021-03,member,Sunday,21,316
2021-03,member,Sunday,22,213
2021-03,member,Sunday,23,136
2021-03,member,Monday,0,75
2021-03,member,Monday,1,40
2021-03,member,Monday,2,25
2021-03,member,Monday,3,13
2021-03,member,Monday,4,49
2021-03,member,Monday,5,275
2021-03,member,Monday,6,763
2021-03,member,Monday,7,1446
2021-03,member,Monday,8,1328
2021-03,member,Monday,9,862
2021-03,member,Monday,10,813
2021-03,member,Monday,11,1080
2021-03,member,Monday,12,1396
2021-03,member,Monday,13,1240
2021-03,member,Monday,14,1166
2021-03,member,Monday,15,1529
2021-03,member,Monday,16,2219
2021-03,member,Monday,17,2942
2021-03,member,Monday,18,2224
2021-03,member,Monday,19,1380
2021-03,member,Monday,20,792
2021-03,member,Monday,21,427
2021-03,member,Monday,22,254
2021-03,member,Monday,23,142
2021-03,member,Tuesday,0,99
2021-03,member,Tuesday,1,25
2021-03,member,Tuesday,2,16
2021-03,member,Tuesday,3,29
2021-03,member,Tuesday,4,59
2021-03,member,Tuesday,5,285
2021-03,member,Tuesday,6,862
2021-03,member,Tuesday,7,1477
2021-03,member,Tuesday,8,1429
2021-03,member,Tuesday,9,1003
2021-03,member,Tuesday,10,832
2021-03,member,Tuesday,11,969
2021-03,member,Tuesday,12,1377
2021-03,member,Tuesday,13,1446
2021-03,member,Tuesday,14,1296
2021-03,member,Tuesday,15,1641
2021-03,member,Tuesday,16,2117
2021-03,member,Tuesday,17,2833
2021-03,member,Tuesday,18,2273
2021-03,member,Tuesday,19,1360
2021-03,member,Tuesday,20,789
2021-03,member,Tuesday,21,473
2021-03,member,Tuesday,22,308
2021-03,member,Tuesday,23,216
2021-03,member,Wednesday,0,102
2021-03,member,Wednesday,1,37
2021-03,member,Wednesday,2,19
2021-03,member,Wednesday,3,19
2021-03,member,Wednesday,4,54
2021-03,member,Wednesday,5,306
2021-03,member,Wednesday,6,834
2021-03,member,Wednesday,7,1489
2021-03,member,Wednesday,8,1545
2021-03,member,Wednesday,9,963
2021-03,member,Wednesday,10,831
2021-03,member,Wednesday,11,1096
2021-03,member,Wednesday,12,1436
2021-03,member,Wednesday,13,1328
2021-03,member,Wednesday,14,1286
2021-03,member,Wednesday,15,1517
2021-03,member,Wednesday,16,2097
2021-03,member,Wednesday,17,2598
2021-03,member,Wednesday,18,2006
2021-03,member,Wednesday,19,1266
2021-03,member,Wednesday,20,654
2021-03,member,Wednesday,21,496
2021-03,member,Wednesday,22,314
2021-03,member,Wednesday,23,190
2021-03,member,Thursday,0,62
2021-03,member,Thursday,1,26
2021-03,member,Thursday,2,11
2021-03,member,Thursday,3,17
2021-03,member,Thursday,4,42
2021-03,member,Thursday,5,209
2021-03,member,Thursday,6,648
2021-03,member,Thursday,7,1067
2021-03,member,Thursday,8,973
2021-03,member,Thursday,9,667
2021-03,member,Thursday,10,582
2021-03,member,Thursday,11,736
2021-03,member,Thursday,12,909
2021-03,member,Thursday,13,901
2021-03,member,Thursday,14,876
2021-03,member,Thursday,15,1034
2021-03,member,Thursday,16,1508
2021-03,member,Thursday,17,1880
2021-03,member,Thursday,18,1540
2021-03,member,Thursday,19,894
2021-03,member,Thursday,20,511
2021-03,member,Thursday,21,308
2021-03,member,Thursday,22,227
2021-03,member,Thursday,23,149
2021-03,member,Friday,0,88
2021-03,member,Friday,1,46
2021-03,member,Friday,2,13
2021-03,member,Friday,3,18
2021-03,member,Friday,4,48
2021-03,member,Friday,5,215
2021-03,member,Friday,6,542
2021-03,member,Friday,7,1009
2021-03,member,Friday,8,1074
2021-03,member,Friday,9,750
2021-03,member,Friday,10,696
2021-03,member,Friday,11,880
2021-03,member,Friday,12,1092
2021-03,member,Friday,13,1090
2021-03,member,Friday,14,1076
2021-03,member,Friday,15,1321
2021-03,member,Friday,16,1736
2021-03,member,Friday,17,1924
2021-03,member,Friday,18,1588
2021-03,member,Friday,19,986
2021-03,member,Friday,20,566
2021-03,member,Friday,21,341
2021-03,member,Friday,22,272
2021-03,member,Friday,23,287
2021-03,member,Saturday,0,218
2021-03,member,Saturday,1,173
2021-03,member,Saturday,2,63
2021-03,member,Saturday,3,37
2021-03,member,Saturday,4,30
2021-03,member,Saturday,5,67
2021-03,member,Saturday,6,238
2021-03,member,Saturday,7,399
2021-03,member,Saturday,8,652
2021-03,member,Saturday,9,1018
2021-03,member,Saturday,10,1361
2021-03,member,Saturday,11,1821
2021-03,member,Saturday,12,2040
2021-03,member,Saturday,13,2271
2021-03,member,Saturday,14,2303
2021-03,member,Saturday,15,2089
2021-03,member,Saturday,16,1912
2021-03,member,Saturday,17,1743
2021-03,member,Saturday,18,1386
2021-03,member,Saturday,19,1010
2021-03,member,Saturday,20,617
2021-03,member,Saturday,21,459
2021-03,member,Saturday,22,435
2021-03,member,Saturday,23,413
2021-04,casual,Sunday,0,795
2021-04,casual,Sunday,1,613
2021-04,casual,Sunday,2,226
2021-04,casual,Sunday,3,114
2021-04,casual,Sunday,4,73
2021-04,casual,Sunday,5,57
2021-04,casual,Sunday,6,85
2021-04,casual,Sunday,7,155
2021-04,casual,Sunday,8,299
2021-04,casual,Sunday,9,692
2021-04,casual,Sunday,10,1271
2021-04,casual,Sunday,11,1759
2021-04,casual,Sunday,12,2366
2021-04,casual,Sunday,13,2538
2021-04,casual,Sunday,14,2588
2021-04,casual,Sunday,15,2390
2021-04,casual,Sunday,16,2302
2021-04,casual,Sunday,17,1902
2021-04,casual,Sunday,18,1572
2021-04,casual,Sunday,19,1010
2021-04,casual,Sunday,20,703
2021-04,casual,Sunday,21,577
2021-04,casual,Sunday,22,509
2021-04,casual,Sunday,23,273
2021-04,casual,Monday,0,169
2021-04,casual,Monday,1,90
2021-04,casual,Monday,2,49
2021-04,casual,Monday,3,18
2021-04,casual,Monday,4,35
2021-04,casual,Monday,5,57
2021-04,casual,Monday,6,142
2021-04,casual,Monday,7,302
2021-04,casual,Monday,8,423
2021-04,casual,Monday,9,438
2021-04,casual,Monday,10,440
2021-04,casual,Monday,11,546
2021-04,casual,Monday,12,739
2021-04,casual,Monday,13,819
2021-04,casual,Monday,14,991
2021-04,casual,Monday,15,1165
2021-04,casual,Monday,16,1438
2021-04,casual,Monday,17,2000
2021-04,casual,Monday,18,1867
2021-04,casual,Monday,19,1460
2021-04,casual,Monday,20,872
2021-04,casual,Monday,21,730
2021-04,casual,Monday,22,621
2021-04,casual,Monday,23,403
2021-04,casual,Tuesday,0,202
2021-04,casual,Tuesday,1,141
2021-04,casual,Tuesday,2,51
2021-04,casual,Tuesday,3,34
2021-04,casual,Tuesday,4,26
2021-04,casual,Tuesday,5,77
2021-04,casual,Tuesday,6,188
2021-04,casual,Tuesday,7,327
2021-04,casual,Tuesday,8,441
2021-04,casual,Tuesday,9,426
2021-04,casual,Tuesday,10,591
2021-04,casual,Tuesday,11,702
2021-04,casual,Tuesday,12,963
2021-04,casual,Tuesday,13,1137
2021-04,casual,Tuesday,14,1192
2021-04,casual,Tuesday,15,1344
2021-04,casual,Tuesday,16,1818
2021-04,casual,Tuesday,17,2924
2021-04,casual,Tuesday,18,2542
2021-04,casual,Tuesday,19,1861
2021-04,casual,Tuesday,20,1064
2021-04,casual,Tuesday,21,884
2021-04,casual,Tuesday,22,740
2021-04,casual,Tuesday,23,390
2021-04,casual,Wednesday,0,211
2021-04,casual,Wednesday,1,111
2021-04,casual,Wednesday,2,49
2021-04,casual,Wednesday,3,30
2021-04,casual,Wednesday,4,27
2021-04,casual,Wednesday,5,43
2021-04,casual,Wednesday,6,142
2021-04,casual,Wednesday,7,263
2021-04,casual,Wednesday,8,390
2021-04,casual,Wednesday,9,400
2021-04,casual,Wednesday,10,416
2021-04,casual,Wednesday,11,540
2021-04,casual,Wednesday,12,693
2021-04,casual,Wednesday,13,683
2021-04,casual,Wednesday,14,765
2021-04,casual,Wednesday,15,821
2021-04,casual,Wednesday,16,920
2021-04,casual,Wednesday,17,1361
2021-04,casual,Wednesday,18,1196
2021-04,casual,Wednesday,19,944
2021-04,casual,Wednesday,20,616
2021-04,casual,Wednesday,21,500
2021-04,casual,Wednesday,22,396
2021-04,casual,Wednesday,23,256
2021-04,casual,Thursday,0,189
2021-04,casual,Thursday,1,91
2021-04,casual,Thursday,2,37
2021-04,casual,Thursday,3,31
2021-04,casual,Thursday,4,41
2021-04,casual,Thursday,5,73
2021-04,casual,Thursday,6,166
2021-04,casual,Thursday,7,239
2021-04,casual,Thursday,8,327
2021-04,casual,Thursday,9,271
2021-04,casual,Thursday,10,381
2021-04,casual,Thursday,11,436
2021-04,casual,Thursday,12,574
2021-04,casual,Thursday,13,600
2021-04,casual,Thursday,14,716
2021-04,casual,Thursday,15,827
2021-04,casual,Thursday,16,1108
2021-04,casual,Thursday,17,1600
2021-04,casual,Thursday,18,1560
2021-04,casual,Thursday,19,925
2021-04,casual,Thursday,20,582
2021-04,casual,Thursday,21,524
2021-04,casual,Thursday,22,521
2021-04,casual,Thursday,23,387
2021-04,casual,Friday,0,188
2021-04,casual,Friday,1,106
2021-04,casual,Friday,2,55
2021-04,casual,Friday,3,33
2021-04,casual,Friday,4,49
2021-04,casual,Friday,5,95
2021-04,casual,Friday,6,187
2021-04,casual,Friday,7,339
2021-04,casual,Friday,8,450
2021-04,casual,Friday,9,500
2021-04,casual,Friday,10,735
2021-04,casual,Friday,11,1006
2021-04,casual,Friday,12,1298
2021-04,casual,Friday,13,1457
2021-04,casual,Friday,14,1668
2021-04,casual,Friday,15,1845
2021-04,casual,Friday,16,2120
2021-04,casual,Friday,17,2751
2021-04,casual,Friday,18,2467
2021-04,casual,Friday,19,1789
2021-04,casual,Friday,20,1062
2021-04,casual,Friday,21,830
2021-04,casual,Friday,22,748
2021-04,casual,Friday,23,801
2021-04,casual,Saturday,0,697
2021-04,casual,Saturday,1,443
2021-04,casual,Saturday,2,171
2021-04,casual,Saturday,3,87
2021-04,casual,Saturday,4,87
2021-04,casual,Saturday,5,58
2021-04,casual,Saturday,6,105
2021-04,casual,Saturday,7,155
2021-04,casual,Saturday,8,312
2021-04,casual,Saturday,9,632
2021-04,casual,Saturday,10,1170
2021-04,casual,Saturday,11,1753
2021-04,casual,Saturday,12,2348
2021-04,casual,Saturday,13,2565
2021-04,casual,Saturday,14,2461
2021-04,casual,Saturday,15,2512
2021-04,casual,Saturday,16,2613
2021-04,casual,Saturday,17,2353
2021-04,casual,Saturday,18,1962
2021-04,casual,Saturday,19,1626
2021-04,casual,Saturday,20,903
2021-04,casual,Saturday,21,800
2021-04,casual,Saturday,22,823
2021-04,casual,Saturday,23,772
2021-04,member,Sunday,0,517
2021-04,member,Sunday,1,382
2021-04,member,Sunday,2,141
2021-04,member,Sunday,3,85
2021-04,member,Sunday,4,58
2021-04,member,Sunday,5,77
2021-04,member,Sunday,6,222
2021-04,member,Sunday,7,384
2021-04,member,Sunday,8,594
2021-04,member,Sunday,9,1002
2021-04,member,Sunday,10,1470
2021-04,member,Sunday,11,1952
2021-04,member,Sunday,12,2433
2021-04,member,Sunday,13,2382
2021-04,member,Sunday,14,2331
2021-04,member,Sunday,15,2231
2021-04,member,Sunday,16,2064
2021-04,member,Sunday,17,1892
2021-04,member,Sunday,18,1568
2021-04,member,Sunday,19,1121
2021-04,member,Sunday,20,701
2021-04,member,Sunday,21,511
2021-04,member,Sunday,22,355
2021-04,member,Sunday,23,229
2021-04,member,Monday,0,117
2021-04,member,Monday,1,64
2021-04,member,Monday,2,30
2021-04,member,Monday,3,33
2021-04,member,Monday,4,67
2021-04,member,Monday,5,297
2021-04,member,Monday,6,778
2021-04,member,Monday,7,1489
2021-04,member,Monday,8,1611
2021-04,member,Monday,9,1094
2021-04,member,Monday,10,822
2021-04,member,Monday,11,977
2021-04,member,Monday,12,1266
2021-04,member,Monday,13,1317
2021-04,member,Monday,14,1324
2021-04,member,Monday,15,1710
2021-04,member,Monday,16,2486
2021-04,member,Monday,17,3648
2021-04,member,Monday,18,3100
2021-04,member,Monday,19,2184
2021-04,member,Monday,20,1312
2021-04,member,Monday,21,750
2021-04,member,Monday,22,508
2021-04,member,Monday,23,282
2021-04,member,Tuesday,0,146
2021-04,member,Tuesday,1,62
2021-04,member,Tuesday,2,33
2021-04,member,Tuesday,3,40
2021-04,member,Tuesday,4,60
2021-04,member,Tuesday,5,330
2021-04,member,Tuesday,6,1023
2021-04,member,Tuesday,7,1794
2021-04,member,Tuesday,8,1738
2021-04,member,Tuesday,9,1174
2021-04,member,Tuesday,10,1020
2021-04,member,Tuesday,11,1208
2021-04,member,Tuesday,12,1633
2021-04,member,Tuesday,13,1604
2021-04,member,Tuesday,14,1495
2021-04,member,Tuesday,15,2031
2021-04,member,Tuesday,16,2850
2021-04,member,Tuesday,17,4053
2021-04,member,Tuesday,18,3588
2021-04,member,Tuesday,19,2390
2021-04,member,Tuesday,20,1328
2021-04,member,Tuesday,21,859
2021-04,member,Tuesday,22,615
2021-04,member,Tuesday,23,291
2021-04,member,Wednesday,0,151
2021-04,member,Wednesday,1,56
2021-04,member,Wednesday,2,28
2021-04,member,Wednesday,3,35
2021-04,member,Wednesday,4,58
2021-04,member,Wednesday,5,296
2021-04,member,Wednesday,6,816
2021-04,member,Wednesday,7,1587
2021-04,member,Wednesday,8,1669
2021-04,member,Wednesday,9,1147
2021-04,member,Wednesday,10,911
2021-04,member,Wednesday,11,1128
2021-04,member,Wednesday,12,1380
2021-04,member,Wednesday,13,1258
2021-04,member,Wednesday,14,1290
2021-04,member,Wednesday,15,1492
2021-04,member,Wednesday,16,1860
2021-04,member,Wednesday,17,2896
2021-04,member,Wednesday,18,2707
2021-04,member,Wednesday,19,1757
2021-04,member,Wednesday,20,1013
2021-04,member,Wednesday,21,697
2021-04,member,Wednesday,22,452
2021-04,member,Wednesday,23,263
2021-04,member,Thursday,0,159
2021-04,member,Thursday,1,64
2021-04,member,Thursday,2,37
2021-04,member,Thursday,3,30
2021-04,member,Thursday,4,63
2021-04,member,Thursday,5,316
2021-04,member,Thursday,6,885
2021-04,member,Thursday,7,1627
2021-04,member,Thursday,8,1562
2021-04,member,Thursday,9,1041
2021-04,member,Thursday,10,907
2021-04,member,Thursday,11,968
2021-04,member,Thursday,12,1265
2021-04,member,Thursday,13,1295
2021-04,member,Thursday,14,1457
2021-04,member,Thursday,15,1753
2021-04,member,Thursday,16,2316
2021-04,member,Thursday,17,3350
2021-04,member,Thursday,18,3233
2021-04,member,Thursday,19,2043
2021-04,member,Thursday,20,1301
2021-04,member,Thursday,21,864
2021-04,member,Thursday,22,714
2021-04,member,Thursday,23,445
2021-04,member,Friday,0,228
2021-04,member,Friday,1,90
2021-04,member,Friday,2,39
2021-04,member,Friday,3,31
2021-04,member,Friday,4,58
2021-04,member,Friday,5,374
2021-04,member,Friday,6,964
2021-04,member,Friday,7,1674
2021-04,member,Friday,8,1845
2021-04,member,Friday,9,1419
2021-04,member,Friday,10,1290
2021-04,member,Friday,11,1624
2021-04,member,Friday,12,1952
2021-04,member,Friday,13,1948
2021-04,member,Friday,14,2051
2021-04,member,Friday,15,2452
2021-04,member,Friday,16,3239
2021-04,member,Friday,17,4141
2021-04,member,Friday,18,3590
2021-04,member,Friday,19,2482
2021-04,member,Friday,20,1386
2021-04,member,Friday,21,936
2021-04,member,Friday,22,754
2021-04,member,Friday,23,711
2021-04,member,Saturday,0,480
2021-04,member,Saturday,1,337
2021-04,member,Saturday,2,124
2021-04,member,Saturday,3,49
2021-04,member,Saturday,4,60
2021-04,member,Saturday,5,87
2021-04,member,Saturday,6,263
2021-04,member,Saturday,7,499
2021-04,member,Saturday,8,845
2021-04,member,Saturday,9,1147
2021-04,member,Saturday,10,1619
2021-04,member,Saturday,11,1997
2021-04,member,Saturday,12,2306
2021-04,member,Saturday,13,2090
2021-04,member,Saturday,14,2103
2021-04,member,Saturday,15,2064
2021-04,member,Saturday,16,2161
2021-04,member,Saturday,17,1982
2021-04,member,Saturday,18,1884
2021-04,member,Saturday,19,1464
2021-04,member,Saturday,20,851
2021-04,member,Saturday,21,621
2021-04,member,Saturday,22,591
2021-04,member,Saturday,23,576
2021-05,casual,Sunday,0,2151
2021-05,casual,Sunday,1,1542
2021-05,casual,Sunday,2,878
2021-05,casual,Sunday,3,533
2021-05,casual,Sunday,4,220
2021-05,casual,Sunday,5,216
2021-05,casual,Sunday,6,203
2021-05,casual,Sunday,7,399
2021-05,casual,Sunday,8,866
2021-05,casual,Sunday,9,1702
2021-05,casual,Sunday,10,2911
2021-05,casual,Sunday,11,3920
2021-05,casual,Sunday,12,5242
2021-05,casual,Sunday,13,5783
2021-05,casual,Sunday,14,5867
2021-05,casual,Sunday,15,5745
2021-05,casual,Sunday,16,5555
2021-05,casual,Sunday,17,5091
2021-05,casual,Sunday,18,3721
2021-05,casual,Sunday,19,2778
2021-05,casual,Sunday,20,2222
2021-05,casual,Sunday,21,1506
2021-05,casual,Sunday,22,1170
2021-05,casual,Sunday,23,949
2021-05,casual,Monday,0,573
2021-05,casual,Monday,1,422
2021-05,casual,Monday,2,223
2021-05,casual,Monday,3,144
2021-05,casual,Monday,4,108
2021-05,casual,Monday,5,129
2021-05,casual,Monday,6,295
2021-05,casual,Monday,7,485
2021-05,casual,Monday,8,771
2021-05,casual,Monday,9,876
2021-05,casual,Monday,10,1397
2021-05,casual,Monday,11,1951
2021-05,casual,Monday,12,2498
2021-05,casual,Monday,13,2548
2021-05,casual,Monday,14,2767
2021-05,casual,Monday,15,2709
2021-05,casual,Monday,16,3147
2021-05,casual,Monday,17,3344
2021-05,casual,Monday,18,2794
2021-05,casual,Monday,19,2177
2021-05,casual,Monday,20,1571
2021-05,casual,Monday,21,1303
2021-05,casual,Monday,22,1013
2021-05,casual,Monday,23,633
2021-05,casual,Tuesday,0,310
2021-05,casual,Tuesday,1,180
2021-05,casual,Tuesday,2,91
2021-05,casual,Tuesday,3,70
2021-05,casual,Tuesday,4,38
2021-05,casual,Tuesday,5,100
2021-05,casual,Tuesday,6,239
2021-05,casual,Tuesday,7,488
2021-05,casual,Tuesday,8,613
2021-05,casual,Tuesday,9,596
2021-05,casual,Tuesday,10,706
2021-05,casual,Tuesday,11,875
2021-05,casual,Tuesday,12,1048
2021-05,casual,Tuesday,13,1153
2021-05,casual,Tuesday,14,1231
2021-05,casual,Tuesday,15,1246
2021-05,casual,Tuesday,16,1536
2021-05,casual,Tuesday,17,2065
2021-05,casual,Tuesday,18,1791
2021-05,casual,Tuesday,19,1155
2021-05,casual,Tuesday,20,831
2021-05,casual,Tuesday,21,742
2021-05,casual,Tuesday,22,747
2021-05,casual,Tuesday,23,473
2021-05,casual,Wednesday,0,229
2021-05,casual,Wednesday,1,67
2021-05,casual,Wednesday,2,65
2021-05,casual,Wednesday,3,35
2021-05,casual,Wednesday,4,22
2021-05,casual,Wednesday,5,74
2021-05,casual,Wednesday,6,228
2021-05,casual,Wednesday,7,446
2021-05,casual,Wednesday,8,560
2021-05,casual,Wednesday,9,470
2021-05,casual,Wednesday,10,602
2021-05,casual,Wednesday,11,873
2021-05,casual,Wednesday,12,1107
2021-05,casual,Wednesday,13,1184
2021-05,casual,Wednesday,14,1293
2021-05,casual,Wednesday,15,1575
2021-05,casual,Wednesday,16,1893
2021-05,casual,Wednesday,17,2855
2021-05,casual,Wednesday,18,2809
2021-05,casual,Wednesday,19,2141
2021-05,casual,Wednesday,20,1485
2021-05,casual,Wednesday,21,1141
2021-05,casual,Wednesday,22,1082
2021-05,casual,Wednesday,23,583
2021-05,casual,Thursday,0,317
2021-05,casual,Thursday,1,165
2021-05,casual,Thursday,2,98
2021-05,casual,Thursday,3,47
2021-05,casual,Thursday,4,62
2021-05,casual,Thursday,5,86
2021-05,casual,Thursday,6,289
2021-05,casual,Thursday,7,477
2021-05,casual,Thursday,8,651
2021-05,casual,Thursday,9,571
2021-05,casual,Thursday,10,705
2021-05,casual,Thursday,11,971
2021-05,casual,Thursday,12,1120
2021-05,casual,Thursday,13,1126
2021-05,casual,Thursday,14,1196
2021-05,casual,Thursday,15,1394
2021-05,casual,Thursday,16,1796
2021-05,casual,Thursday,17,2662
2021-05,casual,Thursday,18,2571
2021-05,casual,Thursday,19,1955
2021-05,casual,Thursday,20,1338
2021-05,casual,Thursday,21,1205
2021-05,casual,Thursday,22,918
2021-05,casual,Thursday,23,765
2021-05,casual,Friday,0,442
2021-05,casual,Friday,1,244
2021-05,casual,Friday,2,121
2021-05,casual,Friday,3,71
2021-05,casual,Friday,4,71
2021-05,casual,Friday,5,117
2021-05,casual,Friday,6,282
2021-05,casual,Friday,7,506
2021-05,casual,Friday,8,628
2021-05,casual,Friday,9,763
2021-05,casual,Friday,10,1051
2021-05,casual,Friday,11,1393
2021-05,casual,Friday,12,1728
2021-05,casual,Friday,13,1892
2021-05,casual,Friday,14,1952
2021-05,casual,Friday,15,2204
2021-05,casual,Friday,16,2674
2021-05,casual,Friday,17,3164
2021-05,casual,Friday,18,2900
2021-05,casual,Friday,19,2198
2021-05,casual,Friday,20,1626
2021-05,casual,Friday,21,1338
2021-05,casual,Friday,22,1252
2021-05,casual,Friday,23,1372
2021-05,casual,Saturday,0,1367
2021-05,casual,Saturday,1,1279
2021-05,casual,Saturday,2,671
2021-05,casual,Saturday,3,258
2021-05,casual,Saturday,4,163
2021-05,casual,Saturday,5,156
2021-05,casual,Saturday,6,277
2021-05,casual,Saturday,7,454
2021-05,casual,Saturday,8,914
2021-05,casual,Saturday,9,1846
2021-05,casual,Saturday,10,3055
2021-05,casual,Saturday,11,3698
2021-05,casual,Saturday,12,4700
2021-05,casual,Saturday,13,5210
2021-05,casual,Saturday,14,5387
2021-05,casual,Saturday,15,5259
2021-05,casual,Saturday,16,5623
2021-05,casual,Saturday,17,5186
2021-05,casual,Saturday,18,4629
2021-05,casual,Saturday,19,3796
2021-05,casual,Saturday,20,3017
2021-05,casual,Saturday,21,2627
2021-05,casual,Saturday,22,2450
2021-05,casual,Saturday,23,2251
2021-05,member,Sunday,0,979
2021-05,member,Sunday,1,696
2021-05,member,Sunday,2,415
2021-05,member,Sunday,3,175
2021-05,member,Sunday,4,113
2021-05,member,Sunday,5,145
2021-05,member,Sunday,6,326
2021-05,member,Sunday,7,601
2021-05,member,Sunday,8,1049
2021-05,member,Sunday,9,1615
2021-05,member,Sunday,10,2370
2021-05,member,Sunday,11,2896
2021-05,member,Sunday,12,3466
2021-05,member,Sunday,13,3639
2021-05,member,Sunday,14,3624
2021-05,member,Sunday,15,3706
2021-05,member,Sunday,16,3534
2021-05,member,Sunday,17,3428
2021-05,member,Sunday,18,2650
2021-05,member,Sunday,19,2119
2021-05,member,Sunday,20,1480
2021-05,member,Sunday,21,1030
2021-05,member,Sunday,22,697
2021-05,member,Sunday,23,499
2021-05,member,Monday,0,302
2021-05,member,Monday,1,180
2021-05,member,Monday,2,89
2021-05,member,Monday,3,72
2021-05,member,Monday,4,91
2021-05,member,Monday,5,404
2021-05,member,Monday,6,1071
2021-05,member,Monday,7,1917
2021-05,member,Monday,8,2179
2021-05,member,Monday,9,1595
2021-05,member,Monday,10,1645
2021-05,member,Monday,11,1961
2021-05,member,Monday,12,2259
2021-05,member,Monday,13,2351
2021-05,member,Monday,14,2242
2021-05,member,Monday,15,2788
2021-05,member,Monday,16,3631
2021-05,member,Monday,17,4773
2021-05,member,Monday,18,4143
2021-05,member,Monday,19,3001
2021-05,member,Monday,20,1860
2021-05,member,Monday,21,1192
2021-05,member,Monday,22,716
2021-05,member,Monday,23,383
2021-05,member,Tuesday,0,163
2021-05,member,Tuesday,1,70
2021-05,member,Tuesday,2,50
2021-05,member,Tuesday,3,38
2021-05,member,Tuesday,4,84
2021-05,member,Tuesday,5,446
2021-05,member,Tuesday,6,1245
2021-05,member,Tuesday,7,2381
2021-05,member,Tuesday,8,2185
2021-05,member,Tuesday,9,1371
2021-05,member,Tuesday,10,1099
2021-05,member,Tuesday,11,1400
2021-05,member,Tuesday,12,1644
2021-05,member,Tuesday,13,1646
2021-05,member,Tuesday,14,1551
2021-05,member,Tuesday,15,1999
2021-05,member,Tuesday,16,2803
2021-05,member,Tuesday,17,4098
2021-05,member,Tuesday,18,3261
2021-05,member,Tuesday,19,2077
2021-05,member,Tuesday,20,1325
2021-05,member,Tuesday,21,905
2021-05,member,Tuesday,22,689
2021-05,member,Tuesday,23,383
2021-05,member,Wednesday,0,190
2021-05,member,Wednesday,1,85
2021-05,member,Wednesday,2,41
2021-05,member,Wednesday,3,19
2021-05,member,Wednesday,4,72
2021-05,member,Wednesday,5,416
2021-05,member,Wednesday,6,1072
2021-05,member,Wednesday,7,2074
2021-05,member,Wednesday,8,2096
2021-05,member,Wednesday,9,1280
2021-05,member,Wednesday,10,1158
2021-05,member,Wednesday,11,1463
2021-05,member,Wednesday,12,1925
2021-05,member,Wednesday,13,1894
2021-05,member,Wednesday,14,1803
2021-05,member,Wednesday,15,2235
2021-05,member,Wednesday,16,3352
2021-05,member,Wednesday,17,5047
2021-05,member,Wednesday,18,4501
2021-05,member,Wednesday,19,3175
2021-05,member,Wednesday,20,2074
2021-05,member,Wednesday,21,1322
2021-05,member,Wednesday,22,952
2021-05,member,Wednesday,23,570
2021-05,member,Thursday,0,234
2021-05,member,Thursday,1,113
2021-05,member,Thursday,2,52
2021-05,member,Thursday,3,45
2021-05,member,Thursday,4,71
2021-05,member,Thursday,5,401
2021-05,member,Thursday,6,1080
2021-05,member,Thursday,7,2006
2021-05,member,Thursday,8,2114
2021-05,member,Thursday,9,1392
2021-05,member,Thursday,10,1211
2021-05,member,Thursday,11,1511
2021-05,member,Thursday,12,1794
2021-05,member,Thursday,13,1691
2021-05,member,Thursday,14,1650
2021-05,member,Thursday,15,1872
2021-05,member,Thursday,16,2939
2021-05,member,Thursday,17,4209
2021-05,member,Thursday,18,3765
2021-05,member,Thursday,19,2640
2021-05,member,Thursday,20,1723
2021-05,member,Thursday,21,1171
2021-05,member,Thursday,22,853
2021-05,member,Thursday,23,579
2021-05,member,Friday,0,316
2021-05,member,Friday,1,160
2021-05,member,Friday,2,78
2021-05,member,Friday,3,39
2021-05,member,Friday,4,62
2021-05,member,Friday,5,373
2021-05,member,Friday,6,973
2021-05,member,Friday,7,1821
2021-05,member,Friday,8,2008
2021-05,member,Friday,9,1395
2021-05,member,Friday,10,1356
2021-05,member,Friday,11,1576
2021-05,member,Friday,12,1950
2021-05,member,Friday,13,1974
2021-05,member,Friday,14,2033
2021-05,member,Friday,15,2507
2021-05,member,Friday,16,3177
2021-05,member,Friday,17,3732
2021-05,member,Friday,18,3148
2021-05,member,Friday,19,2234
2021-05,member,Friday,20,1474
2021-05,member,Friday,21,1060
2021-05,member,Friday,22,889
2021-05,member,Friday,23,821
2021-05,member,Saturday,0,841
2021-05,member,Saturday,1,639
2021-05,member,Saturday,2,334
2021-05,member,Saturday,3,165
2021-05,member,Saturday,4,113
2021-05,member,Saturday,5,182
2021-05,member,Saturday,6,479
2021-05,member,Saturday,7,932
2021-05,member,Saturday,8,1574
2021-05,member,Saturday,9,2340
2021-05,member,Saturday,10,3015
2021-05,member,Saturday,11,3191
2021-05,member,Saturday,12,3486
2021-05,member,Saturday,13,3515
2021-05,member,Saturday,14,3546
2021-05,member,Saturday,15,3330
2021-05,member,Saturday,16,3484
2021-05,member,Saturday,17,3279
2021-05,member,Saturday,18,2982
2021-05,member,Saturday,19,2517
2021-05,member,Saturday,20,1950
2021-05,member,Saturday,21,1468
2021-05,member,Saturday,22,1226
2021-05,member,Saturday,23,1177
2021-06,casual,Sunday,0,3046
2021-06,casual,Sunday,1,2272
2021-06,casual,Sunday,2,1845
2021-06,casual,Sunday,3,976
2021-06,casual,Sunday,4,568
2021-06,casual,Sunday,5,356
2021-06,casual,Sunday,6,347
2021-06,casual,Sunday,7,599
2021-06,casual,Sunday,8,1057
2021-06,casual,Sunday,9,2078
2021-06,casual,Sunday,10,3204
2021-06,casual,Sunday,11,4189
2021-06,casual,Sunday,12,5184
2021-06,casual,Sunday,13,5299
2021-06,casual,Sunday,14,5514
2021-06,casual,Sunday,15,5479
2021-06,casual,Sunday,16,5465
2021-06,casual,Sunday,17,4851
2021-06,casual,Sunday,18,3976
2021-06,casual,Sunday,19,3602
2021-06,casual,Sunday,20,2912
2021-06,casual,Sunday,21,2099
2021-06,casual,Sunday,22,1820
2021-06,casual,Sunday,23,985
2021-06,casual,Monday,0,660
2021-06,casual,Monday,1,433
2021-06,casual,Monday,2,250
2021-06,casual,Monday,3,138
2021-06,casual,Monday,4,162
2021-06,casual,Monday,5,197
2021-06,casual,Monday,6,451
2021-06,casual,Monday,7,763
2021-06,casual,Monday,8,978
2021-06,casual,Monday,9,977
2021-06,casual,Monday,10,1118
2021-06,casual,Monday,11,1584
2021-06,casual,Monday,12,1944
2021-06,casual,Monday,13,2119
2021-06,casual,Monday,14,2166
2021-06,casual,Monday,15,2009
2021-06,casual,Monday,16,2428
2021-06,casual,Monday,17,3583
2021-06,casual,Monday,18,3633
2021-06,casual,Monday,19,2872
2021-06,casual,Monday,20,2185
2021-06,casual,Monday,21,1667
2021-06,casual,Monday,22,1392
2021-06,casual,Monday,23,790
2021-06,casual,Tuesday,0,562
2021-06,casual,Tuesday,1,281
2021-06,casual,Tuesday,2,172
2021-06,casual,Tuesday,3,111
2021-06,casual,Tuesday,4,124
2021-06,casual,Tuesday,5,234
2021-06,casual,Tuesday,6,608
2021-06,casual,Tuesday,7,940
2021-06,casual,Tuesday,8,1272
2021-06,casual,Tuesday,9,1224
2021-06,casual,Tuesday,10,1253
2021-06,casual,Tuesday,11,1737
2021-06,casual,Tuesday,12,2311
2021-06,casual,Tuesday,13,2479
2021-06,casual,Tuesday,14,2829
2021-06,casual,Tuesday,15,3026
2021-06,casual,Tuesday,16,3743
2021-06,casual,Tuesday,17,5632
2021-06,casual,Tuesday,18,5150
2021-06,casual,Tuesday,19,4288
2021-06,casual,Tuesday,20,3288
2021-06,casual,Tuesday,21,2382
2021-06,casual,Tuesday,22,2359
2021-06,casual,Tuesday,23,1265
2021-06,casual,Wednesday,0,685
2021-06,casual,Wednesday,1,371
2021-06,casual,Wednesday,2,223
2021-06,casual,Wednesday,3,112
2021-06,casual,Wednesday,4,137
2021-06,casual,Wednesday,5,248
2021-06,casual,Wednesday,6,577
2021-06,casual,Wednesday,7,1073
2021-06,casual,Wednesday,8,1384
2021-06,casual,Wednesday,9,1274
2021-06,casual,Wednesday,10,1449
2021-06,casual,Wednesday,11,1855
2021-06,casual,Wednesday,12,2081
2021-06,casual,Wednesday,13,1960
2021-06,casual,Wednesday,14,2391
2021-06,casual,Wednesday,15,2607
2021-06,casual,Wednesday,16,3704
2021-06,casual,Wednesday,17,5716
2021-06,casual,Wednesday,18,5129
2021-06,casual,Wednesday,19,4547
2021-06,casual,Wednesday,20,3674
2021-06,casual,Wednesday,21,2877
2021-06,casual,Wednesday,22,2366
2021-06,casual,Wednesday,23,1414
2021-06,casual,Thursday,0,565
2021-06,casual,Thursday,1,356
2021-06,casual,Thursday,2,193
2021-06,casual,Thursday,3,115
2021-06,casual,Thursday,4,106
2021-06,casual,Thursday,5,195
2021-06,casual,Thursday,6,537
2021-06,casual,Thursday,7,924
2021-06,casual,Thursday,8,1195
2021-06,casual,Thursday,9,1061
2021-06,casual,Thursday,10,1367
2021-06,casual,Thursday,11,1505
2021-06,casual,Thursday,12,1815
2021-06,casual,Thursday,13,2013
2021-06,casual,Thursday,14,1941
2021-06,casual,Thursday,15,2343
2021-06,casual,Thursday,16,3083
2021-06,casual,Thursday,17,4037
2021-06,casual,Thursday,18,4344
2021-06,casual,Thursday,19,3767
2021-06,casual,Thursday,20,3113
2021-06,casual,Thursday,21,2438
2021-06,casual,Thursday,22,2194
2021-06,casual,Thursday,23,1546
2021-06,casual,Friday,0,955
2021-06,casual,Friday,1,582
2021-06,casual,Friday,2,346
2021-06,casual,Friday,3,207
2021-06,casual,Friday,4,119
2021-06,casual,Friday,5,134
2021-06,casual,Friday,6,348
2021-06,casual,Friday,7,629
2021-06,casual,Friday,8,861
2021-06,casual,Friday,9,1019
2021-06,casual,Friday,10,1475
2021-06,casual,Friday,11,1883
2021-06,casual,Friday,12,2492
2021-06,casual,Friday,13,2971
2021-06,casual,Friday,14,3222
2021-06,casual,Friday,15,3587
2021-06,casual,Friday,16,4444
2021-06,casual,Friday,17,5442
2021-06,casual,Friday,18,5047
2021-06,casual,Friday,19,4360
2021-06,casual,Friday,20,3366
2021-06,casual,Friday,21,2923
2021-06,casual,Friday,22,2653
2021-06,casual,Friday,23,2836
2021-06,casual,Saturday,0,2494
2021-06,casual,Saturday,1,2191
2021-06,casual,Saturday,2,1600
2021-06,casual,Saturday,3,645
2021-06,casual,Saturday,4,371
2021-06,casual,Saturday,5,267
2021-06,casual,Saturday,6,335
2021-06,casual,Saturday,7,578
2021-06,casual,Saturday,8,1226
2021-06,casual,Saturday,9,2290
2021-06,casual,Saturday,10,3734
2021-06,casual,Saturday,11,4846
2021-06,casual,Saturday,12,4978
2021-06,casual,Saturday,13,5646
2021-06,casual,Saturday,14,5094
2021-06,casual,Saturday,15,4695
2021-06,casual,Saturday,16,5133
2021-06,casual,Saturday,17,5328
2021-06,casual,Saturday,18,4640
2021-06,casual,Saturday,19,4354
2021-06,casual,Saturday,20,3857
2021-06,casual,Saturday,21,3311
2021-06,casual,Saturday,22,3366
2021-06,casual,Saturday,23,3443
2021-06,member,Sunday,0,1253
2021-06,member,Sunday,1,920
2021-06,member,Sunday,2,631
2021-06,member,Sunday,3,341
2021-06,member,Sunday,4,198
2021-06,member,Sunday,5,187
2021-06,member,Sunday,6,391
2021-06,member,Sunday,7,712
2021-06,member,Sunday,8,1215
2021-06,member,Sunday,9,1963
2021-06,member,Sunday,10,2648
2021-06,member,Sunday,11,3091
2021-06,member,Sunday,12,3425
2021-06,member,Sunday,13,3407
2021-06,member,Sunday,14,3354
2021-06,member,Sunday,15,3338
2021-06,member,Sunday,16,3520
2021-06,member,Sunday,17,3271
2021-06,member,Sunday,18,2928
2021-06,member,Sunday,19,2587
2021-06,member,Sunday,20,1902
2021-06,member,Sunday,21,1301
2021-06,member,Sunday,22,936
2021-06,member,Sunday,23,399
2021-06,member,Monday,0,256
2021-06,member,Monday,1,128
2021-06,member,Monday,2,73
2021-06,member,Monday,3,62
2021-06,member,Monday,4,102
2021-06,member,Monday,5,526
2021-06,member,Monday,6,1505
2021-06,member,Monday,7,2603
2021-06,member,Monday,8,2707
2021-06,member,Monday,9,1539
2021-06,member,Monday,10,1318
2021-06,member,Monday,11,1636
2021-06,member,Monday,12,2018
2021-06,member,Monday,13,2004
2021-06,member,Monday,14,1999
2021-06,member,Monday,15,2149
2021-06,member,Monday,16,3167
2021-06,member,Monday,17,5258
2021-06,member,Monday,18,5107
2021-06,member,Monday,19,3627
2021-06,member,Monday,20,2351
2021-06,member,Monday,21,1555
2021-06,member,Monday,22,948
2021-06,member,Monday,23,500
2021-06,member,Tuesday,0,265
2021-06,member,Tuesday,1,174
2021-06,member,Tuesday,2,79
2021-06,member,Tuesday,3,63
2021-06,member,Tuesday,4,128
2021-06,member,Tuesday,5,788
2021-06,member,Tuesday,6,2087
2021-06,member,Tuesday,7,3424
2021-06,member,Tuesday,8,3719
2021-06,member,Tuesday,9,2131
2021-06,member,Tuesday,10,1620
2021-06,member,Tuesday,11,2029
2021-06,member,Tuesday,12,2559
2021-06,member,Tuesday,13,2674
2021-06,member,Tuesday,14,2626
2021-06,member,Tuesday,15,3236
2021-06,member,Tuesday,16,5120
2021-06,member,Tuesday,17,7780
2021-06,member,Tuesday,18,6809
2021-06,member,Tuesday,19,5116
2021-06,member,Tuesday,20,3313
2021-06,member,Tuesday,21,2250
2021-06,member,Tuesday,22,1662
2021-06,member,Tuesday,23,908
2021-06,member,Wednesday,0,404
2021-06,member,Wednesday,1,180
2021-06,member,Wednesday,2,112
2021-06,member,Wednesday,3,52
2021-06,member,Wednesday,4,142
2021-06,member,Wednesday,5,764
2021-06,member,Wednesday,6,2150
2021-06,member,Wednesday,7,3813
2021-06,member,Wednesday,8,4072
2021-06,member,Wednesday,9,2388
2021-06,member,Wednesday,10,1947
2021-06,member,Wednesday,11,2376
2021-06,member,Wednesday,12,2699
2021-06,member,Wednesday,13,2394
2021-06,member,Wednesday,14,2414
2021-06,member,Wednesday,15,3242
2021-06,member,Wednesday,16,5232
2021-06,member,Wednesday,17,8057
2021-06,member,Wednesday,18,6859
2021-06,member,Wednesday,19,5191
2021-06,member,Wednesday,20,3740
2021-06,member,Wednesday,21,2741
2021-06,member,Wednesday,22,1845
2021-06,member,Wednesday,23,987
2021-06,member,Thursday,0,356
2021-06,member,Thursday,1,169
2021-06,member,Thursday,2,91
2021-06,member,Thursday,3,57
2021-06,member,Thursday,4,112
2021-06,member,Thursday,5,626
2021-06,member,Thursday,6,1693
2021-06,member,Thursday,7,3086
2021-06,member,Thursday,8,3232
2021-06,member,Thursday,9,1836
2021-06,member,Thursday,10,1576
2021-06,member,Thursday,11,1930
2021-06,member,Thursday,12,2243
2021-06,member,Thursday,13,1984
2021-06,member,Thursday,14,1798
2021-06,member,Thursday,15,2379
2021-06,member,Thursday,16,3708
2021-06,member,Thursday,17,5368
2021-06,member,Thursday,18,4975
2021-06,member,Thursday,19,3904
2021-06,member,Thursday,20,2769
2021-06,member,Thursday,21,2007
2021-06,member,Thursday,22,1621
2021-06,member,Thursday,23,1033
2021-06,member,Friday,0,537
2021-06,member,Friday,1,280
2021-06,member,Friday,2,146
2021-06,member,Friday,3,89
2021-06,member,Friday,4,106
2021-06,member,Friday,5,345
2021-06,member,Friday,6,1036
2021-06,member,Friday,7,1896
2021-06,member,Friday,8,2189
2021-06,member,Friday,9,1473
2021-06,member,Friday,10,1414
2021-06,member,Friday,11,1856
2021-06,member,Friday,12,2203
2021-06,member,Friday,13,2517
2021-06,member,Friday,14,2579
2021-06,member,Friday,15,3105
2021-06,member,Friday,16,4177
2021-06,member,Friday,17,5119
2021-06,member,Friday,18,4599
2021-06,member,Friday,19,3709
2021-06,member,Friday,20,2634
2021-06,member,Friday,21,1965
2021-06,member,Friday,22,1574
2021-06,member,Friday,23,1478
2021-06,member,Saturday,0,1226
2021-06,member,Saturday,1,990
2021-06,member,Saturday,2,576
2021-06,member,Saturday,3,301
2021-06,member,Saturday,4,175
2021-06,member,Saturday,5,238
2021-06,member,Saturday,6,504
2021-06,member,Saturday,7,939
2021-06,member,Saturday,8,1540
2021-06,member,Saturday,9,2453
2021-06,member,Saturday,10,3190
2021-06,member,Saturday,11,3313
2021-06,member,Saturday,12,3047
2021-06,member,Saturday,13,3079
2021-06,member,Saturday,14,2970
2021-06,member,Saturday,15,2613
2021-06,member,Saturday,16,2981
2021-06,member,Saturday,17,3129
2021-06,member,Saturday,18,2716
2021-06,member,Saturday,19,2616
2021-06,member,Saturday,20,2160
2021-06,member,Saturday,21,1824
2021-06,member,Saturday,22,1608
2021-06,member,Saturday,23,1428
2021-07,casual,Sunday,0,2638
2021-07,casual,Sunday,1,2143
2021-07,casual,Sunday,2,1714
2021-07,casual,Sunday,3,966
2021-07,casual,Sunday,4,475
2021-07,casual,Sunday,5,360
2021-07,casual,Sunday,6,339
2021-07,casual,Sunday,7,563
2021-07,casual,Sunday,8,932
2021-07,casual,Sunday,9,1795
2021-07,casual,Sunday,10,2775
2021-07,casual,Sunday,11,3954
2021-07,casual,Sunday,12,4847
2021-07,casual,Sunday,13,5240
2021-07,casual,Sunday,14,5018
2021-07,casual,Sunday,15,5006
2021-07,casual,Sunday,16,5326
2021-07,casual,Sunday,17,5367
2021-07,casual,Sunday,18,4837
2021-07,casual,Sunday,19,4116
2021-07,casual,Sunday,20,3543
2021-07,casual,Sunday,21,2853
2021-07,casual,Sunday,22,2213
2021-07,casual,Sunday,23,1606
2021-07,casual,Monday,0,1026
2021-07,casual,Monday,1,810
2021-07,casual,Monday,2,513
2021-07,casual,Monday,3,310
2021-07,casual,Monday,4,245
2021-07,casual,Monday,5,295
2021-07,casual,Monday,6,611
2021-07,casual,Monday,7,967
2021-07,casual,Monday,8,1233
2021-07,casual,Monday,9,1366
2021-07,casual,Monday,10,1898
2021-07,casual,Monday,11,2448
2021-07,casual,Monday,12,2939
2021-07,casual,Monday,13,3120
2021-07,casual,Monday,14,3226
2021-07,casual,Monday,15,3389
2021-07,casual,Monday,16,3623
2021-07,casual,Monday,17,4456
2021-07,casual,Monday,18,4262
2021-07,casual,Monday,19,3423
2021-07,casual,Monday,20,2631
2021-07,casual,Monday,21,2059
2021-07,casual,Monday,22,1719
2021-07,casual,Monday,23,992
2021-07,casual,Tuesday,0,526
2021-07,casual,Tuesday,1,308
2021-07,casual,Tuesday,2,216
2021-07,casual,Tuesday,3,139
2021-07,casual,Tuesday,4,113
2021-07,casual,Tuesday,5,262
2021-07,casual,Tuesday,6,689
2021-07,casual,Tuesday,7,1131
2021-07,casual,Tuesday,8,1354
2021-07,casual,Tuesday,9,1169
2021-07,casual,Tuesday,10,1398
2021-07,casual,Tuesday,11,1662
2021-07,casual,Tuesday,12,2216
2021-07,casual,Tuesday,13,2281
2021-07,casual,Tuesday,14,2436
2021-07,casual,Tuesday,15,2736
2021-07,casual,Tuesday,16,3392
2021-07,casual,Tuesday,17,4761
2021-07,casual,Tuesday,18,4887
2021-07,casual,Tuesday,19,4024
2021-07,casual,Tuesday,20,3244
2021-07,casual,Tuesday,21,2300
2021-07,casual,Tuesday,22,2182
2021-07,casual,Tuesday,23,1317
2021-07,casual,Wednesday,0,629
2021-07,casual,Wednesday,1,282
2021-07,casual,Wednesday,2,223
2021-07,casual,Wednesday,3,172
2021-07,casual,Wednesday,4,130
2021-07,casual,Wednesday,5,238
2021-07,casual,Wednesday,6,655
2021-07,casual,Wednesday,7,1154
2021-07,casual,Wednesday,8,1437
2021-07,casual,Wednesday,9,1315
2021-07,casual,Wednesday,10,1388
2021-07,casual,Wednesday,11,1882
2021-07,casual,Wednesday,12,2329
2021-07,casual,Wednesday,13,2404
2021-07,casual,Wednesday,14,2485
2021-07,casual,Wednesday,15,2717
2021-07,casual,Wednesday,16,3405
2021-07,casual,Wednesday,17,4955
2021-07,casual,Wednesday,18,4981
2021-07,casual,Wednesday,19,4081
2021-07,casual,Wednesday,20,2786
2021-07,casual,Wednesday,21,2638
2021-07,casual,Wednesday,22,2292
2021-07,casual,Wednesday,23,1305
2021-07,casual,Thursday,0,840
2021-07,casual,Thursday,1,459
2021-07,casual,Thursday,2,276
2021-07,casual,Thursday,3,148
2021-07,casual,Thursday,4,119
2021-07,casual,Thursday,5,260
2021-07,casual,Thursday,6,727
2021-07,casual,Thursday,7,1227
2021-07,casual,Thursday,8,1594
2021-07,casual,Thursday,9,1432
2021-07,casual,Thursday,10,1780
2021-07,casual,Thursday,11,2348
2021-07,casual,Thursday,12,2612
2021-07,casual,Thursday,13,2743
2021-07,casual,Thursday,14,2979
2021-07,casual,Thursday,15,3398
2021-07,casual,Thursday,16,4335
2021-07,casual,Thursday,17,5741
2021-07,casual,Thursday,18,5896
2021-07,casual,Thursday,19,4943
2021-07,casual,Thursday,20,3724
2021-07,casual,Thursday,21,3229
2021-07,casual,Thursday,22,3086
2021-07,casual,Thursday,23,2080
2021-07,casual,Friday,0,1177
2021-07,casual,Friday,1,830
2021-07,casual,Friday,2,461
2021-07,casual,Friday,3,257
2021-07,casual,Friday,4,226
2021-07,casual,Friday,5,277
2021-07,casual,Friday,6,707
2021-07,casual,Friday,7,1203
2021-07,casual,Friday,8,1568
2021-07,casual,Friday,9,1695
2021-07,casual,Friday,10,2436
2021-07,casual,Friday,11,3322
2021-07,casual,Friday,12,4206
2021-07,casual,Friday,13,4483
2021-07,casual,Friday,14,4641
2021-07,casual,Friday,15,5125
2021-07,casual,Friday,16,5651
2021-07,casual,Friday,17,6702
2021-07,casual,Friday,18,6399
2021-07,casual,Friday,19,5016
2021-07,casual,Friday,20,4118
2021-07,casual,Friday,21,3429
2021-07,casual,Friday,22,3441
2021-07,casual,Friday,23,3493
2021-07,casual,Saturday,0,2794
2021-07,casual,Saturday,1,2606
2021-07,casual,Saturday,2,1964
2021-07,casual,Saturday,3,921
2021-07,casual,Saturday,4,429
2021-07,casual,Saturday,5,379
2021-07,casual,Saturday,6,540
2021-07,casual,Saturday,7,909
2021-07,casual,Saturday,8,1760
2021-07,casual,Saturday,9,3374
2021-07,casual,Saturday,10,5013
2021-07,casual,Saturday,11,6481
2021-07,casual,Saturday,12,7944
2021-07,casual,Saturday,13,8394
2021-07,casual,Saturday,14,8494
2021-07,casual,Saturday,15,7964
2021-07,casual,Saturday,16,7159
2021-07,casual,Saturday,17,6209
2021-07,casual,Saturday,18,6169
2021-07,casual,Saturday,19,5321
2021-07,casual,Saturday,20,4377
2021-07,casual,Saturday,21,4155
2021-07,casual,Saturday,22,4335
2021-07,casual,Saturday,23,4019
2021-07,member,Sunday,0,1056
2021-07,member,Sunday,1,855
2021-07,member,Sunday,2,590
2021-07,member,Sunday,3,319
2021-07,member,Sunday,4,210
2021-07,member,Sunday,5,202
2021-07,member,Sunday,6,411
2021-07,member,Sunday,7,672
2021-07,member,Sunday,8,1024
2021-07,member,Sunday,9,1527
2021-07,member,Sunday,10,2005
2021-07,member,Sunday,11,2407
2021-07,member,Sunday,12,2890
2021-07,member,Sunday,13,2938
2021-07,member,Sunday,14,2787
2021-07,member,Sunday,15,2727
2021-07,member,Sunday,16,2833
2021-07,member,Sunday,17,3149
2021-07,member,Sunday,18,2781
2021-07,member,Sunday,19,2413
2021-07,member,Sunday,20,1932
2021-07,member,Sunday,21,1422
2021-07,member,Sunday,22,1111
2021-07,member,Sunday,23,680
2021-07,member,Monday,0,437
2021-07,member,Monday,1,299
2021-07,member,Monday,2,144
2021-07,member,Monday,3,99
2021-07,member,Monday,4,140
2021-07,member,Monday,5,517
2021-07,member,Monday,6,1445
2021-07,member,Monday,7,2309
2021-07,member,Monday,8,2623
2021-07,member,Monday,9,1717
2021-07,member,Monday,10,1627
2021-07,member,Monday,11,1954
2021-07,member,Monday,12,2318
2021-07,member,Monday,13,2314
2021-07,member,Monday,14,2210
2021-07,member,Monday,15,2684
2021-07,member,Monday,16,3617
2021-07,member,Monday,17,5265
2021-07,member,Monday,18,4645
2021-07,member,Monday,19,3489
2021-07,member,Monday,20,2462
2021-07,member,Monday,21,1686
2021-07,member,Monday,22,1096
2021-07,member,Monday,23,565
2021-07,member,Tuesday,0,271
2021-07,member,Tuesday,1,119
2021-07,member,Tuesday,2,87
2021-07,member,Tuesday,3,51
2021-07,member,Tuesday,4,119
2021-07,member,Tuesday,5,605
2021-07,member,Tuesday,6,1874
2021-07,member,Tuesday,7,3280
2021-07,member,Tuesday,8,3415
2021-07,member,Tuesday,9,1826
2021-07,member,Tuesday,10,1494
2021-07,member,Tuesday,11,1842
2021-07,member,Tuesday,12,2134
2021-07,member,Tuesday,13,2070
2021-07,member,Tuesday,14,2065
2021-07,member,Tuesday,15,2631
2021-07,member,Tuesday,16,4256
2021-07,member,Tuesday,17,6426
2021-07,member,Tuesday,18,5610
2021-07,member,Tuesday,19,4170
2021-07,member,Tuesday,20,3003
2021-07,member,Tuesday,21,1947
2021-07,member,Tuesday,22,1393
2021-07,member,Tuesday,23,863
2021-07,member,Wednesday,0,347
2021-07,member,Wednesday,1,166
2021-07,member,Wednesday,2,102
2021-07,member,Wednesday,3,65
2021-07,member,Wednesday,4,129
2021-07,member,Wednesday,5,557
2021-07,member,Wednesday,6,1832
2021-07,member,Wednesday,7,3358
2021-07,member,Wednesday,8,3430
2021-07,member,Wednesday,9,2045
2021-07,member,Wednesday,10,1637
2021-07,member,Wednesday,11,1893
2021-07,member,Wednesday,12,2263
2021-07,member,Wednesday,13,2141
2021-07,member,Wednesday,14,2094
2021-07,member,Wednesday,15,2640
2021-07,member,Wednesday,16,4307
2021-07,member,Wednesday,17,6456
2021-07,member,Wednesday,18,5640
2021-07,member,Wednesday,19,4096
2021-07,member,Wednesday,20,2892
2021-07,member,Wednesday,21,2212
2021-07,member,Wednesday,22,1580
2021-07,member,Wednesday,23,853
2021-07,member,Thursday,0,437
2021-07,member,Thursday,1,249
2021-07,member,Thursday,2,113
2021-07,member,Thursday,3,67
2021-07,member,Thursday,4,147
2021-07,member,Thursday,5,674
2021-07,member,Thursday,6,1923
2021-07,member,Thursday,7,3523
2021-07,member,Thursday,8,3898
2021-07,member,Thursday,9,2407
2021-07,member,Thursday,10,1966
2021-07,member,Thursday,11,2484
2021-07,member,Thursday,12,3027
2021-07,member,Thursday,13,2759
2021-07,member,Thursday,14,2731
2021-07,member,Thursday,15,3366
2021-07,member,Thursday,16,5272
2021-07,member,Thursday,17,7562
2021-07,member,Thursday,18,6502
2021-07,member,Thursday,19,4929
2021-07,member,Thursday,20,3426
2021-07,member,Thursday,21,2555
2021-07,member,Thursday,22,2096
2021-07,member,Thursday,23,1244
2021-07,member,Friday,0,651
2021-07,member,Friday,1,393
2021-07,member,Friday,2,213
2021-07,member,Friday,3,133
2021-07,member,Friday,4,176
2021-07,member,Friday,5,635
2021-07,member,Friday,6,1866
2021-07,member,Friday,7,3013
2021-07,member,Friday,8,3379
2021-07,member,Friday,9,2425
2021-07,member,Friday,10,2158
2021-07,member,Friday,11,2790
2021-07,member,Friday,12,3435
2021-07,member,Friday,13,3532
2021-07,member,Friday,14,3619
2021-07,member,Friday,15,4229
2021-07,member,Friday,16,5311
2021-07,member,Friday,17,6318
2021-07,member,Friday,18,5494
2021-07,member,Friday,19,4174
2021-07,member,Friday,20,3050
2021-07,member,Friday,21,2275
2021-07,member,Friday,22,2035
2021-07,member,Friday,23,1808
2021-07,member,Saturday,0,1389
2021-07,member,Saturday,1,1205
2021-07,member,Saturday,2,794
2021-07,member,Saturday,3,323
2021-07,member,Saturday,4,214
2021-07,member,Saturday,5,378
2021-07,member,Saturday,6,705
2021-07,member,Saturday,7,1236
2021-07,member,Saturday,8,2074
2021-07,member,Saturday,9,3019
2021-07,member,Saturday,10,3835
2021-07,member,Saturday,11,4310
2021-07,member,Saturday,12,4452
2021-07,member,Saturday,13,4324
2021-07,member,Saturday,14,4277
2021-07,member,Saturday,15,3926
2021-07,member,Saturday,16,3680
2021-07,member,Saturday,17,3514
2021-07,member,Saturday,18,3506
2021-07,member,Saturday,19,3072
2021-07,member,Saturday,20,2342
2021-07,member,Saturday,21,2087
2021-07,member,Saturday,22,1995
2021-07,member,Saturday,23,1772
2021-08,casual,Sunday,0,3277
2021-08,casual,Sunday,1,2499
2021-08,casual,Sunday,2,1937
2021-08,casual,Sunday,3,1099
2021-08,casual,Sunday,4,571
2021-08,casual,Sunday,5,456
2021-08,casual,Sunday,6,529
2021-08,casual,Sunday,7,849
2021-08,casual,Sunday,8,1430
2021-08,casual,Sunday,9,2447
2021-08,casual,Sunday,10,4219
2021-08,casual,Sunday,11,5805
2021-08,casual,Sunday,12,6444
2021-08,casual,Sunday,13,7189
2021-08,casual,Sunday,14,7100
2021-08,casual,Sunday,15,7209
2021-08,casual,Sunday,16,6838
2021-08,casual,Sunday,17,6168
2021-08,casual,Sunday,18,5049
2021-08,casual,Sunday,19,4375
2021-08,casual,Sunday,20,3063
2021-08,casual,Sunday,21,2607
2021-08,casual,Sunday,22,2357
2021-08,casual,Sunday,23,1648
2021-08,casual,Monday,0,804
2021-08,casual,Monday,1,477
2021-08,casual,Monday,2,348
2021-08,casual,Monday,3,255
2021-08,casual,Monday,4,297
2021-08,casual,Monday,5,328
2021-08,casual,Monday,6,757
2021-08,casual,Monday,7,1369
2021-08,casual,Monday,8,1637
2021-08,casual,Monday,9,1421
2021-08,casual,Monday,10,1666
2021-08,casual,Monday,11,2244
2021-08,casual,Monday,12,2668
2021-08,casual,Monday,13,2969
2021-08,casual,Monday,14,3090
2021-08,casual,Monday,15,3432
2021-08,casual,Monday,16,4025
2021-08,casual,Monday,17,5143
2021-08,casual,Monday,18,4888
2021-08,casual,Monday,19,3787
2021-08,casual,Monday,20,2641
2021-08,casual,Monday,21,2088
2021-08,casual,Monday,22,1714
2021-08,casual,Monday,23,1108
2021-08,casual,Tuesday,0,562
2021-08,casual,Tuesday,1,345
2021-08,casual,Tuesday,2,188
2021-08,casual,Tuesday,3,112
2021-08,casual,Tuesday,4,132
2021-08,casual,Tuesday,5,345
2021-08,casual,Tuesday,6,802
2021-08,casual,Tuesday,7,1486
2021-08,casual,Tuesday,8,1708
2021-08,casual,Tuesday,9,1494
2021-08,casual,Tuesday,10,1780
2021-08,casual,Tuesday,11,2207
2021-08,casual,Tuesday,12,2486
2021-08,casual,Tuesday,13,2537
2021-08,casual,Tuesday,14,2703
2021-08,casual,Tuesday,15,3149
2021-08,casual,Tuesday,16,3966
2021-08,casual,Tuesday,17,5751
2021-08,casual,Tuesday,18,4909
2021-08,casual,Tuesday,19,3720
2021-08,casual,Tuesday,20,1991
2021-08,casual,Tuesday,21,1819
2021-08,casual,Tuesday,22,1527
2021-08,casual,Tuesday,23,972
2021-08,casual,Wednesday,0,464
2021-08,casual,Wednesday,1,252
2021-08,casual,Wednesday,2,167
2021-08,casual,Wednesday,3,89
2021-08,casual,Wednesday,4,121
2021-08,casual,Wednesday,5,247
2021-08,casual,Wednesday,6,607
2021-08,casual,Wednesday,7,1112
2021-08,casual,Wednesday,8,1389
2021-08,casual,Wednesday,9,1260
2021-08,casual,Wednesday,10,1128
2021-08,casual,Wednesday,11,1438
2021-08,casual,Wednesday,12,1896
2021-08,casual,Wednesday,13,2205
2021-08,casual,Wednesday,14,2153
2021-08,casual,Wednesday,15,2553
2021-08,casual,Wednesday,16,3204
2021-08,casual,Wednesday,17,4927
2021-08,casual,Wednesday,18,4396
2021-08,casual,Wednesday,19,3157
2021-08,casual,Wednesday,20,2347
2021-08,casual,Wednesday,21,2026
2021-08,casual,Wednesday,22,1538
2021-08,casual,Wednesday,23,823
2021-08,casual,Thursday,0,527
2021-08,casual,Thursday,1,290
2021-08,casual,Thursday,2,182
2021-08,casual,Thursday,3,126
2021-08,casual,Thursday,4,128
2021-08,casual,Thursday,5,273
2021-08,casual,Thursday,6,651
2021-08,casual,Thursday,7,1157
2021-08,casual,Thursday,8,1328
2021-08,casual,Thursday,9,1237
2021-08,casual,Thursday,10,1577
2021-08,casual,Thursday,11,1986
2021-08,casual,Thursday,12,2359
2021-08,casual,Thursday,13,2474
2021-08,casual,Thursday,14,2552
2021-08,casual,Thursday,15,2743
2021-08,casual,Thursday,16,3519
2021-08,casual,Thursday,17,5192
2021-08,casual,Thursday,18,4845
2021-08,casual,Thursday,19,3936
2021-08,casual,Thursday,20,3047
2021-08,casual,Thursday,21,2603
2021-08,casual,Thursday,22,2084
2021-08,casual,Thursday,23,1541
2021-08,casual,Friday,0,1212
2021-08,casual,Friday,1,909
2021-08,casual,Friday,2,408
2021-08,casual,Friday,3,211
2021-08,casual,Friday,4,221
2021-08,casual,Friday,5,262
2021-08,casual,Friday,6,612
2021-08,casual,Friday,7,1040
2021-08,casual,Friday,8,1371
2021-08,casual,Friday,9,1502
2021-08,casual,Friday,10,2030
2021-08,casual,Friday,11,2494
2021-08,casual,Friday,12,3383
2021-08,casual,Friday,13,3327
2021-08,casual,Friday,14,3800
2021-08,casual,Friday,15,4114
2021-08,casual,Friday,16,4525
2021-08,casual,Friday,17,5497
2021-08,casual,Friday,18,5404
2021-08,casual,Friday,19,4593
2021-08,casual,Friday,20,3215
2021-08,casual,Friday,21,2703
2021-08,casual,Friday,22,2356
2021-08,casual,Friday,23,2420
2021-08,casual,Saturday,0,2061
2021-08,casual,Saturday,1,1830
2021-08,casual,Saturday,2,1196
2021-08,casual,Saturday,3,660
2021-08,casual,Saturday,4,344
2021-08,casual,Saturday,5,314
2021-08,casual,Saturday,6,434
2021-08,casual,Saturday,7,864
2021-08,casual,Saturday,8,1538
2021-08,casual,Saturday,9,2715
2021-08,casual,Saturday,10,4363
2021-08,casual,Saturday,11,5611
2021-08,casual,Saturday,12,5985
2021-08,casual,Saturday,13,6579
2021-08,casual,Saturday,14,6359
2021-08,casual,Saturday,15,6256
2021-08,casual,Saturday,16,5912
2021-08,casual,Saturday,17,5970
2021-08,casual,Saturday,18,5789
2021-08,casual,Saturday,19,4606
2021-08,casual,Saturday,20,3685
2021-08,casual,Saturday,21,3197
2021-08,casual,Saturday,22,3255
2021-08,casual,Saturday,23,3063
2021-08,member,Sunday,0,1496
2021-08,member,Sunday,1,1163
2021-08,member,Sunday,2,676
2021-08,member,Sunday,3,392
2021-08,member,Sunday,4,284
2021-08,member,Sunday,5,293
2021-08,member,Sunday,6,578
2021-08,member,Sunday,7,978
2021-08,member,Sunday,8,1667
2021-08,member,Sunday,9,2292
2021-08,member,Sunday,10,3289
2021-08,member,Sunday,11,3953
2021-08,member,Sunday,12,4349
2021-08,member,Sunday,13,4255
2021-08,member,Sunday,14,4367
2021-08,member,Sunday,15,4316
2021-08,member,Sunday,16,4399
2021-08,member,Sunday,17,4013
2021-08,member,Sunday,18,3650
2021-08,member,Sunday,19,3190
2021-08,member,Sunday,20,2196
2021-08,member,Sunday,21,1667
2021-08,member,Sunday,22,1195
2021-08,member,Sunday,23,782
2021-08,member,Monday,0,370
2021-08,member,Monday,1,235
2021-08,member,Monday,2,134
2021-08,member,Monday,3,92
2021-08,member,Monday,4,181
2021-08,member,Monday,5,710
2021-08,member,Monday,6,2098
2021-08,member,Monday,7,3720
2021-08,member,Monday,8,3981
2021-08,member,Monday,9,2201
2021-08,member,Monday,10,1803
2021-08,member,Monday,11,2384
2021-08,member,Monday,12,2802
2021-08,member,Monday,13,2707
2021-08,member,Monday,14,2609
2021-08,member,Monday,15,3354
2021-08,member,Monday,16,5229
2021-08,member,Monday,17,7299
2021-08,member,Monday,18,6098
2021-08,member,Monday,19,4428
2021-08,member,Monday,20,2863
2021-08,member,Monday,21,1891
2021-08,member,Monday,22,1314
2021-08,member,Monday,23,651
2021-08,member,Tuesday,0,301
2021-08,member,Tuesday,1,166
2021-08,member,Tuesday,2,116
2021-08,member,Tuesday,3,64
2021-08,member,Tuesday,4,160
2021-08,member,Tuesday,5,834
2021-08,member,Tuesday,6,2449
2021-08,member,Tuesday,7,4323
2021-08,member,Tuesday,8,4756
2021-08,member,Tuesday,9,2654
2021-08,member,Tuesday,10,1998
2021-08,member,Tuesday,11,2544
2021-08,member,Tuesday,12,3053
2021-08,member,Tuesday,13,2824
2021-08,member,Tuesday,14,2714
2021-08,member,Tuesday,15,3489
2021-08,member,Tuesday,16,5621
2021-08,member,Tuesday,17,8291
2021-08,member,Tuesday,18,6135
2021-08,member,Tuesday,19,4127
2021-08,member,Tuesday,20,2320
2021-08,member,Tuesday,21,1815
2021-08,member,Tuesday,22,1257
2021-08,member,Tuesday,23,670
2021-08,member,Wednesday,0,253
2021-08,member,Wednesday,1,134
2021-08,member,Wednesday,2,91
2021-08,member,Wednesday,3,46
2021-08,member,Wednesday,4,127
2021-08,member,Wednesday,5,658
2021-08,member,Wednesday,6,1772
2021-08,member,Wednesday,7,3393
2021-08,member,Wednesday,8,3538
2021-08,member,Wednesday,9,2085
2021-08,member,Wednesday,10,1566
2021-08,member,Wednesday,11,1740
2021-08,member,Wednesday,12,2288
2021-08,member,Wednesday,13,2241
2021-08,member,Wednesday,14,2104
2021-08,member,Wednesday,15,2769
2021-08,member,Wednesday,16,4521
2021-08,member,Wednesday,17,6584
2021-08,member,Wednesday,18,5472
2021-08,member,Wednesday,19,3698
2021-08,member,Wednesday,20,2646
2021-08,member,Wednesday,21,1841
2021-08,member,Wednesday,22,1160
2021-08,member,Wednesday,23,681
2021-08,member,Thursday,0,351
2021-08,member,Thursday,1,154
2021-08,member,Thursday,2,97
2021-08,member,Thursday,3,49
2021-08,member,Thursday,4,128
2021-08,member,Thursday,5,612
2021-08,member,Thursday,6,1779
2021-08,member,Thursday,7,3220
2021-08,member,Thursday,8,3487
2021-08,member,Thursday,9,2087
2021-08,member,Thursday,10,1724
2021-08,member,Thursday,11,2125
2021-08,member,Thursday,12,2746
2021-08,member,Thursday,13,2424
2021-08,member,Thursday,14,2273
2021-08,member,Thursday,15,2887
2021-08,member,Thursday,16,4466
2021-08,member,Thursday,17,6282
2021-08,member,Thursday,18,5433
2021-08,member,Thursday,19,3997
2021-08,member,Thursday,20,2866
2021-08,member,Thursday,21,2105
2021-08,member,Thursday,22,1565
2021-08,member,Thursday,23,1000
2021-08,member,Friday,0,627
2021-08,member,Friday,1,341
2021-08,member,Friday,2,200
2021-08,member,Friday,3,85
2021-08,member,Friday,4,131
2021-08,member,Friday,5,542
2021-08,member,Friday,6,1594
2021-08,member,Friday,7,2566
2021-08,member,Friday,8,2964
2021-08,member,Friday,9,2020
2021-08,member,Friday,10,1921
2021-08,member,Friday,11,2305
2021-08,member,Friday,12,2875
2021-08,member,Friday,13,2709
2021-08,member,Friday,14,2755
2021-08,member,Friday,15,3372
2021-08,member,Friday,16,4347
2021-08,member,Friday,17,5310
2021-08,member,Friday,18,4796
2021-08,member,Friday,19,3658
2021-08,member,Friday,20,2545
2021-08,member,Friday,21,1849
2021-08,member,Friday,22,1473
2021-08,member,Friday,23,1372
2021-08,member,Saturday,0,1125
2021-08,member,Saturday,1,843
2021-08,member,Saturday,2,519
2021-08,member,Saturday,3,300
2021-08,member,Saturday,4,176
2021-08,member,Saturday,5,286
2021-08,member,Saturday,6,599
2021-08,member,Saturday,7,1067
2021-08,member,Saturday,8,1781
2021-08,member,Saturday,9,2596
2021-08,member,Saturday,10,3328
2021-08,member,Saturday,11,3706
2021-08,member,Saturday,12,3786
2021-08,member,Saturday,13,3593
2021-08,member,Saturday,14,3291
2021-08,member,Saturday,15,3400
2021-08,member,Saturday,16,3156
2021-08,member,Saturday,17,3348
2021-08,member,Saturday,18,3339
2021-08,member,Saturday,19,2977
2021-08,member,Saturday,20,2260
2021-08,member,Saturday,21,1835
2021-08,member,Saturday,22,1683
2021-08,member,Saturday,23,1474
2021-09,casual,Sunday,0,2454
2021-09,casual,Sunday,1,1616
2021-09,casual,Sunday,2,1081
2021-09,casual,Sunday,3,603
2021-09,casual,Sunday,4,430
2021-09,casual,Sunday,5,321
2021-09,casual,Sunday,6,448
2021-09,casual,Sunday,7,750
2021-09,casual,Sunday,8,1197
2021-09,casual,Sunday,9,2323
2021-09,casual,Sunday,10,3762
2021-09,casual,Sunday,11,5004
2021-09,casual,Sunday,12,5049
2021-09,casual,Sunday,13,5344
2021-09,casual,Sunday,14,5417
2021-09,casual,Sunday,15,5883
2021-09,casual,Sunday,16,5448
2021-09,casual,Sunday,17,5157
2021-09,casual,Sunday,18,4431
2021-09,casual,Sunday,19,3381
2021-09,casual,Sunday,20,2321
2021-09,casual,Sunday,21,2021
2021-09,casual,Sunday,22,2038
2021-09,casual,Sunday,23,1225
2021-09,casual,Monday,0,809
2021-09,casual,Monday,1,538
2021-09,casual,Monday,2,374
2021-09,casual,Monday,3,281
2021-09,casual,Monday,4,282
2021-09,casual,Monday,5,266
2021-09,casual,Monday,6,537
2021-09,casual,Monday,7,986
2021-09,casual,Monday,8,1181
2021-09,casual,Monday,9,1442
2021-09,casual,Monday,10,1871
2021-09,casual,Monday,11,2324
2021-09,casual,Monday,12,2999
2021-09,casual,Monday,13,3067
2021-09,casual,Monday,14,3057
2021-09,casual,Monday,15,3355
2021-09,casual,Monday,16,3776
2021-09,casual,Monday,17,4298
2021-09,casual,Monday,18,3789
2021-09,casual,Monday,19,2693
2021-09,casual,Monday,20,1783
2021-09,casual,Monday,21,1366
2021-09,casual,Monday,22,1158
2021-09,casual,Monday,23,659
2021-09,casual,Tuesday,0,337
2021-09,casual,Tuesday,1,197
2021-09,casual,Tuesday,2,150
2021-09,casual,Tuesday,3,86
2021-09,casual,Tuesday,4,99
2021-09,casual,Tuesday,5,226
2021-09,casual,Tuesday,6,609
2021-09,casual,Tuesday,7,1131
2021-09,casual,Tuesday,8,1258
2021-09,casual,Tuesday,9,1102
2021-09,casual,Tuesday,10,1130
2021-09,casual,Tuesday,11,1433
2021-09,casual,Tuesday,12,1731
2021-09,casual,Tuesday,13,1773
2021-09,casual,Tuesday,14,1731
2021-09,casual,Tuesday,15,1811
2021-09,casual,Tuesday,16,2326
2021-09,casual,Tuesday,17,3379
2021-09,casual,Tuesday,18,3371
2021-09,casual,Tuesday,19,2440
2021-09,casual,Tuesday,20,1710
2021-09,casual,Tuesday,21,1441
2021-09,casual,Tuesday,22,1159
2021-09,casual,Tuesday,23,777
2021-09,casual,Wednesday,0,484
2021-09,casual,Wednesday,1,247
2021-09,casual,Wednesday,2,162
2021-09,casual,Wednesday,3,109
2021-09,casual,Wednesday,4,106
2021-09,casual,Wednesday,5,283
2021-09,casual,Wednesday,6,732
2021-09,casual,Wednesday,7,1525
2021-09,casual,Wednesday,8,1696
2021-09,casual,Wednesday,9,1385
2021-09,casual,Wednesday,10,1363
2021-09,casual,Wednesday,11,1810
2021-09,casual,Wednesday,12,2127
2021-09,casual,Wednesday,13,2217
2021-09,casual,Wednesday,14,2385
2021-09,casual,Wednesday,15,2833
2021-09,casual,Wednesday,16,3540
2021-09,casual,Wednesday,17,5242
2021-09,casual,Wednesday,18,4964
2021-09,casual,Wednesday,19,3632
2021-09,casual,Wednesday,20,2511
2021-09,casual,Wednesday,21,2190
2021-09,casual,Wednesday,22,1835
2021-09,casual,Wednesday,23,1077
2021-09,casual,Thursday,0,605
2021-09,casual,Thursday,1,335
2021-09,casual,Thursday,2,188
2021-09,casual,Thursday,3,131
2021-09,casual,Thursday,4,141
2021-09,casual,Thursday,5,307
2021-09,casual,Thursday,6,778
2021-09,casual,Thursday,7,1492
2021-09,casual,Thursday,8,1746
2021-09,casual,Thursday,9,1403
2021-09,casual,Thursday,10,1522
2021-09,casual,Thursday,11,1925
2021-09,casual,Thursday,12,2267
2021-09,casual,Thursday,13,2413
2021-09,casual,Thursday,14,2619
2021-09,casual,Thursday,15,3023
2021-09,casual,Thursday,16,3929
2021-09,casual,Thursday,17,5797
2021-09,casual,Thursday,18,5508
2021-09,casual,Thursday,19,3972
2021-09,casual,Thursday,20,2712
2021-09,casual,Thursday,21,2584
2021-09,casual,Thursday,22,2641
2021-09,casual,Thursday,23,1945
2021-09,casual,Friday,0,926
2021-09,casual,Friday,1,526
2021-09,casual,Friday,2,316
2021-09,casual,Friday,3,185
2021-09,casual,Friday,4,160
2021-09,casual,Friday,5,257
2021-09,casual,Friday,6,723
2021-09,casual,Friday,7,1150
2021-09,casual,Friday,8,1417
2021-09,casual,Friday,9,1502
2021-09,casual,Friday,10,1904
2021-09,casual,Friday,11,2431
2021-09,casual,Friday,12,2997
2021-09,casual,Friday,13,3134
2021-09,casual,Friday,14,2938
2021-09,casual,Friday,15,3518
2021-09,casual,Friday,16,4364
2021-09,casual,Friday,17,4946
2021-09,casual,Friday,18,4558
2021-09,casual,Friday,19,2979
2021-09,casual,Friday,20,1968
2021-09,casual,Friday,21,2091
2021-09,casual,Friday,22,2286
2021-09,casual,Friday,23,1941
2021-09,casual,Saturday,0,1760
2021-09,casual,Saturday,1,1443
2021-09,casual,Saturday,2,798
2021-09,casual,Saturday,3,427
2021-09,casual,Saturday,4,224
2021-09,casual,Saturday,5,242
2021-09,casual,Saturday,6,445
2021-09,casual,Saturday,7,790
2021-09,casual,Saturday,8,1709
2021-09,casual,Saturday,9,2637
2021-09,casual,Saturday,10,3794
2021-09,casual,Saturday,11,4619
2021-09,casual,Saturday,12,5389
2021-09,casual,Saturday,13,5662
2021-09,casual,Saturday,14,5658
2021-09,casual,Saturday,15,5892
2021-09,casual,Saturday,16,5687
2021-09,casual,Saturday,17,5472
2021-09,casual,Saturday,18,5058
2021-09,casual,Saturday,19,3879
2021-09,casual,Saturday,20,2780
2021-09,casual,Saturday,21,2550
2021-09,casual,Saturday,22,3263
2021-09,casual,Saturday,23,3033
2021-09,member,Sunday,0,1157
2021-09,member,Sunday,1,771
2021-09,member,Sunday,2,505
2021-09,member,Sunday,3,300
2021-09,member,Sunday,4,219
2021-09,member,Sunday,5,240
2021-09,member,Sunday,6,469
2021-09,member,Sunday,7,804
2021-09,member,Sunday,8,1317
2021-09,member,Sunday,9,2132
2021-09,member,Sunday,10,2868
2021-09,member,Sunday,11,3383
2021-09,member,Sunday,12,3471
2021-09,member,Sunday,13,3366
2021-09,member,Sunday,14,3305
2021-09,member,Sunday,15,3613
2021-09,member,Sunday,16,3634
2021-09,member,Sunday,17,3468
2021-09,member,Sunday,18,3448
2021-09,member,Sunday,19,2455
2021-09,member,Sunday,20,1727
2021-09,member,Sunday,21,1315
2021-09,member,Sunday,22,1186
2021-09,member,Sunday,23,652
2021-09,member,Monday,0,405
2021-09,member,Monday,1,248
2021-09,member,Monday,2,131
2021-09,member,Monday,3,100
2021-09,member,Monday,4,148
2021-09,member,Monday,5,490
2021-09,member,Monday,6,1393
2021-09,member,Monday,7,2561
2021-09,member,Monday,8,2689
2021-09,member,Monday,9,1994
2021-09,member,Monday,10,1819
2021-09,member,Monday,11,2281
2021-09,member,Monday,12,2705
2021-09,member,Monday,13,2622
2021-09,member,Monday,14,2612
2021-09,member,Monday,15,3144
2021-09,member,Monday,16,4451
2021-09,member,Monday,17,5754
2021-09,member,Monday,18,4714
2021-09,member,Monday,19,3274
2021-09,member,Monday,20,2026
2021-09,member,Monday,21,1441
2021-09,member,Monday,22,932
2021-09,member,Monday,23,500
2021-09,member,Tuesday,0,212
2021-09,member,Tuesday,1,125
2021-09,member,Tuesday,2,74
2021-09,member,Tuesday,3,45
2021-09,member,Tuesday,4,97
2021-09,member,Tuesday,5,642
2021-09,member,Tuesday,6,1856
2021-09,member,Tuesday,7,3486
2021-09,member,Tuesday,8,3676
2021-09,member,Tuesday,9,2234
2021-09,member,Tuesday,10,1705
2021-09,member,Tuesday,11,2083
2021-09,member,Tuesday,12,2599
2021-09,member,Tuesday,13,2409
2021-09,member,Tuesday,14,2226
2021-09,member,Tuesday,15,2673
2021-09,member,Tuesday,16,4300
2021-09,member,Tuesday,17,6263
2021-09,member,Tuesday,18,5307
2021-09,member,Tuesday,19,3484
2021-09,member,Tuesday,20,2229
2021-09,member,Tuesday,21,1717
2021-09,member,Tuesday,22,1171
2021-09,member,Tuesday,23,601
2021-09,member,Wednesday,0,359
2021-09,member,Wednesday,1,161
2021-09,member,Wednesday,2,81
2021-09,member,Wednesday,3,46
2021-09,member,Wednesday,4,155
2021-09,member,Wednesday,5,805
2021-09,member,Wednesday,6,2391
2021-09,member,Wednesday,7,4486
2021-09,member,Wednesday,8,4905
2021-09,member,Wednesday,9,2857
2021-09,member,Wednesday,10,2118
2021-09,member,Wednesday,11,2609
2021-09,member,Wednesday,12,3340
2021-09,member,Wednesday,13,2957
2021-09,member,Wednesday,14,3053
2021-09,member,Wednesday,15,3978
2021-09,member,Wednesday,16,6111
2021-09,member,Wednesday,17,8449
2021-09,member,Wednesday,18,6985
2021-09,member,Wednesday,19,4801
2021-09,member,Wednesday,20,3136
2021-09,member,Wednesday,21,2454
2021-09,member,Wednesday,22,1679
2021-09,member,Wednesday,23,992
2021-09,member,Thursday,0,458
2021-09,member,Thursday,1,194
2021-09,member,Thursday,2,70
2021-09,member,Thursday,3,60
2021-09,member,Thursday,4,142
2021-09,member,Thursday,5,703
2021-09,member,Thursday,6,2330
2021-09,member,Thursday,7,4290
2021-09,member,Thursday,8,4702
2021-09,member,Thursday,9,2844
2021-09,member,Thursday,10,2290
2021-09,member,Thursday,11,2823
2021-09,member,Thursday,12,3501
2021-09,member,Thursday,13,3161
2021-09,member,Thursday,14,3171
2021-09,member,Thursday,15,4138
2021-09,member,Thursday,16,6173
2021-09,member,Thursday,17,8354
2021-09,member,Thursday,18,7089
2021-09,member,Thursday,19,4806
2021-09,member,Thursday,20,3107
2021-09,member,Thursday,21,2640
2021-09,member,Thursday,22,2043
2021-09,member,Thursday,23,1363
2021-09,member,Friday,0,551
2021-09,member,Friday,1,321
2021-09,member,Friday,2,151
2021-09,member,Friday,3,92
2021-09,member,Friday,4,136
2021-09,member,Friday,5,503
2021-09,member,Friday,6,1669
2021-09,member,Friday,7,2856
2021-09,member,Friday,8,3191
2021-09,member,Friday,9,2184
2021-09,member,Friday,10,2030
2021-09,member,Friday,11,2431
2021-09,member,Friday,12,2996
2021-09,member,Friday,13,2801
2021-09,member,Friday,14,2789
2021-09,member,Friday,15,3376
2021-09,member,Friday,16,4911
2021-09,member,Friday,17,5295
2021-09,member,Friday,18,4535
2021-09,member,Friday,19,2988
2021-09,member,Friday,20,1915
2021-09,member,Friday,21,1648
2021-09,member,Friday,22,1532
2021-09,member,Friday,23,1245
2021-09,member,Saturday,0,978
2021-09,member,Saturday,1,762
2021-09,member,Saturday,2,428
2021-09,member,Saturday,3,217
2021-09,member,Saturday,4,150
2021-09,member,Saturday,5,258
2021-09,member,Saturday,6,598
2021-09,member,Saturday,7,1053
2021-09,member,Saturday,8,1845
2021-09,member,Saturday,9,2450
2021-09,member,Saturday,10,3053
2021-09,member,Saturday,11,3391
2021-09,member,Saturday,12,3574
2021-09,member,Saturday,13,3505
2021-09,member,Saturday,14,3410
2021-09,member,Saturday,15,3604
2021-09,member,Saturday,16,3471
2021-09,member,Saturday,17,3651
2021-09,member,Saturday,18,3260
2021-09,member,Saturday,19,2539
2021-09,member,Saturday,20,1969
2021-09,member,Saturday,21,1654
2021-09,member,Saturday,22,1659
2021-09,member,Saturday,23,1464
2021-10,casual,Sunday,0,1968
2021-10,casual,Sunday,1,1594
2021-10,casual,Sunday,2,1232
2021-10,casual,Sunday,3,586
2021-10,casual,Sunday,4,335
2021-10,casual,Sunday,5,336
2021-10,casual,Sunday,6,538
2021-10,casual,Sunday,7,836
2021-10,casual,Sunday,8,1516
2021-10,casual,Sunday,9,2581
2021-10,casual,Sunday,10,3730
2021-10,casual,Sunday,11,4392
2021-10,casual,Sunday,12,3911
2021-10,casual,Sunday,13,3897
2021-10,casual,Sunday,14,4060
2021-10,casual,Sunday,15,4827
2021-10,casual,Sunday,16,3848
2021-10,casual,Sunday,17,3201
2021-10,casual,Sunday,18,2655
2021-10,casual,Sunday,19,1693
2021-10,casual,Sunday,20,1205
2021-10,casual,Sunday,21,1117
2021-10,casual,Sunday,22,1054
2021-10,casual,Sunday,23,675
2021-10,casual,Monday,0,390
2021-10,casual,Monday,1,184
2021-10,casual,Monday,2,118
2021-10,casual,Monday,3,95
2021-10,casual,Monday,4,107
2021-10,casual,Monday,5,140
2021-10,casual,Monday,6,378
2021-10,casual,Monday,7,722
2021-10,casual,Monday,8,891
2021-10,casual,Monday,9,839
2021-10,casual,Monday,10,1112
2021-10,casual,Monday,11,1438
2021-10,casual,Monday,12,1624
2021-10,casual,Monday,13,1640
2021-10,casual,Monday,14,1360
2021-10,casual,Monday,15,1362
2021-10,casual,Monday,16,1741
2021-10,casual,Monday,17,2093
2021-10,casual,Monday,18,1723
2021-10,casual,Monday,19,1123
2021-10,casual,Monday,20,850
2021-10,casual,Monday,21,740
2021-10,casual,Monday,22,619
2021-10,casual,Monday,23,432
2021-10,casual,Tuesday,0,214
2021-10,casual,Tuesday,1,162
2021-10,casual,Tuesday,2,74
2021-10,casual,Tuesday,3,66
2021-10,casual,Tuesday,4,77
2021-10,casual,Tuesday,5,181
2021-10,casual,Tuesday,6,419
2021-10,casual,Tuesday,7,989
2021-10,casual,Tuesday,8,1110
2021-10,casual,Tuesday,9,1002
2021-10,casual,Tuesday,10,992
2021-10,casual,Tuesday,11,1142
2021-10,casual,Tuesday,12,1370
2021-10,casual,Tuesday,13,1531
2021-10,casual,Tuesday,14,1515
2021-10,casual,Tuesday,15,1766
2021-10,casual,Tuesday,16,2338
2021-10,casual,Tuesday,17,3195
2021-10,casual,Tuesday,18,2813
2021-10,casual,Tuesday,19,1799
2021-10,casual,Tuesday,20,1210
2021-10,casual,Tuesday,21,1161
2021-10,casual,Tuesday,22,986
2021-10,casual,Tuesday,23,568
2021-10,casual,Wednesday,0,339
2021-10,casual,Wednesday,1,145
2021-10,casual,Wednesday,2,90
2021-10,casual,Wednesday,3,75
2021-10,casual,Wednesday,4,71
2021-10,casual,Wednesday,5,179
2021-10,casual,Wednesday,6,452
2021-10,casual,Wednesday,7,1053
2021-10,casual,Wednesday,8,1207
2021-10,casual,Wednesday,9,971
2021-10,casual,Wednesday,10,1030
2021-10,casual,Wednesday,11,1247
2021-10,casual,Wednesday,12,1485
2021-10,casual,Wednesday,13,1518
2021-10,casual,Wednesday,14,1382
2021-10,casual,Wednesday,15,1510
2021-10,casual,Wednesday,16,2128
2021-10,casual,Wednesday,17,2896
2021-10,casual,Wednesday,18,2583
2021-10,casual,Wednesday,19,1855
2021-10,casual,Wednesday,20,1322
2021-10,casual,Wednesday,21,1192
2021-10,casual,Wednesday,22,1059
2021-10,casual,Wednesday,23,705
2021-10,casual,Thursday,0,371
2021-10,casual,Thursday,1,196
2021-10,casual,Thursday,2,116
2021-10,casual,Thursday,3,75
2021-10,casual,Thursday,4,92
2021-10,casual,Thursday,5,185
2021-10,casual,Thursday,6,293
2021-10,casual,Thursday,7,728
2021-10,casual,Thursday,8,971
2021-10,casual,Thursday,9,795
2021-10,casual,Thursday,10,804
2021-10,casual,Thursday,11,901
2021-10,casual,Thursday,12,1005
2021-10,casual,Thursday,13,976
2021-10,casual,Thursday,14,1152
2021-10,casual,Thursday,15,1455
2021-10,casual,Thursday,16,1826
2021-10,casual,Thursday,17,2412
2021-10,casual,Thursday,18,2139
2021-10,casual,Thursday,19,1554
2021-10,casual,Thursday,20,998
2021-10,casual,Thursday,21,1086
2021-10,casual,Thursday,22,1173
2021-10,casual,Thursday,23,697
2021-10,casual,Friday,0,634
2021-10,casual,Friday,1,419
2021-10,casual,Friday,2,205
2021-10,casual,Friday,3,157
2021-10,casual,Friday,4,139
2021-10,casual,Friday,5,250
2021-10,casual,Friday,6,532
2021-10,casual,Friday,7,1061
2021-10,casual,Friday,8,1277
2021-10,casual,Friday,9,1245
2021-10,casual,Friday,10,1494
2021-10,casual,Friday,11,1954
2021-10,casual,Friday,12,2126
2021-10,casual,Friday,13,2365
2021-10,casual,Friday,14,2503
2021-10,casual,Friday,15,2776
2021-10,casual,Friday,16,3125
2021-10,casual,Friday,17,3868
2021-10,casual,Friday,18,3655
2021-10,casual,Friday,19,2535
2021-10,casual,Friday,20,1779
2021-10,casual,Friday,21,1721
2021-10,casual,Friday,22,1679
2021-10,casual,Friday,23,1511
2021-10,casual,Saturday,0,1563
2021-10,casual,Saturday,1,1550
2021-10,casual,Saturday,2,920
2021-10,casual,Saturday,3,422
2021-10,casual,Saturday,4,199
2021-10,casual,Saturday,5,200
2021-10,casual,Saturday,6,355
2021-10,casual,Saturday,7,647
2021-10,casual,Saturday,8,1308
2021-10,casual,Saturday,9,2361
2021-10,casual,Saturday,10,3817
2021-10,casual,Saturday,11,4770
2021-10,casual,Saturday,12,5462
2021-10,casual,Saturday,13,5777
2021-10,casual,Saturday,14,5901
2021-10,casual,Saturday,15,5605
2021-10,casual,Saturday,16,4843
2021-10,casual,Saturday,17,4428
2021-10,casual,Saturday,18,3887
2021-10,casual,Saturday,19,3027
2021-10,casual,Saturday,20,2194
2021-10,casual,Saturday,21,2097
2021-10,casual,Saturday,22,2147
2021-10,casual,Saturday,23,2268
2021-10,member,Sunday,0,1367
2021-10,member,Sunday,1,1158
2021-10,member,Sunday,2,705
2021-10,member,Sunday,3,435
2021-10,member,Sunday,4,241
2021-10,member,Sunday,5,301
2021-10,member,Sunday,6,570
2021-10,member,Sunday,7,907
2021-10,member,Sunday,8,1610
2021-10,member,Sunday,9,2433
2021-10,member,Sunday,10,3286
2021-10,member,Sunday,11,3704
2021-10,member,Sunday,12,3478
2021-10,member,Sunday,13,3330
2021-10,member,Sunday,14,3316
2021-10,member,Sunday,15,3902
2021-10,member,Sunday,16,3619
2021-10,member,Sunday,17,3392
2021-10,member,Sunday,18,3188
2021-10,member,Sunday,19,2127
2021-10,member,Sunday,20,1580
2021-10,member,Sunday,21,1140
2021-10,member,Sunday,22,854
2021-10,member,Sunday,23,578
2021-10,member,Monday,0,275
2021-10,member,Monday,1,99
2021-10,member,Monday,2,84
2021-10,member,Monday,3,52
2021-10,member,Monday,4,81
2021-10,member,Monday,5,470
2021-10,member,Monday,6,1262
2021-10,member,Monday,7,2411
2021-10,member,Monday,8,2794
2021-10,member,Monday,9,1657
2021-10,member,Monday,10,1562
2021-10,member,Monday,11,2100
2021-10,member,Monday,12,2444
2021-10,member,Monday,13,2293
2021-10,member,Monday,14,1992
2021-10,member,Monday,15,2310
2021-10,member,Monday,16,3640
2021-10,member,Monday,17,4985
2021-10,member,Monday,18,3810
2021-10,member,Monday,19,2508
2021-10,member,Monday,20,1654
2021-10,member,Monday,21,1276
2021-10,member,Monday,22,767
2021-10,member,Monday,23,465
2021-10,member,Tuesday,0,203
2021-10,member,Tuesday,1,107
2021-10,member,Tuesday,2,58
2021-10,member,Tuesday,3,35
2021-10,member,Tuesday,4,108
2021-10,member,Tuesday,5,681
2021-10,member,Tuesday,6,1750
2021-10,member,Tuesday,7,3717
2021-10,member,Tuesday,8,4197
2021-10,member,Tuesday,9,2506
2021-10,member,Tuesday,10,1853
2021-10,member,Tuesday,11,2244
2021-10,member,Tuesday,12,2769
2021-10,member,Tuesday,13,2676
2021-10,member,Tuesday,14,2483
2021-10,member,Tuesday,15,3369
2021-10,member,Tuesday,16,5039
2021-10,member,Tuesday,17,7125
2021-10,member,Tuesday,18,5720
2021-10,member,Tuesday,19,3642
2021-10,member,Tuesday,20,2460
2021-10,member,Tuesday,21,1956
2021-10,member,Tuesday,22,1232
2021-10,member,Tuesday,23,635
2021-10,member,Wednesday,0,289
2021-10,member,Wednesday,1,155
2021-10,member,Wednesday,2,70
2021-10,member,Wednesday,3,50
2021-10,member,Wednesday,4,97
2021-10,member,Wednesday,5,610
2021-10,member,Wednesday,6,1841
2021-10,member,Wednesday,7,3677
2021-10,member,Wednesday,8,4484
2021-10,member,Wednesday,9,2657
2021-10,member,Wednesday,10,2116
2021-10,member,Wednesday,11,2391
2021-10,member,Wednesday,12,2979
2021-10,member,Wednesday,13,2889
2021-10,member,Wednesday,14,2416
2021-10,member,Wednesday,15,3001
2021-10,member,Wednesday,16,4843
2021-10,member,Wednesday,17,6771
2021-10,member,Wednesday,18,5487
2021-10,member,Wednesday,19,3462
2021-10,member,Wednesday,20,2373
2021-10,member,Wednesday,21,1940
2021-10,member,Wednesday,22,1303
2021-10,member,Wednesday,23,804
2021-10,member,Thursday,0,402
2021-10,member,Thursday,1,172
2021-10,member,Thursday,2,56
2021-10,member,Thursday,3,56
2021-10,member,Thursday,4,94
2021-10,member,Thursday,5,516
2021-10,member,Thursday,6,1228
2021-10,member,Thursday,7,2624
2021-10,member,Thursday,8,3574
2021-10,member,Thursday,9,2330
2021-10,member,Thursday,10,1817
2021-10,member,Thursday,11,1958
2021-10,member,Thursday,12,2276
2021-10,member,Thursday,13,2123
2021-10,member,Thursday,14,2017
2021-10,member,Thursday,15,2795
2021-10,member,Thursday,16,4113
2021-10,member,Thursday,17,5197
2021-10,member,Thursday,18,4265
2021-10,member,Thursday,19,2893
2021-10,member,Thursday,20,1916
2021-10,member,Thursday,21,1671
2021-10,member,Thursday,22,1451
2021-10,member,Thursday,23,797
2021-10,member,Friday,0,614
2021-10,member,Friday,1,374
2021-10,member,Friday,2,189
2021-10,member,Friday,3,98
2021-10,member,Friday,4,144
2021-10,member,Friday,5,624
2021-10,member,Friday,6,1649
2021-10,member,Friday,7,3155
2021-10,member,Friday,8,3666
2021-10,member,Friday,9,2703
2021-10,member,Friday,10,2272
2021-10,member,Friday,11,2883
2021-10,member,Friday,12,3251
2021-10,member,Friday,13,3359
2021-10,member,Friday,14,3239
2021-10,member,Friday,15,3652
2021-10,member,Friday,16,5058
2021-10,member,Friday,17,6040
2021-10,member,Friday,18,5073
2021-10,member,Friday,19,3409
2021-10,member,Friday,20,2248
2021-10,member,Friday,21,1939
2021-10,member,Friday,22,1673
2021-10,member,Friday,23,1448
2021-10,member,Saturday,0,1212
2021-10,member,Saturday,1,1009
2021-10,member,Saturday,2,629
2021-10,member,Saturday,3,296
2021-10,member,Saturday,4,177
2021-10,member,Saturday,5,220
2021-10,member,Saturday,6,566
2021-10,member,Saturday,7,1163
2021-10,member,Saturday,8,1999
2021-10,member,Saturday,9,3030
2021-10,member,Saturday,10,3838
2021-10,member,Saturday,11,4490
2021-10,member,Saturday,12,4834
2021-10,member,Saturday,13,4714
2021-10,member,Saturday,14,4868
2021-10,member,Saturday,15,4611
2021-10,member,Saturday,16,4226
2021-10,member,Saturday,17,4303
2021-10,member,Saturday,18,3912
2021-10,member,Saturday,19,3092
2021-10,member,Saturday,20,2239
2021-10,member,Saturday,21,1931
2021-10,member,Saturday,22,1777
2021-10,member,Saturday,23,1675
2021-11,casual,Sunday,0,571
2021-11,casual,Sunday,1,478
2021-11,casual,Sunday,2,255
2021-11,casual,Sunday,3,143
2021-11,casual,Sunday,4,90
2021-11,casual,Sunday,5,104
2021-11,casual,Sunday,6,199
2021-11,casual,Sunday,7,197
2021-11,casual,Sunday,8,303
2021-11,casual,Sunday,9,665
2021-11,casual,Sunday,10,1056
2021-11,casual,Sunday,11,1375
2021-11,casual,Sunday,12,1466
2021-11,casual,Sunday,13,1690
2021-11,casual,Sunday,14,1787
2021-11,casual,Sunday,15,1917
2021-11,casual,Sunday,16,1457
2021-11,casual,Sunday,17,980
2021-11,casual,Sunday,18,657
2021-11,casual,Sunday,19,521
2021-11,casual,Sunday,20,397
2021-11,casual,Sunday,21,337
2021-11,casual,Sunday,22,283
2021-11,casual,Sunday,23,192
2021-11,casual,Monday,0,165
2021-11,casual,Monday,1,75
2021-11,casual,Monday,2,84
2021-11,casual,Monday,3,47
2021-11,casual,Monday,4,69
2021-11,casual,Monday,5,129
2021-11,casual,Monday,6,278
2021-11,casual,Monday,7,607
2021-11,casual,Monday,8,675
2021-11,casual,Monday,9,543
2021-11,casual,Monday,10,620
2021-11,casual,Monday,11,703
2021-11,casual,Monday,12,856
2021-11,casual,Monday,13,878
2021-11,casual,Monday,14,872
2021-11,casual,Monday,15,1200
2021-11,casual,Monday,16,1241
2021-11,casual,Monday,17,1453
2021-11,casual,Monday,18,1201
2021-11,casual,Monday,19,873
2021-11,casual,Monday,20,636
2021-11,casual,Monday,21,594
2021-11,casual,Monday,22,476
2021-11,casual,Monday,23,299
2021-11,casual,Tuesday,0,151
2021-11,casual,Tuesday,1,82
2021-11,casual,Tuesday,2,48
2021-11,casual,Tuesday,3,35
2021-11,casual,Tuesday,4,54
2021-11,casual,Tuesday,5,136
2021-11,casual,Tuesday,6,295
2021-11,casual,Tuesday,7,736
2021-11,casual,Tuesday,8,728
2021-11,casual,Tuesday,9,625
2021-11,casual,Tuesday,10,661
2021-11,casual,Tuesday,11,727
2021-11,casual,Tuesday,12,930
2021-11,casual,Tuesday,13,908
2021-11,casual,Tuesday,14,928
2021-11,casual,Tuesday,15,1289
2021-11,casual,Tuesday,16,1456
2021-11,casual,Tuesday,17,1718
2021-11,casual,Tuesday,18,1352
2021-11,casual,Tuesday,19,979
2021-11,casual,Tuesday,20,636
2021-11,casual,Tuesday,21,572
2021-11,casual,Tuesday,22,518
2021-11,casual,Tuesday,23,320
2021-11,casual,Wednesday,0,142
2021-11,casual,Wednesday,1,75
2021-11,casual,Wednesday,2,65
2021-11,casual,Wednesday,3,41
2021-11,casual,Wednesday,4,48
2021-11,casual,Wednesday,5,119
2021-11,casual,Wednesday,6,271
2021-11,casual,Wednesday,7,596
2021-11,casual,Wednesday,8,641
2021-11,casual,Wednesday,9,578
2021-11,casual,Wednesday,10,548
2021-11,casual,Wednesday,11,692
2021-11,casual,Wednesday,12,785
2021-11,casual,Wednesday,13,760
2021-11,casual,Wednesday,14,784
2021-11,casual,Wednesday,15,931
2021-11,casual,Wednesday,16,1083
2021-11,casual,Wednesday,17,1386
2021-11,casual,Wednesday,18,1235
2021-11,casual,Wednesday,19,871
2021-11,casual,Wednesday,20,602
2021-11,casual,Wednesday,21,578
2021-11,casual,Wednesday,22,509
2021-11,casual,Wednesday,23,283
2021-11,casual,Thursday,0,205
2021-11,casual,Thursday,1,177
2021-11,casual,Thursday,2,147
2021-11,casual,Thursday,3,66
2021-11,casual,Thursday,4,61
2021-11,casual,Thursday,5,89
2021-11,casual,Thursday,6,224
2021-11,casual,Thursday,7,396
2021-11,casual,Thursday,8,411
2021-11,casual,Thursday,9,355
2021-11,casual,Thursday,10,408
2021-11,casual,Thursday,11,504
2021-11,casual,Thursday,12,628
2021-11,casual,Thursday,13,660
2021-11,casual,Thursday,14,695
2021-11,casual,Thursday,15,809
2021-11,casual,Thursday,16,898
2021-11,casual,Thursday,17,1050
2021-11,casual,Thursday,18,912
2021-11,casual,Thursday,19,684
2021-11,casual,Thursday,20,483
2021-11,casual,Thursday,21,407
2021-11,casual,Thursday,22,437
2021-11,casual,Thursday,23,308
2021-11,casual,Friday,0,221
2021-11,casual,Friday,1,136
2021-11,casual,Friday,2,96
2021-11,casual,Friday,3,64
2021-11,casual,Friday,4,50
2021-11,casual,Friday,5,84
2021-11,casual,Friday,6,195
2021-11,casual,Friday,7,364
2021-11,casual,Friday,8,429
2021-11,casual,Friday,9,457
2021-11,casual,Friday,10,555
2021-11,casual,Friday,11,651
2021-11,casual,Friday,12,793
2021-11,casual,Friday,13,884
2021-11,casual,Friday,14,882
2021-11,casual,Friday,15,950
2021-11,casual,Friday,16,1091
2021-11,casual,Friday,17,1079
2021-11,casual,Friday,18,1044
2021-11,casual,Friday,19,788
2021-11,casual,Friday,20,521
2021-11,casual,Friday,21,463
2021-11,casual,Friday,22,511
2021-11,casual,Friday,23,477
2021-11,casual,Saturday,0,442
2021-11,casual,Saturday,1,369
2021-11,casual,Saturday,2,230
2021-11,casual,Saturday,3,156
2021-11,casual,Saturday,4,63
2021-11,casual,Saturday,5,70
2021-11,casual,Saturday,6,107
2021-11,casual,Saturday,7,179
2021-11,casual,Saturday,8,326
2021-11,casual,Saturday,9,625
2021-11,casual,Saturday,10,990
2021-11,casual,Saturday,11,1211
2021-11,casual,Saturday,12,1538
2021-11,casual,Saturday,13,1764
2021-11,casual,Saturday,14,1993
2021-11,casual,Saturday,15,1899
2021-11,casual,Saturday,16,1850
2021-11,casual,Saturday,17,1553
2021-11,casual,Saturday,18,1318
2021-11,casual,Saturday,19,971
2021-11,casual,Saturday,20,711
2021-11,casual,Saturday,21,626
2021-11,casual,Saturday,22,654
2021-11,casual,Saturday,23,579
2021-11,member,Sunday,0,599
2021-11,member,Sunday,1,476
2021-11,member,Sunday,2,224
2021-11,member,Sunday,3,129
2021-11,member,Sunday,4,122
2021-11,member,Sunday,5,128
2021-11,member,Sunday,6,303
2021-11,member,Sunday,7,420
2021-11,member,Sunday,8,704
2021-11,member,Sunday,9,1284
2021-11,member,Sunday,10,1728
2021-11,member,Sunday,11,2130
2021-11,member,Sunday,12,2263
2021-11,member,Sunday,13,2293
2021-11,member,Sunday,14,2303
2021-11,member,Sunday,15,2454
2021-11,member,Sunday,16,2299
2021-11,member,Sunday,17,1732
2021-11,member,Sunday,18,1350
2021-11,member,Sunday,19,1045
2021-11,member,Sunday,20,786
2021-11,member,Sunday,21,601
2021-11,member,Sunday,22,450
2021-11,member,Sunday,23,277
2021-11,member,Monday,0,221
2021-11,member,Monday,1,115
2021-11,member,Monday,2,60
2021-11,member,Monday,3,50
2021-11,member,Monday,4,109
2021-11,member,Monday,5,574
2021-11,member,Monday,6,1586
2021-11,member,Monday,7,2963
2021-11,member,Monday,8,3555
2021-11,member,Monday,9,2074
2021-11,member,Monday,10,1586
2021-11,member,Monday,11,2012
2021-11,member,Monday,12,2291
2021-11,member,Monday,13,2260
2021-11,member,Monday,14,2289
2021-11,member,Monday,15,2972
2021-11,member,Monday,16,4146
2021-11,member,Monday,17,4998
2021-11,member,Monday,18,3683
2021-11,member,Monday,19,2448
2021-11,member,Monday,20,1692
2021-11,member,Monday,21,1237
2021-11,member,Monday,22,843
2021-11,member,Monday,23,503
2021-11,member,Tuesday,0,232
2021-11,member,Tuesday,1,96
2021-11,member,Tuesday,2,51
2021-11,member,Tuesday,3,37
2021-11,member,Tuesday,4,94
2021-11,member,Tuesday,5,615
2021-11,member,Tuesday,6,1643
2021-11,member,Tuesday,7,3499
2021-11,member,Tuesday,8,4208
2021-11,member,Tuesday,9,2268
2021-11,member,Tuesday,10,1903
2021-11,member,Tuesday,11,2037
2021-11,member,Tuesday,12,2613
2021-11,member,Tuesday,13,2629
2021-11,member,Tuesday,14,2397
2021-11,member,Tuesday,15,3493
2021-11,member,Tuesday,16,4737
2021-11,member,Tuesday,17,5698
2021-11,member,Tuesday,18,4251
2021-11,member,Tuesday,19,2791
2021-11,member,Tuesday,20,1973
2021-11,member,Tuesday,21,1429
2021-11,member,Tuesday,22,982
2021-11,member,Tuesday,23,583
2021-11,member,Wednesday,0,245
2021-11,member,Wednesday,1,122
2021-11,member,Wednesday,2,53
2021-11,member,Wednesday,3,32
2021-11,member,Wednesday,4,70
2021-11,member,Wednesday,5,498
2021-11,member,Wednesday,6,1330
2021-11,member,Wednesday,7,2681
2021-11,member,Wednesday,8,3138
2021-11,member,Wednesday,9,1965
2021-11,member,Wednesday,10,1491
2021-11,member,Wednesday,11,1833
2021-11,member,Wednesday,12,2051
2021-11,member,Wednesday,13,2154
2021-11,member,Wednesday,14,1959
2021-11,member,Wednesday,15,2354
2021-11,member,Wednesday,16,3227
2021-11,member,Wednesday,17,4152
2021-11,member,Wednesday,18,3194
2021-11,member,Wednesday,19,2104
2021-11,member,Wednesday,20,1514
2021-11,member,Wednesday,21,1204
2021-11,member,Wednesday,22,836
2021-11,member,Wednesday,23,491
2021-11,member,Thursday,0,298
2021-11,member,Thursday,1,161
2021-11,member,Thursday,2,86
2021-11,member,Thursday,3,70
2021-11,member,Thursday,4,79
2021-11,member,Thursday,5,377
2021-11,member,Thursday,6,1014
2021-11,member,Thursday,7,1979
2021-11,member,Thursday,8,2083
2021-11,member,Thursday,9,1362
2021-11,member,Thursday,10,1091
2021-11,member,Thursday,11,1389
2021-11,member,Thursday,12,1689
2021-11,member,Thursday,13,1647
2021-11,member,Thursday,14,1501
2021-11,member,Thursday,15,2084
2021-11,member,Thursday,16,2713
2021-11,member,Thursday,17,3367
2021-11,member,Thursday,18,2664
2021-11,member,Thursday,19,1805
2021-11,member,Thursday,20,1248
2021-11,member,Thursday,21,957
2021-11,member,Thursday,22,742
2021-11,member,Thursday,23,513
2021-11,member,Friday,0,264
2021-11,member,Friday,1,151
2021-11,member,Friday,2,68
2021-11,member,Friday,3,59
2021-11,member,Friday,4,69
2021-11,member,Friday,5,349
2021-11,member,Friday,6,825
2021-11,member,Friday,7,1578
2021-11,member,Friday,8,1984
2021-11,member,Friday,9,1433
2021-11,member,Friday,10,1375
2021-11,member,Friday,11,1502
2021-11,member,Friday,12,1743
2021-11,member,Friday,13,1806
2021-11,member,Friday,14,1923
2021-11,member,Friday,15,2134
2021-11,member,Friday,16,2657
2021-11,member,Friday,17,2706
2021-11,member,Friday,18,2244
2021-11,member,Friday,19,1513
2021-11,member,Friday,20,1097
2021-11,member,Friday,21,745
2021-11,member,Friday,22,714
2021-11,member,Friday,23,631
2021-11,member,Saturday,0,533
2021-11,member,Saturday,1,386
2021-11,member,Saturday,2,243
2021-11,member,Saturday,3,139
2021-11,member,Saturday,4,81
2021-11,member,Saturday,5,83
2021-11,member,Saturday,6,275
2021-11,member,Saturday,7,529
2021-11,member,Saturday,8,867
2021-11,member,Saturday,9,1366
2021-11,member,Saturday,10,1769
2021-11,member,Saturday,11,1961
2021-11,member,Saturday,12,2227
2021-11,member,Saturday,13,2267
2021-11,member,Saturday,14,2466
2021-11,member,Saturday,15,2567
2021-11,member,Saturday,16,2336
2021-11,member,Saturday,17,2184
2021-11,member,Saturday,18,1850
2021-11,member,Saturday,19,1391
2021-11,member,Saturday,20,998
2021-11,member,Saturday,21,874
2021-11,member,Saturday,22,807
2021-11,member,Saturday,23,651
2021-12,casual,Sunday,0,369
2021-12,casual,Sunday,1,241
2021-12,casual,Sunday,2,201
2021-12,casual,Sunday,3,113
2021-12,casual,Sunday,4,83
2021-12,casual,Sunday,5,63
2021-12,casual,Sunday,6,100
2021-12,casual,Sunday,7,101
2021-12,casual,Sunday,8,198
2021-12,casual,Sunday,9,291
2021-12,casual,Sunday,10,464
2021-12,casual,Sunday,11,616
2021-12,casual,Sunday,12,697
2021-12,casual,Sunday,13,718
2021-12,casual,Sunday,14,803
2021-12,casual,Sunday,15,797
2021-12,casual,Sunday,16,598
2021-12,casual,Sunday,17,401
2021-12,casual,Sunday,18,318
2021-12,casual,Sunday,19,294
2021-12,casual,Sunday,20,223
2021-12,casual,Sunday,21,224
2021-12,casual,Sunday,22,204
2021-12,casual,Sunday,23,158
2021-12,casual,Monday,0,91
2021-12,casual,Monday,1,46
2021-12,casual,Monday,2,32
2021-12,casual,Monday,3,14
2021-12,casual,Monday,4,27
2021-12,casual,Monday,5,70
2021-12,casual,Monday,6,131
2021-12,casual,Monday,7,243
2021-12,casual,Monday,8,283
2021-12,casual,Monday,9,233
2021-12,casual,Monday,10,295
2021-12,casual,Monday,11,456
2021-12,casual,Monday,12,525
2021-12,casual,Monday,13,536
2021-12,casual,Monday,14,580
2021-12,casual,Monday,15,691
2021-12,casual,Monday,16,740
2021-12,casual,Monday,17,670
2021-12,casual,Monday,18,527
2021-12,casual,Monday,19,417
2021-12,casual,Monday,20,287
2021-12,casual,Monday,21,264
2021-12,casual,Monday,22,298
2021-12,casual,Monday,23,150
2021-12,casual,Tuesday,0,63
2021-12,casual,Tuesday,1,50
2021-12,casual,Tuesday,2,31
2021-12,casual,Tuesday,3,21
2021-12,casual,Tuesday,4,38
2021-12,casual,Tuesday,5,66
2021-12,casual,Tuesday,6,116
2021-12,casual,Tuesday,7,238
2021-12,casual,Tuesday,8,321
2021-12,casual,Tuesday,9,280
2021-12,casual,Tuesday,10,274
2021-12,casual,Tuesday,11,352
2021-12,casual,Tuesday,12,348
2021-12,casual,Tuesday,13,419
2021-12,casual,Tuesday,14,384
2021-12,casual,Tuesday,15,453
2021-12,casual,Tuesday,16,550
2021-12,casual,Tuesday,17,557
2021-12,casual,Tuesday,18,461
2021-12,casual,Tuesday,19,355
2021-12,casual,Tuesday,20,248
2021-12,casual,Tuesday,21,212
2021-12,casual,Tuesday,22,206
2021-12,casual,Tuesday,23,104
2021-12,casual,Wednesday,0,95
2021-12,casual,Wednesday,1,50
2021-12,casual,Wednesday,2,46
2021-12,casual,Wednesday,3,44
2021-12,casual,Wednesday,4,44
2021-12,casual,Wednesday,5,95
2021-12,casual,Wednesday,6,189
2021-12,casual,Wednesday,7,390
2021-12,casual,Wednesday,8,444
2021-12,casual,Wednesday,9,344
2021-12,casual,Wednesday,10,384
2021-12,casual,Wednesday,11,549
2021-12,casual,Wednesday,12,638
2021-12,casual,Wednesday,13,702
2021-12,casual,Wednesday,14,768
2021-12,casual,Wednesday,15,845
2021-12,casual,Wednesday,16,932
2021-12,casual,Wednesday,17,979
2021-12,casual,Wednesday,18,863
2021-12,casual,Wednesday,19,607
2021-12,casual,Wednesday,20,477
2021-12,casual,Wednesday,21,410
2021-12,casual,Wednesday,22,395
2021-12,casual,Wednesday,23,245
2021-12,casual,Thursday,0,142
2021-12,casual,Thursday,1,84
2021-12,casual,Thursday,2,62
2021-12,casual,Thursday,3,40
2021-12,casual,Thursday,4,48
2021-12,casual,Thursday,5,78
2021-12,casual,Thursday,6,185
2021-12,casual,Thursday,7,366
2021-12,casual,Thursday,8,473
2021-12,casual,Thursday,9,450
2021-12,casual,Thursday,10,451
2021-12,casual,Thursday,11,609
2021-12,casual,Thursday,12,752
2021-12,casual,Thursday,13,841
2021-12,casual,Thursday,14,889
2021-12,casual,Thursday,15,1033
2021-12,casual,Thursday,16,1130
2021-12,casual,Thursday,17,1188
2021-12,casual,Thursday,18,986
2021-12,casual,Thursday,19,741
2021-12,casual,Thursday,20,502
2021-12,casual,Thursday,21,488
2021-12,casual,Thursday,22,484
2021-12,casual,Thursday,23,394
2021-12,casual,Friday,0,213
2021-12,casual,Friday,1,142
2021-12,casual,Friday,2,95
2021-12,casual,Friday,3,62
2021-12,casual,Friday,4,69
2021-12,casual,Friday,5,95
2021-12,casual,Friday,6,189
2021-12,casual,Friday,7,406
2021-12,casual,Friday,8,484
2021-12,casual,Friday,9,468
2021-12,casual,Friday,10,632
2021-12,casual,Friday,11,793
2021-12,casual,Friday,12,980
2021-12,casual,Friday,13,974
2021-12,casual,Friday,14,1022
2021-12,casual,Friday,15,1016
2021-12,casual,Friday,16,982
2021-12,casual,Friday,17,955
2021-12,casual,Friday,18,787
2021-12,casual,Friday,19,628
2021-12,casual,Friday,20,500
2021-12,casual,Friday,21,386
2021-12,casual,Friday,22,414
2021-12,casual,Friday,23,451
2021-12,casual,Saturday,0,320
2021-12,casual,Saturday,1,338
2021-12,casual,Saturday,2,215
2021-12,casual,Saturday,3,88
2021-12,casual,Saturday,4,59
2021-12,casual,Saturday,5,52
2021-12,casual,Saturday,6,84
2021-12,casual,Saturday,7,124
2021-12,casual,Saturday,8,201
2021-12,casual,Saturday,9,337
2021-12,casual,Saturday,10,578
2021-12,casual,Saturday,11,716
2021-12,casual,Saturday,12,867
2021-12,casual,Saturday,13,905
2021-12,casual,Saturday,14,960
2021-12,casual,Saturday,15,979
2021-12,casual,Saturday,16,867
2021-12,casual,Saturday,17,634
2021-12,casual,Saturday,18,612
2021-12,casual,Saturday,19,523
2021-12,casual,Saturday,20,366
2021-12,casual,Saturday,21,340
2021-12,casual,Saturday,22,370
2021-12,casual,Saturday,23,360
2021-12,member,Sunday,0,435
2021-12,member,Sunday,1,293
2021-12,member,Sunday,2,156
2021-12,member,Sunday,3,97
2021-12,member,Sunday,4,55
2021-12,member,Sunday,5,79
2021-12,member,Sunday,6,206
2021-12,member,Sunday,7,320
2021-12,member,Sunday,8,466
2021-12,member,Sunday,9,731
2021-12,member,Sunday,10,1010
2021-12,member,Sunday,11,1198
2021-12,member,Sunday,12,1180
2021-12,member,Sunday,13,1281
2021-12,member,Sunday,14,1278
2021-12,member,Sunday,15,1367
2021-12,member,Sunday,16,1269
2021-12,member,Sunday,17,894
2021-12,member,Sunday,18,740
2021-12,member,Sunday,19,620
2021-12,member,Sunday,20,463
2021-12,member,Sunday,21,395
2021-12,member,Sunday,22,360
2021-12,member,Sunday,23,194
2021-12,member,Monday,0,88
2021-12,member,Monday,1,50
2021-12,member,Monday,2,23
2021-12,member,Monday,3,27
2021-12,member,Monday,4,55
2021-12,member,Monday,5,303
2021-12,member,Monday,6,693
2021-12,member,Monday,7,1403
2021-12,member,Monday,8,1731
2021-12,member,Monday,9,979
2021-12,member,Monday,10,823
2021-12,member,Monday,11,1065
2021-12,member,Monday,12,1244
2021-12,member,Monday,13,1319
2021-12,member,Monday,14,1328
2021-12,member,Monday,15,1683
2021-12,member,Monday,16,2152
2021-12,member,Monday,17,2438
2021-12,member,Monday,18,1761
2021-12,member,Monday,19,1082
2021-12,member,Monday,20,748
2021-12,member,Monday,21,505
2021-12,member,Monday,22,419
2021-12,member,Monday,23,237
2021-12,member,Tuesday,0,119
2021-12,member,Tuesday,1,72
2021-12,member,Tuesday,2,28
2021-12,member,Tuesday,3,22
2021-12,member,Tuesday,4,62
2021-12,member,Tuesday,5,327
2021-12,member,Tuesday,6,774
2021-12,member,Tuesday,7,1542
2021-12,member,Tuesday,8,1868
2021-12,member,Tuesday,9,1081
2021-12,member,Tuesday,10,883
2021-12,member,Tuesday,11,1134
2021-12,member,Tuesday,12,1209
2021-12,member,Tuesday,13,1127
2021-12,member,Tuesday,14,1105
2021-12,member,Tuesday,15,1507
2021-12,member,Tuesday,16,1961
2021-12,member,Tuesday,17,2285
2021-12,member,Tuesday,18,1793
2021-12,member,Tuesday,19,1070
2021-12,member,Tuesday,20,742
2021-12,member,Tuesday,21,462
2021-12,member,Tuesday,22,387
2021-12,member,Tuesday,23,203
2021-12,member,Wednesday,0,182
2021-12,member,Wednesday,1,72
2021-12,member,Wednesday,2,60
2021-12,member,Wednesday,3,27
2021-12,member,Wednesday,4,85
2021-12,member,Wednesday,5,464
2021-12,member,Wednesday,6,1088
2021-12,member,Wednesday,7,2141
2021-12,member,Wednesday,8,2607
2021-12,member,Wednesday,9,1576
2021-12,member,Wednesday,10,1258
2021-12,member,Wednesday,11,1540
2021-12,member,Wednesday,12,1861
2021-12,member,Wednesday,13,1904
2021-12,member,Wednesday,14,1914
2021-12,member,Wednesday,15,2385
2021-12,member,Wednesday,16,2960
2021-12,member,Wednesday,17,3619
2021-12,member,Wednesday,18,2705
2021-12,member,Wednesday,19,1807
2021-12,member,Wednesday,20,1261
2021-12,member,Wednesday,21,902
2021-12,member,Wednesday,22,679
2021-12,member,Wednesday,23,415
2021-12,member,Thursday,0,228
2021-12,member,Thursday,1,128
2021-12,member,Thursday,2,58
2021-12,member,Thursday,3,42
2021-12,member,Thursday,4,110
2021-12,member,Thursday,5,398
2021-12,member,Thursday,6,1002
2021-12,member,Thursday,7,2065
2021-12,member,Thursday,8,2525
2021-12,member,Thursday,9,1640
2021-12,member,Thursday,10,1344
2021-12,member,Thursday,11,1645
2021-12,member,Thursday,12,1988
2021-12,member,Thursday,13,2019
2021-12,member,Thursday,14,2057
2021-12,member,Thursday,15,2531
2021-12,member,Thursday,16,3200
2021-12,member,Thursday,17,3492
2021-12,member,Thursday,18,2753
2021-12,member,Thursday,19,1777
2021-12,member,Thursday,20,1300
2021-12,member,Thursday,21,975
2021-12,member,Thursday,22,766
2021-12,member,Thursday,23,561
2021-12,member,Friday,0,315
2021-12,member,Friday,1,210
2021-12,member,Friday,2,102
2021-12,member,Friday,3,51
2021-12,member,Friday,4,75
2021-12,member,Friday,5,331
2021-12,member,Friday,6,844
2021-12,member,Friday,7,1657
2021-12,member,Friday,8,1918
2021-12,member,Friday,9,1501
2021-12,member,Friday,10,1458
2021-12,member,Friday,11,1844
2021-12,member,Friday,12,2142
2021-12,member,Friday,13,2182
2021-12,member,Friday,14,2089
2021-12,member,Friday,15,2144
2021-12,member,Friday,16,2196
2021-12,member,Friday,17,2205
2021-12,member,Friday,18,1667
2021-12,member,Friday,19,1280
2021-12,member,Friday,20,872
2021-12,member,Friday,21,687
2021-12,member,Friday,22,642
2021-12,member,Friday,23,566
2021-12,member,Saturday,0,386
2021-12,member,Saturday,1,338
2021-12,member,Saturday,2,178
2021-12,member,Saturday,3,94
2021-12,member,Saturday,4,68
2021-12,member,Saturday,5,82
2021-12,member,Saturday,6,220
2021-12,member,Saturday,7,393
2021-12,member,Saturday,8,603
2021-12,member,Saturday,9,861
2021-12,member,Saturday,10,1152
2021-12,member,Saturday,11,1410
2021-12,member,Saturday,12,1520
2021-12,member,Saturday,13,1586
2021-12,member,Saturday,14,1560
2021-12,member,Saturday,15,1527
2021-12,member,Saturday,16,1486
2021-12,member,Saturday,17,1151
2021-12,member,Saturday,18,1141
2021-12,member,Saturday,19,881
2021-12,member,Saturday,20,633
2021-12,member,Saturday,21,523
2021-12,member,Saturday,22,509
2021-12,member,Saturday,23,454
2022-01,casual,Sunday,0,74
2022-01,casual,Sunday,1,55
2022-01,casual,Sunday,2,40
2022-01,casual,Sunday,3,30
2022-01,casual,Sunday,4,23
2022-01,casual,Sunday,5,17
2022-01,casual,Sunday,6,28
2022-01,casual,Sunday,7,39
2022-01,casual,Sunday,8,62
2022-01,casual,Sunday,9,68
2022-01,casual,Sunday,10,133
2022-01,casual,Sunday,11,177
2022-01,casual,Sunday,12,202
2022-01,casual,Sunday,13,227
2022-01,casual,Sunday,14,215
2022-01,casual,Sunday,15,248
2022-01,casual,Sunday,16,192
2022-01,casual,Sunday,17,149
2022-01,casual,Sunday,18,121
2022-01,casual,Sunday,19,98
2022-01,casual,Sunday,20,74
2022-01,casual,Sunday,21,82
2022-01,casual,Sunday,22,51
2022-01,casual,Sunday,23,57
2022-01,casual,Monday,0,29
2022-01,casual,Monday,1,13
2022-01,casual,Monday,2,19
2022-01,casual,Monday,3,11
2022-01,casual,Monday,4,13
2022-01,casual,Monday,5,22
2022-01,casual,Monday,6,44
2022-01,casual,Monday,7,57
2022-01,casual,Monday,8,93
2022-01,casual,Monday,9,74
2022-01,casual,Monday,10,103
2022-01,casual,Monday,11,128
2022-01,casual,Monday,12,163
2022-01,casual,Monday,13,151
2022-01,casual,Monday,14,206
2022-01,casual,Monday,15,164
2022-01,casual,Monday,16,230
2022-01,casual,Monday,17,223
2022-01,casual,Monday,18,206
2022-01,casual,Monday,19,142
2022-01,casual,Monday,20,71
2022-01,casual,Monday,21,97
2022-01,casual,Monday,22,64
2022-01,casual,Monday,23,43
2022-01,casual,Tuesday,0,20
2022-01,casual,Tuesday,1,13
2022-01,casual,Tuesday,2,8
2022-01,casual,Tuesday,3,3
2022-01,casual,Tuesday,4,7
2022-01,casual,Tuesday,5,24
2022-01,casual,Tuesday,6,40
2022-01,casual,Tuesday,7,82
2022-01,casual,Tuesday,8,87
2022-01,casual,Tuesday,9,65
2022-01,casual,Tuesday,10,102
2022-01,casual,Tuesday,11,105
2022-01,casual,Tuesday,12,144
2022-01,casual,Tuesday,13,136
2022-01,casual,Tuesday,14,140
2022-01,casual,Tuesday,15,189
2022-01,casual,Tuesday,16,240
2022-01,casual,Tuesday,17,250
2022-01,casual,Tuesday,18,217
2022-01,casual,Tuesday,19,141
2022-01,casual,Tuesday,20,97
2022-01,casual,Tuesday,21,106
2022-01,casual,Tuesday,22,89
2022-01,casual,Tuesday,23,48
2022-01,casual,Wednesday,0,35
2022-01,casual,Wednesday,1,23
2022-01,casual,Wednesday,2,30
2022-01,casual,Wednesday,3,10
2022-01,casual,Wednesday,4,8
2022-01,casual,Wednesday,5,21
2022-01,casual,Wednesday,6,45
2022-01,casual,Wednesday,7,107
2022-01,casual,Wednesday,8,106
2022-01,casual,Wednesday,9,82
2022-01,casual,Wednesday,10,95
2022-01,casual,Wednesday,11,102
2022-01,casual,Wednesday,12,148
2022-01,casual,Wednesday,13,133
2022-01,casual,Wednesday,14,165
2022-01,casual,Wednesday,15,153
2022-01,casual,Wednesday,16,187
2022-01,casual,Wednesday,17,221
2022-01,casual,Wednesday,18,206
2022-01,casual,Wednesday,19,116
2022-01,casual,Wednesday,20,103
2022-01,casual,Wednesday,21,89
2022-01,casual,Wednesday,22,61
2022-01,casual,Wednesday,23,69
2022-01,casual,Thursday,0,38
2022-01,casual,Thursday,1,15
2022-01,casual,Thursday,2,18
2022-01,casual,Thursday,3,10
2022-01,casual,Thursday,4,11
2022-01,casual,Thursday,5,25
2022-01,casual,Thursday,6,42
2022-01,casual,Thursday,7,94
2022-01,casual,Thursday,8,97
2022-01,casual,Thursday,9,91
2022-01,casual,Thursday,10,90
2022-01,casual,Thursday,11,125
2022-01,casual,Thursday,12,147
2022-01,casual,Thursday,13,124
2022-01,casual,Thursday,14,157
2022-01,casual,Thursday,15,195
2022-01,casual,Thursday,16,217
2022-01,casual,Thursday,17,254
2022-01,casual,Thursday,18,226
2022-01,casual,Thursday,19,176
2022-01,casual,Thursday,20,106
2022-01,casual,Thursday,21,92
2022-01,casual,Thursday,22,85
2022-01,casual,Thursday,23,55
2022-01,casual,Friday,0,26
2022-01,casual,Friday,1,20
2022-01,casual,Friday,2,15
2022-01,casual,Friday,3,13
2022-01,casual,Friday,4,5
2022-01,casual,Friday,5,26
2022-01,casual,Friday,6,48
2022-01,casual,Friday,7,68
2022-01,casual,Friday,8,82
2022-01,casual,Friday,9,95
2022-01,casual,Friday,10,126
2022-01,casual,Friday,11,113
2022-01,casual,Friday,12,133
2022-01,casual,Friday,13,192
2022-01,casual,Friday,14,177
2022-01,casual,Friday,15,199
2022-01,casual,Friday,16,220
2022-01,casual,Friday,17,236
2022-01,casual,Friday,18,179
2022-01,casual,Friday,19,127
2022-01,casual,Friday,20,101
2022-01,casual,Friday,21,47
2022-01,casual,Friday,22,66
2022-01,casual,Friday,23,79
2022-01,casual,Saturday,0,198
2022-01,casual,Saturday,1,254
2022-01,casual,Saturday,2,187
2022-01,casual,Saturday,3,62
2022-01,casual,Saturday,4,28
2022-01,casual,Saturday,5,22
2022-01,casual,Saturday,6,27
2022-01,casual,Saturday,7,53
2022-01,casual,Saturday,8,62
2022-01,casual,Saturday,9,119
2022-01,casual,Saturday,10,218
2022-01,casual,Saturday,11,276
2022-01,casual,Saturday,12,297
2022-01,casual,Saturday,13,252
2022-01,casual,Saturday,14,282
2022-01,casual,Saturday,15,307
2022-01,casual,Saturday,16,240
2022-01,casual,Saturday,17,170
2022-01,casual,Saturday,18,136
2022-01,casual,Saturday,19,119
2022-01,casual,Saturday,20,99
2022-01,casual,Saturday,21,104
2022-01,casual,Saturday,22,103
2022-01,casual,Saturday,23,93
2022-01,member,Sunday,0,146
2022-01,member,Sunday,1,98
2022-01,member,Sunday,2,80
2022-01,member,Sunday,3,45
2022-01,member,Sunday,4,28
2022-01,member,Sunday,5,42
2022-01,member,Sunday,6,93
2022-01,member,Sunday,7,125
2022-01,member,Sunday,8,257
2022-01,member,Sunday,9,454
2022-01,member,Sunday,10,550
2022-01,member,Sunday,11,687
2022-01,member,Sunday,12,730
2022-01,member,Sunday,13,800
2022-01,member,Sunday,14,776
2022-01,member,Sunday,15,788
2022-01,member,Sunday,16,710
2022-01,member,Sunday,17,668
2022-01,member,Sunday,18,484
2022-01,member,Sunday,19,435
2022-01,member,Sunday,20,298
2022-01,member,Sunday,21,254
2022-01,member,Sunday,22,188
2022-01,member,Sunday,23,115
2022-01,member,Monday,0,41
2022-01,member,Monday,1,33
2022-01,member,Monday,2,25
2022-01,member,Monday,3,23
2022-01,member,Monday,4,39
2022-01,member,Monday,5,231
2022-01,member,Monday,6,413
2022-01,member,Monday,7,763
2022-01,member,Monday,8,874
2022-01,member,Monday,9,582
2022-01,member,Monday,10,499
2022-01,member,Monday,11,703
2022-01,member,Monday,12,764
2022-01,member,Monday,13,776
2022-01,member,Monday,14,754
2022-01,member,Monday,15,942
2022-01,member,Monday,16,1299
2022-01,member,Monday,17,1509
2022-01,member,Monday,18,1048
2022-01,member,Monday,19,725
2022-01,member,Monday,20,451
2022-01,member,Monday,21,300
2022-01,member,Monday,22,204
2022-01,member,Monday,23,133
2022-01,member,Tuesday,0,43
2022-01,member,Tuesday,1,24
2022-01,member,Tuesday,2,14
2022-01,member,Tuesday,3,9
2022-01,member,Tuesday,4,36
2022-01,member,Tuesday,5,236
2022-01,member,Tuesday,6,492
2022-01,member,Tuesday,7,942
2022-01,member,Tuesday,8,1005
2022-01,member,Tuesday,9,552
2022-01,member,Tuesday,10,446
2022-01,member,Tuesday,11,520
2022-01,member,Tuesday,12,656
2022-01,member,Tuesday,13,659
2022-01,member,Tuesday,14,713
2022-01,member,Tuesday,15,1027
2022-01,member,Tuesday,16,1324
2022-01,member,Tuesday,17,1647
2022-01,member,Tuesday,18,1157
2022-01,member,Tuesday,19,803
2022-01,member,Tuesday,20,507
2022-01,member,Tuesday,21,366
2022-01,member,Tuesday,22,193
2022-01,member,Tuesday,23,131
2022-01,member,Wednesday,0,54
2022-01,member,Wednesday,1,27
2022-01,member,Wednesday,2,24
2022-01,member,Wednesday,3,15
2022-01,member,Wednesday,4,34
2022-01,member,Wednesday,5,262
2022-01,member,Wednesday,6,547
2022-01,member,Wednesday,7,890
2022-01,member,Wednesday,8,1013
2022-01,member,Wednesday,9,587
2022-01,member,Wednesday,10,425
2022-01,member,Wednesday,11,549
2022-01,member,Wednesday,12,635
2022-01,member,Wednesday,13,609
2022-01,member,Wednesday,14,610
2022-01,member,Wednesday,15,794
2022-01,member,Wednesday,16,1181
2022-01,member,Wednesday,17,1394
2022-01,member,Wednesday,18,1063
2022-01,member,Wednesday,19,721
2022-01,member,Wednesday,20,462
2022-01,member,Wednesday,21,323
2022-01,member,Wednesday,22,202
2022-01,member,Wednesday,23,146
2022-01,member,Thursday,0,57
2022-01,member,Thursday,1,30
2022-01,member,Thursday,2,7
2022-01,member,Thursday,3,13
2022-01,member,Thursday,4,31
2022-01,member,Thursday,5,242
2022-01,member,Thursday,6,493
2022-01,member,Thursday,7,902
2022-01,member,Thursday,8,1039
2022-01,member,Thursday,9,600
2022-01,member,Thursday,10,488
2022-01,member,Thursday,11,554
2022-01,member,Thursday,12,740
2022-01,member,Thursday,13,744
2022-01,member,Thursday,14,706
2022-01,member,Thursday,15,971
2022-01,member,Thursday,16,1359
2022-01,member,Thursday,17,1581
2022-01,member,Thursday,18,1167
2022-01,member,Thursday,19,788
2022-01,member,Thursday,20,461
2022-01,member,Thursday,21,384
2022-01,member,Thursday,22,272
2022-01,member,Thursday,23,147
2022-01,member,Friday,0,73
2022-01,member,Friday,1,33
2022-01,member,Friday,2,26
2022-01,member,Friday,3,14
2022-01,member,Friday,4,32
2022-01,member,Friday,5,187
2022-01,member,Friday,6,372
2022-01,member,Friday,7,720
2022-01,member,Friday,8,825
2022-01,member,Friday,9,420
2022-01,member,Friday,10,383
2022-01,member,Friday,11,521
2022-01,member,Friday,12,632
2022-01,member,Friday,13,590
2022-01,member,Friday,14,720
2022-01,member,Friday,15,916
2022-01,member,Friday,16,1192
2022-01,member,Friday,17,1163
2022-01,member,Friday,18,870
2022-01,member,Friday,19,564
2022-01,member,Friday,20,366
2022-01,member,Friday,21,218
2022-01,member,Friday,22,201
2022-01,member,Friday,23,134
2022-01,member,Saturday,0,218
2022-01,member,Saturday,1,198
2022-01,member,Saturday,2,149
2022-01,member,Saturday,3,75
2022-01,member,Saturday,4,49
2022-01,member,Saturday,5,54
2022-01,member,Saturday,6,141
2022-01,member,Saturday,7,304
2022-01,member,Saturday,8,413
2022-01,member,Saturday,9,569
2022-01,member,Saturday,10,714
2022-01,member,Saturday,11,840
2022-01,member,Saturday,12,964
2022-01,member,Saturday,13,941
2022-01,member,Saturday,14,857
2022-01,member,Saturday,15,874
2022-01,member,Saturday,16,817
2022-01,member,Saturday,17,642
2022-01,member,Saturday,18,589
2022-01,member,Saturday,19,442
2022-01,member,Saturday,20,291
2022-01,member,Saturday,21,243
2022-01,member,Saturday,22,198
2022-01,member,Saturday,23,163
2022-02,casual,Sunday,0,85
2022-02,casual,Sunday,1,73
2022-02,casual,Sunday,2,42
2022-02,casual,Sunday,3,24
2022-02,casual,Sunday,4,19
2022-02,casual,Sunday,5,23
2022-02,casual,Sunday,6,33
2022-02,casual,Sunday,7,34
2022-02,casual,Sunday,8,59
2022-02,casual,Sunday,9,73
2022-02,casual,Sunday,10,167
2022-02,casual,Sunday,11,254
2022-02,casual,Sunday,12,335
2022-02,casual,Sunday,13,397
2022-02,casual,Sunday,14,428
2022-02,casual,Sunday,15,441
2022-02,casual,Sunday,16,431
2022-02,casual,Sunday,17,368
2022-02,casual,Sunday,18,196
2022-02,casual,Sunday,19,141
2022-02,casual,Sunday,20,123
2022-02,casual,Sunday,21,172
2022-02,casual,Sunday,22,124
2022-02,casual,Sunday,23,73
2022-02,casual,Monday,0,37
2022-02,casual,Monday,1,18
2022-02,casual,Monday,2,22
2022-02,casual,Monday,3,18
2022-02,casual,Monday,4,16
2022-02,casual,Monday,5,27
2022-02,casual,Monday,6,54
2022-02,casual,Monday,7,117
2022-02,casual,Monday,8,134
2022-02,casual,Monday,9,117
2022-02,casual,Monday,10,146
2022-02,casual,Monday,11,221
2022-02,casual,Monday,12,251
2022-02,casual,Monday,13,282
2022-02,casual,Monday,14,363
2022-02,casual,Monday,15,403
2022-02,casual,Monday,16,453
2022-02,casual,Monday,17,484
2022-02,casual,Monday,18,334
2022-02,casual,Monday,19,262
2022-02,casual,Monday,20,198
2022-02,casual,Monday,21,156
2022-02,casual,Monday,22,135
2022-02,casual,Monday,23,84
2022-02,casual,Tuesday,0,36
2022-02,casual,Tuesday,1,26
2022-02,casual,Tuesday,2,22
2022-02,casual,Tuesday,3,16
2022-02,casual,Tuesday,4,10
2022-02,casual,Tuesday,5,32
2022-02,casual,Tuesday,6,54
2022-02,casual,Tuesday,7,127
2022-02,casual,Tuesday,8,170
2022-02,casual,Tuesday,9,98
2022-02,casual,Tuesday,10,107
2022-02,casual,Tuesday,11,119
2022-02,casual,Tuesday,12,139
2022-02,casual,Tuesday,13,133
2022-02,casual,Tuesday,14,152
2022-02,casual,Tuesday,15,192
2022-02,casual,Tuesday,16,235
2022-02,casual,Tuesday,17,286
2022-02,casual,Tuesday,18,225
2022-02,casual,Tuesday,19,178
2022-02,casual,Tuesday,20,103
2022-02,casual,Tuesday,21,96
2022-02,casual,Tuesday,22,105
2022-02,casual,Tuesday,23,57
2022-02,casual,Wednesday,0,23
2022-02,casual,Wednesday,1,14
2022-02,casual,Wednesday,2,16
2022-02,casual,Wednesday,3,11
2022-02,casual,Wednesday,4,14
2022-02,casual,Wednesday,5,29
2022-02,casual,Wednesday,6,58
2022-02,casual,Wednesday,7,116
2022-02,casual,Wednesday,8,144
2022-02,casual,Wednesday,9,104
2022-02,casual,Wednesday,10,89
2022-02,casual,Wednesday,11,151
2022-02,casual,Wednesday,12,161
2022-02,casual,Wednesday,13,174
2022-02,casual,Wednesday,14,174
2022-02,casual,Wednesday,15,180
2022-02,casual,Wednesday,16,239
2022-02,casual,Wednesday,17,238
2022-02,casual,Wednesday,18,184
2022-02,casual,Wednesday,19,151
2022-02,casual,Wednesday,20,87
2022-02,casual,Wednesday,21,86
2022-02,casual,Wednesday,22,69
2022-02,casual,Wednesday,23,40
2022-02,casual,Thursday,0,28
2022-02,casual,Thursday,1,17
2022-02,casual,Thursday,2,11
2022-02,casual,Thursday,3,12
2022-02,casual,Thursday,4,14
2022-02,casual,Thursday,5,33
2022-02,casual,Thursday,6,50
2022-02,casual,Thursday,7,96
2022-02,casual,Thursday,8,123
2022-02,casual,Thursday,9,97
2022-02,casual,Thursday,10,96
2022-02,casual,Thursday,11,93
2022-02,casual,Thursday,12,120
2022-02,casual,Thursday,13,115
2022-02,casual,Thursday,14,105
2022-02,casual,Thursday,15,136
2022-02,casual,Thursday,16,110
2022-02,casual,Thursday,17,130
2022-02,casual,Thursday,18,139
2022-02,casual,Thursday,19,75
2022-02,casual,Thursday,20,56
2022-02,casual,Thursday,21,58
2022-02,casual,Thursday,22,70
2022-02,casual,Thursday,23,45
2022-02,casual,Friday,0,32
2022-02,casual,Friday,1,12
2022-02,casual,Friday,2,12
2022-02,casual,Friday,3,10
2022-02,casual,Friday,4,10
2022-02,casual,Friday,5,18
2022-02,casual,Friday,6,36
2022-02,casual,Friday,7,76
2022-02,casual,Friday,8,86
2022-02,casual,Friday,9,96
2022-02,casual,Friday,10,103
2022-02,casual,Friday,11,115
2022-02,casual,Friday,12,153
2022-02,casual,Friday,13,193
2022-02,casual,Friday,14,166
2022-02,casual,Friday,15,231
2022-02,casual,Friday,16,241
2022-02,casual,Friday,17,257
2022-02,casual,Friday,18,234
2022-02,casual,Friday,19,177
2022-02,casual,Friday,20,88
2022-02,casual,Friday,21,86
2022-02,casual,Friday,22,110
2022-02,casual,Friday,23,94
2022-02,casual,Saturday,0,80
2022-02,casual,Saturday,1,85
2022-02,casual,Saturday,2,37
2022-02,casual,Saturday,3,22
2022-02,casual,Saturday,4,9
2022-02,casual,Saturday,5,14
2022-02,casual,Saturday,6,17
2022-02,casual,Saturday,7,25
2022-02,casual,Saturday,8,55
2022-02,casual,Saturday,9,85
2022-02,casual,Saturday,10,140
2022-02,casual,Saturday,11,173
2022-02,casual,Saturday,12,222
2022-02,casual,Saturday,13,242
2022-02,casual,Saturday,14,246
2022-02,casual,Saturday,15,259
2022-02,casual,Saturday,16,233
2022-02,casual,Saturday,17,209
2022-02,casual,Saturday,18,152
2022-02,casual,Saturday,19,109
2022-02,casual,Saturday,20,80
2022-02,casual,Saturday,21,76
2022-02,casual,Saturday,22,71
2022-02,casual,Saturday,23,94
2022-02,member,Sunday,0,176
2022-02,member,Sunday,1,115
2022-02,member,Sunday,2,97
2022-02,member,Sunday,3,30
2022-02,member,Sunday,4,30
2022-02,member,Sunday,5,40
2022-02,member,Sunday,6,106
2022-02,member,Sunday,7,173
2022-02,member,Sunday,8,271
2022-02,member,Sunday,9,465
2022-02,member,Sunday,10,669
2022-02,member,Sunday,11,765
2022-02,member,Sunday,12,982
2022-02,member,Sunday,13,1043
2022-02,member,Sunday,14,1025
2022-02,member,Sunday,15,1030
2022-02,member,Sunday,16,1076
2022-02,member,Sunday,17,996
2022-02,member,Sunday,18,651
2022-02,member,Sunday,19,503
2022-02,member,Sunday,20,346
2022-02,member,Sunday,21,416
2022-02,member,Sunday,22,253
2022-02,member,Sunday,23,151
2022-02,member,Monday,0,59
2022-02,member,Monday,1,40
2022-02,member,Monday,2,27
2022-02,member,Monday,3,24
2022-02,member,Monday,4,41
2022-02,member,Monday,5,260
2022-02,member,Monday,6,555
2022-02,member,Monday,7,1148
2022-02,member,Monday,8,1336
2022-02,member,Monday,9,766
2022-02,member,Monday,10,582
2022-02,member,Monday,11,776
2022-02,member,Monday,12,969
2022-02,member,Monday,13,988
2022-02,member,Monday,14,1027
2022-02,member,Monday,15,1289
2022-02,member,Monday,16,1868
2022-02,member,Monday,17,2136
2022-02,member,Monday,18,1549
2022-02,member,Monday,19,993
2022-02,member,Monday,20,677
2022-02,member,Monday,21,474
2022-02,member,Monday,22,304
2022-02,member,Monday,23,156
2022-02,member,Tuesday,0,72
2022-02,member,Tuesday,1,37
2022-02,member,Tuesday,2,25
2022-02,member,Tuesday,3,16
2022-02,member,Tuesday,4,46
2022-02,member,Tuesday,5,304
2022-02,member,Tuesday,6,564
2022-02,member,Tuesday,7,1260
2022-02,member,Tuesday,8,1457
2022-02,member,Tuesday,9,757
2022-02,member,Tuesday,10,558
2022-02,member,Tuesday,11,663
2022-02,member,Tuesday,12,785
2022-02,member,Tuesday,13,665
2022-02,member,Tuesday,14,712
2022-02,member,Tuesday,15,977
2022-02,member,Tuesday,16,1453
2022-02,member,Tuesday,17,1883
2022-02,member,Tuesday,18,1322
2022-02,member,Tuesday,19,917
2022-02,member,Tuesday,20,563
2022-02,member,Tuesday,21,486
2022-02,member,Tuesday,22,289
2022-02,member,Tuesday,23,180
2022-02,member,Wednesday,0,60
2022-02,member,Wednesday,1,28
2022-02,member,Wednesday,2,20
2022-02,member,Wednesday,3,19
2022-02,member,Wednesday,4,42
2022-02,member,Wednesday,5,258
2022-02,member,Wednesday,6,543
2022-02,member,Wednesday,7,1107
2022-02,member,Wednesday,8,1252
2022-02,member,Wednesday,9,765
2022-02,member,Wednesday,10,526
2022-02,member,Wednesday,11,673
2022-02,member,Wednesday,12,737
2022-02,member,Wednesday,13,704
2022-02,member,Wednesday,14,733
2022-02,member,Wednesday,15,862
2022-02,member,Wednesday,16,1274
2022-02,member,Wednesday,17,1610
2022-02,member,Wednesday,18,1100
2022-02,member,Wednesday,19,736
2022-02,member,Wednesday,20,435
2022-02,member,Wednesday,21,300
2022-02,member,Wednesday,22,214
2022-02,member,Wednesday,23,130
2022-02,member,Thursday,0,54
2022-02,member,Thursday,1,24
2022-02,member,Thursday,2,14
2022-02,member,Thursday,3,9
2022-02,member,Thursday,4,39
2022-02,member,Thursday,5,214
2022-02,member,Thursday,6,456
2022-02,member,Thursday,7,1025
2022-02,member,Thursday,8,1189
2022-02,member,Thursday,9,675
2022-02,member,Thursday,10,470
2022-02,member,Thursday,11,522
2022-02,member,Thursday,12,745
2022-02,member,Thursday,13,655
2022-02,member,Thursday,14,570
2022-02,member,Thursday,15,679
2022-02,member,Thursday,16,832
2022-02,member,Thursday,17,1029
2022-02,member,Thursday,18,787
2022-02,member,Thursday,19,495
2022-02,member,Thursday,20,311
2022-02,member,Thursday,21,262
2022-02,member,Thursday,22,192
2022-02,member,Thursday,23,134
2022-02,member,Friday,0,64
2022-02,member,Friday,1,33
2022-02,member,Friday,2,26
2022-02,member,Friday,3,14
2022-02,member,Friday,4,41
2022-02,member,Friday,5,137
2022-02,member,Friday,6,336
2022-02,member,Friday,7,662
2022-02,member,Friday,8,742
2022-02,member,Friday,9,489
2022-02,member,Friday,10,443
2022-02,member,Friday,11,563
2022-02,member,Friday,12,696
2022-02,member,Friday,13,722
2022-02,member,Friday,14,742
2022-02,member,Friday,15,950
2022-02,member,Friday,16,1114
2022-02,member,Friday,17,1193
2022-02,member,Friday,18,944
2022-02,member,Friday,19,610
2022-02,member,Friday,20,382
2022-02,member,Friday,21,274
2022-02,member,Friday,22,263
2022-02,member,Friday,23,215
2022-02,member,Saturday,0,114
2022-02,member,Saturday,1,145
2022-02,member,Saturday,2,98
2022-02,member,Saturday,3,42
2022-02,member,Saturday,4,41
2022-02,member,Saturday,5,33
2022-02,member,Saturday,6,105
2022-02,member,Saturday,7,251
2022-02,member,Saturday,8,347
2022-02,member,Saturday,9,435
2022-02,member,Saturday,10,558
2022-02,member,Saturday,11,691
2022-02,member,Saturday,12,786
2022-02,member,Saturday,13,810
2022-02,member,Saturday,14,753
2022-02,member,Saturday,15,734
2022-02,member,Saturday,16,761
2022-02,member,Saturday,17,710
2022-02,member,Saturday,18,554
2022-02,member,Saturday,19,479
2022-02,member,Saturday,20,285
2022-02,member,Saturday,21,261
2022-02,member,Saturday,22,243
2022-02,member,Saturday,23,201
2022-03,casual,Sunday,0,255
2022-03,casual,Sunday,1,221
2022-03,casual,Sunday,2,125
2022-03,casual,Sunday,3,100
2022-03,casual,Sunday,4,40
2022-03,casual,Sunday,5,40
2022-03,casual,Sunday,6,77
2022-03,casual,Sunday,7,135
2022-03,casual,Sunday,8,205
2022-03,casual,Sunday,9,350
2022-03,casual,Sunday,10,685
2022-03,casual,Sunday,11,1023
2022-03,casual,Sunday,12,1396
2022-03,casual,Sunday,13,1611
2022-03,casual,Sunday,14,1876
2022-03,casual,Sunday,15,1962
2022-03,casual,Sunday,16,1828
2022-03,casual,Sunday,17,1392
2022-03,casual,Sunday,18,1135
2022-03,casual,Sunday,19,648
2022-03,casual,Sunday,20,429
2022-03,casual,Sunday,21,326
2022-03,casual,Sunday,22,239
2022-03,casual,Sunday,23,169
2022-03,casual,Monday,0,83
2022-03,casual,Monday,1,49
2022-03,casual,Monday,2,46
2022-03,casual,Monday,3,23
2022-03,casual,Monday,4,32
2022-03,casual,Monday,5,54
2022-03,casual,Monday,6,138
2022-03,casual,Monday,7,294
2022-03,casual,Monday,8,356
2022-03,casual,Monday,9,317
2022-03,casual,Monday,10,356
2022-03,casual,Monday,11,623
2022-03,casual,Monday,12,788
2022-03,casual,Monday,13,874
2022-03,casual,Monday,14,1007
2022-03,casual,Monday,15,1299
2022-03,casual,Monday,16,1563
2022-03,casual,Monday,17,2034
2022-03,casual,Monday,18,1609
2022-03,casual,Monday,19,942
2022-03,casual,Monday,20,618
2022-03,casual,Monday,21,487
2022-03,casual,Monday,22,355
2022-03,casual,Monday,23,199
2022-03,casual,Tuesday,0,105
2022-03,casual,Tuesday,1,54
2022-03,casual,Tuesday,2,37
2022-03,casual,Tuesday,3,23
2022-03,casual,Tuesday,4,29
2022-03,casual,Tuesday,5,73
2022-03,casual,Tuesday,6,176
2022-03,casual,Tuesday,7,370
2022-03,casual,Tuesday,8,457
2022-03,casual,Tuesday,9,365
2022-03,casual,Tuesday,10,342
2022-03,casual,Tuesday,11,401
2022-03,casual,Tuesday,12,604
2022-03,casual,Tuesday,13,625
2022-03,casual,Tuesday,14,718
2022-03,casual,Tuesday,15,830
2022-03,casual,Tuesday,16,958
2022-03,casual,Tuesday,17,1128
2022-03,casual,Tuesday,18,858
2022-03,casual,Tuesday,19,577
2022-03,casual,Tuesday,20,396
2022-03,casual,Tuesday,21,308
2022-03,casual,Tuesday,22,329
2022-03,casual,Tuesday,23,192
2022-03,casual,Wednesday,0,96
2022-03,casual,Wednesday,1,48
2022-03,casual,Wednesday,2,31
2022-03,casual,Wednesday,3,26
2022-03,casual,Wednesday,4,30
2022-03,casual,Wednesday,5,81
2022-03,casual,Wednesday,6,186
2022-03,casual,Wednesday,7,480
2022-03,casual,Wednesday,8,605
2022-03,casual,Wednesday,9,421
2022-03,casual,Wednesday,10,442
2022-03,casual,Wednesday,11,545
2022-03,casual,Wednesday,12,711
2022-03,casual,Wednesday,13,760
2022-03,casual,Wednesday,14,964
2022-03,casual,Wednesday,15,1128
2022-03,casual,Wednesday,16,1494
2022-03,casual,Wednesday,17,1852
2022-03,casual,Wednesday,18,1540
2022-03,casual,Wednesday,19,980
2022-03,casual,Wednesday,20,642
2022-03,casual,Wednesday,21,438
2022-03,casual,Wednesday,22,430
2022-03,casual,Wednesday,23,346
2022-03,casual,Thursday,0,136
2022-03,casual,Thursday,1,104
2022-03,casual,Thursday,2,45
2022-03,casual,Thursday,3,38
2022-03,casual,Thursday,4,40
2022-03,casual,Thursday,5,72
2022-03,casual,Thursday,6,175
2022-03,casual,Thursday,7,505
2022-03,casual,Thursday,8,666
2022-03,casual,Thursday,9,383
2022-03,casual,Thursday,10,432
2022-03,casual,Thursday,11,569
2022-03,casual,Thursday,12,657
2022-03,casual,Thursday,13,810
2022-03,casual,Thursday,14,875
2022-03,casual,Thursday,15,920
2022-03,casual,Thursday,16,1055
2022-03,casual,Thursday,17,1260
2022-03,casual,Thursday,18,1018
2022-03,casual,Thursday,19,575
2022-03,casual,Thursday,20,395
2022-03,casual,Thursday,21,358
2022-03,casual,Thursday,22,378
2022-03,casual,Thursday,23,316
2022-03,casual,Friday,0,175
2022-03,casual,Friday,1,92
2022-03,casual,Friday,2,59
2022-03,casual,Friday,3,32
2022-03,casual,Friday,4,32
2022-03,casual,Friday,5,53
2022-03,casual,Friday,6,101
2022-03,casual,Friday,7,218
2022-03,casual,Friday,8,288
2022-03,casual,Friday,9,276
2022-03,casual,Friday,10,337
2022-03,casual,Friday,11,441
2022-03,casual,Friday,12,497
2022-03,casual,Friday,13,453
2022-03,casual,Friday,14,455
2022-03,casual,Friday,15,490
2022-03,casual,Friday,16,590
2022-03,casual,Friday,17,684
2022-03,casual,Friday,18,543
2022-03,casual,Friday,19,331
2022-03,casual,Friday,20,219
2022-03,casual,Friday,21,196
2022-03,casual,Friday,22,196
2022-03,casual,Friday,23,248
2022-03,casual,Saturday,0,184
2022-03,casual,Saturday,1,157
2022-03,casual,Saturday,2,95
2022-03,casual,Saturday,3,50
2022-03,casual,Saturday,4,20
2022-03,casual,Saturday,5,43
2022-03,casual,Saturday,6,71
2022-03,casual,Saturday,7,102
2022-03,casual,Saturday,8,213
2022-03,casual,Saturday,9,414
2022-03,casual,Saturday,10,632
2022-03,casual,Saturday,11,981
2022-03,casual,Saturday,12,1361
2022-03,casual,Saturday,13,1613
2022-03,casual,Saturday,14,1741
2022-03,casual,Saturday,15,1574
2022-03,casual,Saturday,16,1391
2022-03,casual,Saturday,17,1129
2022-03,casual,Saturday,18,838
2022-03,casual,Saturday,19,669
2022-03,casual,Saturday,20,334
2022-03,casual,Saturday,21,324
2022-03,casual,Saturday,22,416
2022-03,casual,Saturday,23,332
2022-03,member,Sunday,0,313
2022-03,member,Sunday,1,216
2022-03,member,Sunday,2,120
2022-03,member,Sunday,3,112
2022-03,member,Sunday,4,52
2022-03,member,Sunday,5,73
2022-03,member,Sunday,6,157
2022-03,member,Sunday,7,323
2022-03,member,Sunday,8,523
2022-03,member,Sunday,9,759
2022-03,member,Sunday,10,1279
2022-03,member,Sunday,11,1481
2022-03,member,Sunday,12,1795
2022-03,member,Sunday,13,1815
2022-03,member,Sunday,14,1981
2022-03,member,Sunday,15,2119
2022-03,member,Sunday,16,2089
2022-03,member,Sunday,17,1942
2022-03,member,Sunday,18,1545
2022-03,member,Sunday,19,1127
2022-03,member,Sunday,20,683
2022-03,member,Sunday,21,520
2022-03,member,Sunday,22,363
2022-03,member,Sunday,23,219
2022-03,member,Monday,0,118
2022-03,member,Monday,1,51
2022-03,member,Monday,2,34
2022-03,member,Monday,3,37
2022-03,member,Monday,4,53
2022-03,member,Monday,5,353
2022-03,member,Monday,6,754
2022-03,member,Monday,7,1626
2022-03,member,Monday,8,1913
2022-03,member,Monday,9,1017
2022-03,member,Monday,10,879
2022-03,member,Monday,11,1176
2022-03,member,Monday,12,1395
2022-03,member,Monday,13,1431
2022-03,member,Monday,14,1517
2022-03,member,Monday,15,2027
2022-03,member,Monday,16,3021
2022-03,member,Monday,17,3937
2022-03,member,Monday,18,2970
2022-03,member,Monday,19,1859
2022-03,member,Monday,20,1150
2022-03,member,Monday,21,833
2022-03,member,Monday,22,462
2022-03,member,Monday,23,271
2022-03,member,Tuesday,0,162
2022-03,member,Tuesday,1,70
2022-03,member,Tuesday,2,46
2022-03,member,Tuesday,3,41
2022-03,member,Tuesday,4,80
2022-03,member,Tuesday,5,472
2022-03,member,Tuesday,6,1175
2022-03,member,Tuesday,7,2545
2022-03,member,Tuesday,8,2904
2022-03,member,Tuesday,9,1392
2022-03,member,Tuesday,10,1070
2022-03,member,Tuesday,11,1301
2022-03,member,Tuesday,12,1653
2022-03,member,Tuesday,13,1686
2022-03,member,Tuesday,14,1558
2022-03,member,Tuesday,15,2130
2022-03,member,Tuesday,16,3378
2022-03,member,Tuesday,17,4159
2022-03,member,Tuesday,18,2944
2022-03,member,Tuesday,19,1856
2022-03,member,Tuesday,20,1204
2022-03,member,Tuesday,21,966
2022-03,member,Tuesday,22,688
2022-03,member,Tuesday,23,339
2022-03,member,Wednesday,0,147
2022-03,member,Wednesday,1,63
2022-03,member,Wednesday,2,31
2022-03,member,Wednesday,3,31
2022-03,member,Wednesday,4,78
2022-03,member,Wednesday,5,472
2022-03,member,Wednesday,6,1272
2022-03,member,Wednesday,7,2782
2022-03,member,Wednesday,8,3207
2022-03,member,Wednesday,9,1751
2022-03,member,Wednesday,10,1248
2022-03,member,Wednesday,11,1338
2022-03,member,Wednesday,12,1669
2022-03,member,Wednesday,13,1632
2022-03,member,Wednesday,14,1645
2022-03,member,Wednesday,15,1992
2022-03,member,Wednesday,16,3196
2022-03,member,Wednesday,17,4142
2022-03,member,Wednesday,18,3228
2022-03,member,Wednesday,19,2046
2022-03,member,Wednesday,20,1371
2022-03,member,Wednesday,21,920
2022-03,member,Wednesday,22,662
2022-03,member,Wednesday,23,429
2022-03,member,Thursday,0,162
2022-03,member,Thursday,1,100
2022-03,member,Thursday,2,33
2022-03,member,Thursday,3,33
2022-03,member,Thursday,4,69
2022-03,member,Thursday,5,364
2022-03,member,Thursday,6,1057
2022-03,member,Thursday,7,2455
2022-03,member,Thursday,8,2882
2022-03,member,Thursday,9,1500
2022-03,member,Thursday,10,1200
2022-03,member,Thursday,11,1344
2022-03,member,Thursday,12,1642
2022-03,member,Thursday,13,1553
2022-03,member,Thursday,14,1579
2022-03,member,Thursday,15,2079
2022-03,member,Thursday,16,2871
2022-03,member,Thursday,17,3552
2022-03,member,Thursday,18,2552
2022-03,member,Thursday,19,1524
2022-03,member,Thursday,20,1061
2022-03,member,Thursday,21,875
2022-03,member,Thursday,22,670
2022-03,member,Thursday,23,424
2022-03,member,Friday,0,191
2022-03,member,Friday,1,98
2022-03,member,Friday,2,51
2022-03,member,Friday,3,46
2022-03,member,Friday,4,63
2022-03,member,Friday,5,247
2022-03,member,Friday,6,684
2022-03,member,Friday,7,1405
2022-03,member,Friday,8,1495
2022-03,member,Friday,9,975
2022-03,member,Friday,10,901
2022-03,member,Friday,11,1124
2022-03,member,Friday,12,1245
2022-03,member,Friday,13,1053
2022-03,member,Friday,14,1093
2022-03,member,Friday,15,1308
2022-03,member,Friday,16,1771
2022-03,member,Friday,17,1962
2022-03,member,Friday,18,1569
2022-03,member,Friday,19,965
2022-03,member,Friday,20,645
2022-03,member,Friday,21,493
2022-03,member,Friday,22,349
2022-03,member,Friday,23,371
2022-03,member,Saturday,0,297
2022-03,member,Saturday,1,207
2022-03,member,Saturday,2,122
2022-03,member,Saturday,3,92
2022-03,member,Saturday,4,48
2022-03,member,Saturday,5,63
2022-03,member,Saturday,6,168
2022-03,member,Saturday,7,399
2022-03,member,Saturday,8,591
2022-03,member,Saturday,9,963
2022-03,member,Saturday,10,1125
2022-03,member,Saturday,11,1413
2022-03,member,Saturday,12,1665
2022-03,member,Saturday,13,1802
2022-03,member,Saturday,14,1707
2022-03,member,Saturday,15,1568
2022-03,member,Saturday,16,1547
2022-03,member,Saturday,17,1336
2022-03,member,Saturday,18,1125
2022-03,member,Saturday,19,922
2022-03,member,Saturday,20,584
2022-03,member,Saturday,21,533
2022-03,member,Saturday,22,535
2022-03,member,Saturday,23,408
2022-04,casual,Sunday,0,761
2022-04,casual,Sunday,1,512
2022-04,casual,Sunday,2,325
2022-04,casual,Sunday,3,192
2022-04,casual,Sunday,4,104
2022-04,casual,Sunday,5,83
2022-04,casual,Sunday,6,99
2022-04,casual,Sunday,7,172
2022-04,casual,Sunday,8,300
2022-04,casual,Sunday,9,628
2022-04,casual,Sunday,10,948
2022-04,casual,Sunday,11,1269
2022-04,casual,Sunday,12,1342
2022-04,casual,Sunday,13,1530
2022-04,casual,Sunday,14,1610
2022-04,casual,Sunday,15,1716
2022-04,casual,Sunday,16,1703
2022-04,casual,Sunday,17,1651
2022-04,casual,Sunday,18,1332
2022-04,casual,Sunday,19,891
2022-04,casual,Sunday,20,667
2022-04,casual,Sunday,21,518
2022-04,casual,Sunday,22,410
2022-04,casual,Sunday,23,214
2022-04,casual,Monday,0,123
2022-04,casual,Monday,1,77
2022-04,casual,Monday,2,38
2022-04,casual,Monday,3,33
2022-04,casual,Monday,4,34
2022-04,casual,Monday,5,83
2022-04,casual,Monday,6,170
2022-04,casual,Monday,7,364
2022-04,casual,Monday,8,517
2022-04,casual,Monday,9,397
2022-04,casual,Monday,10,520
2022-04,casual,Monday,11,625
2022-04,casual,Monday,12,640
2022-04,casual,Monday,13,729
2022-04,casual,Monday,14,812
2022-04,casual,Monday,15,909
2022-04,casual,Monday,16,1050
2022-04,casual,Monday,17,1266
2022-04,casual,Monday,18,1083
2022-04,casual,Monday,19,750
2022-04,casual,Monday,20,590
2022-04,casual,Monday,21,414
2022-04,casual,Monday,22,343
2022-04,casual,Monday,23,238
2022-04,casual,Tuesday,0,123
2022-04,casual,Tuesday,1,64
2022-04,casual,Tuesday,2,38
2022-04,casual,Tuesday,3,39
2022-04,casual,Tuesday,4,35
2022-04,casual,Tuesday,5,89
2022-04,casual,Tuesday,6,201
2022-04,casual,Tuesday,7,480
2022-04,casual,Tuesday,8,588
2022-04,casual,Tuesday,9,469
2022-04,casual,Tuesday,10,478
2022-04,casual,Tuesday,11,591
2022-04,casual,Tuesday,12,793
2022-04,casual,Tuesday,13,826
2022-04,casual,Tuesday,14,920
2022-04,casual,Tuesday,15,1057
2022-04,casual,Tuesday,16,1318
2022-04,casual,Tuesday,17,1733
2022-04,casual,Tuesday,18,1466
2022-04,casual,Tuesday,19,986
2022-04,casual,Tuesday,20,565
2022-04,casual,Tuesday,21,581
2022-04,casual,Tuesday,22,533
2022-04,casual,Tuesday,23,271
2022-04,casual,Wednesday,0,142
2022-04,casual,Wednesday,1,90
2022-04,casual,Wednesday,2,53
2022-04,casual,Wednesday,3,29
2022-04,casual,Wednesday,4,41
2022-04,casual,Wednesday,5,111
2022-04,casual,Wednesday,6,194
2022-04,casual,Wednesday,7,437
2022-04,casual,Wednesday,8,602
2022-04,casual,Wednesday,9,317
2022-04,casual,Wednesday,10,326
2022-04,casual,Wednesday,11,490
2022-04,casual,Wednesday,12,656
2022-04,casual,Wednesday,13,627
2022-04,casual,Wednesday,14,738
2022-04,casual,Wednesday,15,761
2022-04,casual,Wednesday,16,949
2022-04,casual,Wednesday,17,1014
2022-04,casual,Wednesday,18,907
2022-04,casual,Wednesday,19,505
2022-04,casual,Wednesday,20,391
2022-04,casual,Wednesday,21,367
2022-04,casual,Wednesday,22,266
2022-04,casual,Wednesday,23,201
2022-04,casual,Thursday,0,97
2022-04,casual,Thursday,1,62
2022-04,casual,Thursday,2,37
2022-04,casual,Thursday,3,31
2022-04,casual,Thursday,4,43
2022-04,casual,Thursday,5,80
2022-04,casual,Thursday,6,228
2022-04,casual,Thursday,7,501
2022-04,casual,Thursday,8,626
2022-04,casual,Thursday,9,471
2022-04,casual,Thursday,10,523
2022-04,casual,Thursday,11,713
2022-04,casual,Thursday,12,867
2022-04,casual,Thursday,13,917
2022-04,casual,Thursday,14,891
2022-04,casual,Thursday,15,1151
2022-04,casual,Thursday,16,1540
2022-04,casual,Thursday,17,1887
2022-04,casual,Thursday,18,1857
2022-04,casual,Thursday,19,1233
2022-04,casual,Thursday,20,791
2022-04,casual,Thursday,21,696
2022-04,casual,Thursday,22,732
2022-04,casual,Thursday,23,492
2022-04,casual,Friday,0,241
2022-04,casual,Friday,1,160
2022-04,casual,Friday,2,88
2022-04,casual,Friday,3,77
2022-04,casual,Friday,4,49
2022-04,casual,Friday,5,104
2022-04,casual,Friday,6,223
2022-04,casual,Friday,7,498
2022-04,casual,Friday,8,541
2022-04,casual,Friday,9,528
2022-04,casual,Friday,10,605
2022-04,casual,Friday,11,969
2022-04,casual,Friday,12,1140
2022-04,casual,Friday,13,1190
2022-04,casual,Friday,14,1309
2022-04,casual,Friday,15,1342
2022-04,casual,Friday,16,1176
2022-04,casual,Friday,17,1467
2022-04,casual,Friday,18,1299
2022-04,casual,Friday,19,1037
2022-04,casual,Friday,20,552
2022-04,casual,Friday,21,591
2022-04,casual,Friday,22,656
2022-04,casual,Friday,23,683
2022-04,casual,Saturday,0,529
2022-04,casual,Saturday,1,363
2022-04,casual,Saturday,2,279
2022-04,casual,Saturday,3,174
2022-04,casual,Saturday,4,88
2022-04,casual,Saturday,5,77
2022-04,casual,Saturday,6,172
2022-04,casual,Saturday,7,278
2022-04,casual,Saturday,8,586
2022-04,casual,Saturday,9,1132
2022-04,casual,Saturday,10,1778
2022-04,casual,Saturday,11,2540
2022-04,casual,Saturday,12,2811
2022-04,casual,Saturday,13,3006
2022-04,casual,Saturday,14,3164
2022-04,casual,Saturday,15,3051
2022-04,casual,Saturday,16,3128
2022-04,casual,Saturday,17,2691
2022-04,casual,Saturday,18,2549
2022-04,casual,Saturday,19,2176
2022-04,casual,Saturday,20,1366
2022-04,casual,Saturday,21,1249
2022-04,casual,Saturday,22,1268
2022-04,casual,Saturday,23,1117
2022-04,member,Sunday,0,614
2022-04,member,Sunday,1,410
2022-04,member,Sunday,2,218
2022-04,member,Sunday,3,121
2022-04,member,Sunday,4,91
2022-04,member,Sunday,5,97
2022-04,member,Sunday,6,224
2022-04,member,Sunday,7,408
2022-04,member,Sunday,8,727
2022-04,member,Sunday,9,1113
2022-04,member,Sunday,10,1506
2022-04,member,Sunday,11,1768
2022-04,member,Sunday,12,1853
2022-04,member,Sunday,13,1824
2022-04,member,Sunday,14,1961
2022-04,member,Sunday,15,1975
2022-04,member,Sunday,16,2047
2022-04,member,Sunday,17,2130
2022-04,member,Sunday,18,1899
2022-04,member,Sunday,19,1443
2022-04,member,Sunday,20,951
2022-04,member,Sunday,21,718
2022-04,member,Sunday,22,454
2022-04,member,Sunday,23,305
2022-04,member,Monday,0,140
2022-04,member,Monday,1,90
2022-04,member,Monday,2,39
2022-04,member,Monday,3,26
2022-04,member,Monday,4,75
2022-04,member,Monday,5,325
2022-04,member,Monday,6,1078
2022-04,member,Monday,7,2166
2022-04,member,Monday,8,2594
2022-04,member,Monday,9,1471
2022-04,member,Monday,10,1253
2022-04,member,Monday,11,1434
2022-04,member,Monday,12,1627
2022-04,member,Monday,13,1609
2022-04,member,Monday,14,1633
2022-04,member,Monday,15,1986
2022-04,member,Monday,16,2997
2022-04,member,Monday,17,4009
2022-04,member,Monday,18,3138
2022-04,member,Monday,19,2121
2022-04,member,Monday,20,1441
2022-04,member,Monday,21,989
2022-04,member,Monday,22,655
2022-04,member,Monday,23,350
2022-04,member,Tuesday,0,168
2022-04,member,Tuesday,1,95
2022-04,member,Tuesday,2,35
2022-04,member,Tuesday,3,40
2022-04,member,Tuesday,4,94
2022-04,member,Tuesday,5,434
2022-04,member,Tuesday,6,1219
2022-04,member,Tuesday,7,2891
2022-04,member,Tuesday,8,3232
2022-04,member,Tuesday,9,1755
2022-04,member,Tuesday,10,1327
2022-04,member,Tuesday,11,1598
2022-04,member,Tuesday,12,1969
2022-04,member,Tuesday,13,1978
2022-04,member,Tuesday,14,1803
2022-04,member,Tuesday,15,2329
2022-04,member,Tuesday,16,3609
2022-04,member,Tuesday,17,4980
2022-04,member,Tuesday,18,3602
2022-04,member,Tuesday,19,2465
2022-04,member,Tuesday,20,1532
2022-04,member,Tuesday,21,1283
2022-04,member,Tuesday,22,752
2022-04,member,Tuesday,23,442
2022-04,member,Wednesday,0,172
2022-04,member,Wednesday,1,76
2022-04,member,Wednesday,2,34
2022-04,member,Wednesday,3,37
2022-04,member,Wednesday,4,79
2022-04,member,Wednesday,5,374
2022-04,member,Wednesday,6,1164
2022-04,member,Wednesday,7,2318
2022-04,member,Wednesday,8,2726
2022-04,member,Wednesday,9,1458
2022-04,member,Wednesday,10,1124
2022-04,member,Wednesday,11,1465
2022-04,member,Wednesday,12,1784
2022-04,member,Wednesday,13,1791
2022-04,member,Wednesday,14,1750
2022-04,member,Wednesday,15,2016
2022-04,member,Wednesday,16,2763
2022-04,member,Wednesday,17,3379
2022-04,member,Wednesday,18,2772
2022-04,member,Wednesday,19,1568
2022-04,member,Wednesday,20,1146
2022-04,member,Wednesday,21,811
2022-04,member,Wednesday,22,623
2022-04,member,Wednesday,23,350
2022-04,member,Thursday,0,143
2022-04,member,Thursday,1,71
2022-04,member,Thursday,2,37
2022-04,member,Thursday,3,39
2022-04,member,Thursday,4,72
2022-04,member,Thursday,5,397
2022-04,member,Thursday,6,1195
2022-04,member,Thursday,7,2569
2022-04,member,Thursday,8,3035
2022-04,member,Thursday,9,1679
2022-04,member,Thursday,10,1323
2022-04,member,Thursday,11,1522
2022-04,member,Thursday,12,1902
2022-04,member,Thursday,13,1810
2022-04,member,Thursday,14,1702
2022-04,member,Thursday,15,2221
2022-04,member,Thursday,16,3323
2022-04,member,Thursday,17,4320
2022-04,member,Thursday,18,3501
2022-04,member,Thursday,19,2426
2022-04,member,Thursday,20,1634
2022-04,member,Thursday,21,1330
2022-04,member,Thursday,22,997
2022-04,member,Thursday,23,575
2022-04,member,Friday,0,300
2022-04,member,Friday,1,192
2022-04,member,Friday,2,94
2022-04,member,Friday,3,67
2022-04,member,Friday,4,99
2022-04,member,Friday,5,442
2022-04,member,Friday,6,1176
2022-04,member,Friday,7,2181
2022-04,member,Friday,8,2381
2022-04,member,Friday,9,1596
2022-04,member,Friday,10,1436
2022-04,member,Friday,11,1935
2022-04,member,Friday,12,2238
2022-04,member,Friday,13,2272
2022-04,member,Friday,14,2120
2022-04,member,Friday,15,2336
2022-04,member,Friday,16,2570
2022-04,member,Friday,17,3224
2022-04,member,Friday,18,2712
2022-04,member,Friday,19,1946
2022-04,member,Friday,20,1196
2022-04,member,Friday,21,1035
2022-04,member,Friday,22,900
2022-04,member,Friday,23,796
2022-04,member,Saturday,0,562
2022-04,member,Saturday,1,433
2022-04,member,Saturday,2,236
2022-04,member,Saturday,3,160
2022-04,member,Saturday,4,109
2022-04,member,Saturday,5,122
2022-04,member,Saturday,6,427
2022-04,member,Saturday,7,893
2022-04,member,Saturday,8,1309
2022-04,member,Saturday,9,1947
2022-04,member,Saturday,10,2337
2022-04,member,Saturday,11,2828
2022-04,member,Saturday,12,2913
2022-04,member,Saturday,13,3027
2022-04,member,Saturday,14,2838
2022-04,member,Saturday,15,2773
2022-04,member,Saturday,16,2777
2022-04,member,Saturday,17,2332
2022-04,member,Saturday,18,2502
2022-04,member,Saturday,19,2168
2022-04,member,Saturday,20,1294
2022-04,member,Saturday,21,1135
2022-04,member,Saturday,22,1087
2022-04,member,Saturday,23,1036
2022-05,casual,Sunday,0,1942
2022-05,casual,Sunday,1,1099
2022-05,casual,Sunday,2,783
2022-05,casual,Sunday,3,362
2022-05,casual,Sunday,4,231
2022-05,casual,Sunday,5,223
2022-05,casual,Sunday,6,348
2022-05,casual,Sunday,7,547
2022-05,casual,Sunday,8,945
2022-05,casual,Sunday,9,1776
2022-05,casual,Sunday,10,2975
2022-05,casual,Sunday,11,3909
2022-05,casual,Sunday,12,4822
2022-05,casual,Sunday,13,4683
2022-05,casual,Sunday,14,4597
2022-05,casual,Sunday,15,4328
2022-05,casual,Sunday,16,4474
2022-05,casual,Sunday,17,4176
2022-05,casual,Sunday,18,3349
2022-05,casual,Sunday,19,2708
2022-05,casual,Sunday,20,1812
2022-05,casual,Sunday,21,1392
2022-05,casual,Sunday,22,1395
2022-05,casual,Sunday,23,1248
2022-05,casual,Monday,0,895
2022-05,casual,Monday,1,377
2022-05,casual,Monday,2,269
2022-05,casual,Monday,3,170
2022-05,casual,Monday,4,144
2022-05,casual,Monday,5,183
2022-05,casual,Monday,6,462
2022-05,casual,Monday,7,856
2022-05,casual,Monday,8,1154
2022-05,casual,Monday,9,1337
2022-05,casual,Monday,10,1918
2022-05,casual,Monday,11,2503
2022-05,casual,Monday,12,3011
2022-05,casual,Monday,13,3171
2022-05,casual,Monday,14,3333
2022-05,casual,Monday,15,3798
2022-05,casual,Monday,16,4476
2022-05,casual,Monday,17,4739
2022-05,casual,Monday,18,4101
2022-05,casual,Monday,19,3204
2022-05,casual,Monday,20,2314
2022-05,casual,Monday,21,1917
2022-05,casual,Monday,22,1398
2022-05,casual,Monday,23,751
2022-05,casual,Tuesday,0,442
2022-05,casual,Tuesday,1,268
2022-05,casual,Tuesday,2,173
2022-05,casual,Tuesday,3,98
2022-05,casual,Tuesday,4,94
2022-05,casual,Tuesday,5,194
2022-05,casual,Tuesday,6,560
2022-05,casual,Tuesday,7,1076
2022-05,casual,Tuesday,8,1242
2022-05,casual,Tuesday,9,1044
2022-05,casual,Tuesday,10,1130
2022-05,casual,Tuesday,11,1472
2022-05,casual,Tuesday,12,1766
2022-05,casual,Tuesday,13,1863
2022-05,casual,Tuesday,14,1993
2022-05,casual,Tuesday,15,2274
2022-05,casual,Tuesday,16,2890
2022-05,casual,Tuesday,17,4043
2022-05,casual,Tuesday,18,3625
2022-05,casual,Tuesday,19,2671
2022-05,casual,Tuesday,20,1935
2022-05,casual,Tuesday,21,1577
2022-05,casual,Tuesday,22,1184
2022-05,casual,Tuesday,23,718
2022-05,casual,Wednesday,0,235
2022-05,casual,Wednesday,1,146
2022-05,casual,Wednesday,2,92
2022-05,casual,Wednesday,3,50
2022-05,casual,Wednesday,4,39
2022-05,casual,Wednesday,5,154
2022-05,casual,Wednesday,6,298
2022-05,casual,Wednesday,7,627
2022-05,casual,Wednesday,8,885
2022-05,casual,Wednesday,9,625
2022-05,casual,Wednesday,10,613
2022-05,casual,Wednesday,11,805
2022-05,casual,Wednesday,12,1074
2022-05,casual,Wednesday,13,1142
2022-05,casual,Wednesday,14,1376
2022-05,casual,Wednesday,15,1766
2022-05,casual,Wednesday,16,2240
2022-05,casual,Wednesday,17,2993
2022-05,casual,Wednesday,18,2522
2022-05,casual,Wednesday,19,1795
2022-05,casual,Wednesday,20,1403
2022-05,casual,Wednesday,21,1166
2022-05,casual,Wednesday,22,982
2022-05,casual,Wednesday,23,559
2022-05,casual,Thursday,0,333
2022-05,casual,Thursday,1,156
2022-05,casual,Thursday,2,109
2022-05,casual,Thursday,3,78
2022-05,casual,Thursday,4,53
2022-05,casual,Thursday,5,155
2022-05,casual,Thursday,6,404
2022-05,casual,Thursday,7,909
2022-05,casual,Thursday,8,1194
2022-05,casual,Thursday,9,928
2022-05,casual,Thursday,10,1008
2022-05,casual,Thursday,11,1290
2022-05,casual,Thursday,12,1534
2022-05,casual,Thursday,13,1583
2022-05,casual,Thursday,14,1687
2022-05,casual,Thursday,15,2108
2022-05,casual,Thursday,16,2736
2022-05,casual,Thursday,17,3786
2022-05,casual,Thursday,18,3589
2022-05,casual,Thursday,19,2785
2022-05,casual,Thursday,20,2081
2022-05,casual,Thursday,21,1709
2022-05,casual,Thursday,22,1542
2022-05,casual,Thursday,23,971
2022-05,casual,Friday,0,623
2022-05,casual,Friday,1,347
2022-05,casual,Friday,2,172
2022-05,casual,Friday,3,115
2022-05,casual,Friday,4,87
2022-05,casual,Friday,5,136
2022-05,casual,Friday,6,328
2022-05,casual,Friday,7,613
2022-05,casual,Friday,8,723
2022-05,casual,Friday,9,721
2022-05,casual,Friday,10,934
2022-05,casual,Friday,11,1302
2022-05,casual,Friday,12,1755
2022-05,casual,Friday,13,1860
2022-05,casual,Friday,14,2025
2022-05,casual,Friday,15,2505
2022-05,casual,Friday,16,2830
2022-05,casual,Friday,17,3314
2022-05,casual,Friday,18,3123
2022-05,casual,Friday,19,2404
2022-05,casual,Friday,20,1784
2022-05,casual,Friday,21,1408
2022-05,casual,Friday,22,1342
2022-05,casual,Friday,23,1092
2022-05,casual,Saturday,0,946
2022-05,casual,Saturday,1,713
2022-05,casual,Saturday,2,493
2022-05,casual,Saturday,3,326
2022-05,casual,Saturday,4,130
2022-05,casual,Saturday,5,109
2022-05,casual,Saturday,6,239
2022-05,casual,Saturday,7,433
2022-05,casual,Saturday,8,990
2022-05,casual,Saturday,9,1680
2022-05,casual,Saturday,10,2568
2022-05,casual,Saturday,11,3521
2022-05,casual,Saturday,12,3692
2022-05,casual,Saturday,13,4277
2022-05,casual,Saturday,14,4007
2022-05,casual,Saturday,15,4371
2022-05,casual,Saturday,16,4223
2022-05,casual,Saturday,17,4122
2022-05,casual,Saturday,18,3681
2022-05,casual,Saturday,19,3132
2022-05,casual,Saturday,20,2148
2022-05,casual,Saturday,21,1921
2022-05,casual,Saturday,22,2045
2022-05,casual,Saturday,23,1977
2022-05,member,Sunday,0,1145
2022-05,member,Sunday,1,748
2022-05,member,Sunday,2,481
2022-05,member,Sunday,3,238
2022-05,member,Sunday,4,171
2022-05,member,Sunday,5,238
2022-05,member,Sunday,6,489
2022-05,member,Sunday,7,869
2022-05,member,Sunday,8,1341
2022-05,member,Sunday,9,2205
2022-05,member,Sunday,10,3015
2022-05,member,Sunday,11,3704
2022-05,member,Sunday,12,4158
2022-05,member,Sunday,13,4036
2022-05,member,Sunday,14,3637
2022-05,member,Sunday,15,3516
2022-05,member,Sunday,16,3634
2022-05,member,Sunday,17,3500
2022-05,member,Sunday,18,3224
2022-05,member,Sunday,19,2517
2022-05,member,Sunday,20,1804
2022-05,member,Sunday,21,1272
2022-05,member,Sunday,22,1008
2022-05,member,Sunday,23,792
2022-05,member,Monday,0,492
2022-05,member,Monday,1,266
2022-05,member,Monday,2,163
2022-05,member,Monday,3,98
2022-05,member,Monday,4,134
2022-05,member,Monday,5,585
2022-05,member,Monday,6,1709
2022-05,member,Monday,7,3189
2022-05,member,Monday,8,3608
2022-05,member,Monday,9,2396
2022-05,member,Monday,10,2392
2022-05,member,Monday,11,2821
2022-05,member,Monday,12,3226
2022-05,member,Monday,13,3261
2022-05,member,Monday,14,3117
2022-05,member,Monday,15,3936
2022-05,member,Monday,16,5474
2022-05,member,Monday,17,7171
2022-05,member,Monday,18,5709
2022-05,member,Monday,19,4237
2022-05,member,Monday,20,2819
2022-05,member,Monday,21,2112
2022-05,member,Monday,22,1248
2022-05,member,Monday,23,678
2022-05,member,Tuesday,0,372
2022-05,member,Tuesday,1,138
2022-05,member,Tuesday,2,83
2022-05,member,Tuesday,3,73
2022-05,member,Tuesday,4,143
2022-05,member,Tuesday,5,724
2022-05,member,Tuesday,6,1993
2022-05,member,Tuesday,7,3916
2022-05,member,Tuesday,8,4149
2022-05,member,Tuesday,9,2285
2022-05,member,Tuesday,10,1860
2022-05,member,Tuesday,11,2168
2022-05,member,Tuesday,12,2637
2022-05,member,Tuesday,13,2567
2022-05,member,Tuesday,14,2642
2022-05,member,Tuesday,15,3458
2022-05,member,Tuesday,16,5375
2022-05,member,Tuesday,17,7168
2022-05,member,Tuesday,18,5760
2022-05,member,Tuesday,19,4111
2022-05,member,Tuesday,20,2696
2022-05,member,Tuesday,21,2035
2022-05,member,Tuesday,22,1385
2022-05,member,Tuesday,23,675
2022-05,member,Wednesday,0,274
2022-05,member,Wednesday,1,135
2022-05,member,Wednesday,2,73
2022-05,member,Wednesday,3,62
2022-05,member,Wednesday,4,110
2022-05,member,Wednesday,5,565
2022-05,member,Wednesday,6,1284
2022-05,member,Wednesday,7,2586
2022-05,member,Wednesday,8,3073
2022-05,member,Wednesday,9,1733
2022-05,member,Wednesday,10,1316
2022-05,member,Wednesday,11,1565
2022-05,member,Wednesday,12,2014
2022-05,member,Wednesday,13,2024
2022-05,member,Wednesday,14,2149
2022-05,member,Wednesday,15,2758
2022-05,member,Wednesday,16,4218
2022-05,member,Wednesday,17,5760
2022-05,member,Wednesday,18,4224
2022-05,member,Wednesday,19,2984
2022-05,member,Wednesday,20,2027
2022-05,member,Wednesday,21,1526
2022-05,member,Wednesday,22,1156
2022-05,member,Wednesday,23,625
2022-05,member,Thursday,0,354
2022-05,member,Thursday,1,144
2022-05,member,Thursday,2,81
2022-05,member,Thursday,3,63
2022-05,member,Thursday,4,118
2022-05,member,Thursday,5,515
2022-05,member,Thursday,6,1528
2022-05,member,Thursday,7,3221
2022-05,member,Thursday,8,3696
2022-05,member,Thursday,9,2288
2022-05,member,Thursday,10,1844
2022-05,member,Thursday,11,2041
2022-05,member,Thursday,12,2359
2022-05,member,Thursday,13,2267
2022-05,member,Thursday,14,2149
2022-05,member,Thursday,15,2826
2022-05,member,Thursday,16,4363
2022-05,member,Thursday,17,5671
2022-05,member,Thursday,18,4679
2022-05,member,Thursday,19,3409
2022-05,member,Thursday,20,2433
2022-05,member,Thursday,21,2043
2022-05,member,Thursday,22,1575
2022-05,member,Thursday,23,977
2022-05,member,Friday,0,480
2022-05,member,Friday,1,276
2022-05,member,Friday,2,127
2022-05,member,Friday,3,105
2022-05,member,Friday,4,117
2022-05,member,Friday,5,456
2022-05,member,Friday,6,1157
2022-05,member,Friday,7,2012
2022-05,member,Friday,8,2051
2022-05,member,Friday,9,1407
2022-05,member,Friday,10,1312
2022-05,member,Friday,11,1850
2022-05,member,Friday,12,2332
2022-05,member,Friday,13,2341
2022-05,member,Friday,14,2351
2022-05,member,Friday,15,2922
2022-05,member,Friday,16,3856
2022-05,member,Friday,17,4254
2022-05,member,Friday,18,3753
2022-05,member,Friday,19,2805
2022-05,member,Friday,20,1931
2022-05,member,Friday,21,1428
2022-05,member,Friday,22,1220
2022-05,member,Friday,23,877
2022-05,member,Saturday,0,744
2022-05,member,Saturday,1,546
2022-05,member,Saturday,2,301
2022-05,member,Saturday,3,205
2022-05,member,Saturday,4,132
2022-05,member,Saturday,5,216
2022-05,member,Saturday,6,517
2022-05,member,Saturday,7,925
2022-05,member,Saturday,8,1429
2022-05,member,Saturday,9,2159
2022-05,member,Saturday,10,2627
2022-05,member,Saturday,11,3142
2022-05,member,Saturday,12,3146
2022-05,member,Saturday,13,3235
2022-05,member,Saturday,14,3068
2022-05,member,Saturday,15,3045
2022-05,member,Saturday,16,3345
2022-05,member,Saturday,17,3214
2022-05,member,Saturday,18,3207
2022-05,member,Saturday,19,2609
2022-05,member,Saturday,20,1805
2022-05,member,Saturday,21,1565
2022-05,member,Saturday,22,1420
2022-05,member,Saturday,23,1340
2022-06,casual,Sunday,0,2194
2022-06,casual,Sunday,1,1346
2022-06,casual,Sunday,2,965
2022-06,casual,Sunday,3,493
2022-06,casual,Sunday,4,319
2022-06,casual,Sunday,5,307
2022-06,casual,Sunday,6,351
2022-06,casual,Sunday,7,539
2022-06,casual,Sunday,8,974
2022-06,casual,Sunday,9,1795
2022-06,casual,Sunday,10,3088
2022-06,casual,Sunday,11,4104
2022-06,casual,Sunday,12,4859
2022-06,casual,Sunday,13,5085
2022-06,casual,Sunday,14,5632
2022-06,casual,Sunday,15,5724
2022-06,casual,Sunday,16,5776
2022-06,casual,Sunday,17,5412
2022-06,casual,Sunday,18,4403
2022-06,casual,Sunday,19,3486
2022-06,casual,Sunday,20,2678
2022-06,casual,Sunday,21,2222
2022-06,casual,Sunday,22,1699
2022-06,casual,Sunday,23,992
2022-06,casual,Monday,0,626
2022-06,casual,Monday,1,351
2022-06,casual,Monday,2,216
2022-06,casual,Monday,3,119
2022-06,casual,Monday,4,114
2022-06,casual,Monday,5,230
2022-06,casual,Monday,6,530
2022-06,casual,Monday,7,880
2022-06,casual,Monday,8,1073
2022-06,casual,Monday,9,1057
2022-06,casual,Monday,10,1419
2022-06,casual,Monday,11,1738
2022-06,casual,Monday,12,2148
2022-06,casual,Monday,13,2274
2022-06,casual,Monday,14,2499
2022-06,casual,Monday,15,2833
2022-06,casual,Monday,16,3296
2022-06,casual,Monday,17,4036
2022-06,casual,Monday,18,3354
2022-06,casual,Monday,19,2489
2022-06,casual,Monday,20,1942
2022-06,casual,Monday,21,1263
2022-06,casual,Monday,22,1031
2022-06,casual,Monday,23,681
2022-06,casual,Tuesday,0,425
2022-06,casual,Tuesday,1,225
2022-06,casual,Tuesday,2,127
2022-06,casual,Tuesday,3,62
2022-06,casual,Tuesday,4,96
2022-06,casual,Tuesday,5,244
2022-06,casual,Tuesday,6,610
2022-06,casual,Tuesday,7,1187
2022-06,casual,Tuesday,8,1418
2022-06,casual,Tuesday,9,1086
2022-06,casual,Tuesday,10,1121
2022-06,casual,Tuesday,11,1532
2022-06,casual,Tuesday,12,1776
2022-06,casual,Tuesday,13,1918
2022-06,casual,Tuesday,14,2041
2022-06,casual,Tuesday,15,2429
2022-06,casual,Tuesday,16,3204
2022-06,casual,Tuesday,17,4101
2022-06,casual,Tuesday,18,3890
2022-06,casual,Tuesday,19,3309
2022-06,casual,Tuesday,20,2576
2022-06,casual,Tuesday,21,2096
2022-06,casual,Tuesday,22,1603
2022-06,casual,Tuesday,23,847
2022-06,casual,Wednesday,0,662
2022-06,casual,Wednesday,1,337
2022-06,casual,Wednesday,2,144
2022-06,casual,Wednesday,3,112
2022-06,casual,Wednesday,4,111
2022-06,casual,Wednesday,5,309
2022-06,casual,Wednesday,6,825
2022-06,casual,Wednesday,7,1369
2022-06,casual,Wednesday,8,1653
2022-06,casual,Wednesday,9,1244
2022-06,casual,Wednesday,10,1358
2022-06,casual,Wednesday,11,1683
2022-06,casual,Wednesday,12,1983
2022-06,casual,Wednesday,13,1988
2022-06,casual,Wednesday,14,2154
2022-06,casual,Wednesday,15,2601
2022-06,casual,Wednesday,16,3733
2022-06,casual,Wednesday,17,5275
2022-06,casual,Wednesday,18,5273
2022-06,casual,Wednesday,19,4289
2022-06,casual,Wednesday,20,3489
2022-06,casual,Wednesday,21,2838
2022-06,casual,Wednesday,22,2499
2022-06,casual,Wednesday,23,1440
2022-06,casual,Thursday,0,773
2022-06,casual,Thursday,1,340
2022-06,casual,Thursday,2,168
2022-06,casual,Thursday,3,102
2022-06,casual,Thursday,4,120
2022-06,casual,Thursday,5,302
2022-06,casual,Thursday,6,727
2022-06,casual,Thursday,7,1469
2022-06,casual,Thursday,8,1745
2022-06,casual,Thursday,9,1446
2022-06,casual,Thursday,10,1640
2022-06,casual,Thursday,11,2302
2022-06,casual,Thursday,12,2712
2022-06,casual,Thursday,13,2858
2022-06,casual,Thursday,14,3027
2022-06,casual,Thursday,15,3573
2022-06,casual,Thursday,16,4794
2022-06,casual,Thursday,17,6359
2022-06,casual,Thursday,18,5941
2022-06,casual,Thursday,19,4835
2022-06,casual,Thursday,20,3989
2022-06,casual,Thursday,21,3099
2022-06,casual,Thursday,22,2697
2022-06,casual,Thursday,23,1686
2022-06,casual,Friday,0,815
2022-06,casual,Friday,1,445
2022-06,casual,Friday,2,257
2022-06,casual,Friday,3,134
2022-06,casual,Friday,4,144
2022-06,casual,Friday,5,240
2022-06,casual,Friday,6,729
2022-06,casual,Friday,7,1059
2022-06,casual,Friday,8,1442
2022-06,casual,Friday,9,1476
2022-06,casual,Friday,10,1910
2022-06,casual,Friday,11,2481
2022-06,casual,Friday,12,3126
2022-06,casual,Friday,13,3302
2022-06,casual,Friday,14,3334
2022-06,casual,Friday,15,3760
2022-06,casual,Friday,16,4651
2022-06,casual,Friday,17,5173
2022-06,casual,Friday,18,4992
2022-06,casual,Friday,19,4195
2022-06,casual,Friday,20,3351
2022-06,casual,Friday,21,2558
2022-06,casual,Friday,22,2608
2022-06,casual,Friday,23,2495
2022-06,casual,Saturday,0,1929
2022-06,casual,Saturday,1,1413
2022-06,casual,Saturday,2,725
2022-06,casual,Saturday,3,406
2022-06,casual,Saturday,4,230
2022-06,casual,Saturday,5,241
2022-06,casual,Saturday,6,373
2022-06,casual,Saturday,7,786
2022-06,casual,Saturday,8,1348
2022-06,casual,Saturday,9,2100
2022-06,casual,Saturday,10,2846
2022-06,casual,Saturday,11,3722
2022-06,casual,Saturday,12,4092
2022-06,casual,Saturday,13,3882
2022-06,casual,Saturday,14,4463
2022-06,casual,Saturday,15,5405
2022-06,casual,Saturday,16,5183
2022-06,casual,Saturday,17,4981
2022-06,casual,Saturday,18,4676
2022-06,casual,Saturday,19,3877
2022-06,casual,Saturday,20,3042
2022-06,casual,Saturday,21,2504
2022-06,casual,Saturday,22,2792
2022-06,casual,Saturday,23,2717
2022-06,member,Sunday,0,1185
2022-06,member,Sunday,1,705
2022-06,member,Sunday,2,516
2022-06,member,Sunday,3,269
2022-06,member,Sunday,4,201
2022-06,member,Sunday,5,210
2022-06,member,Sunday,6,469
2022-06,member,Sunday,7,787
2022-06,member,Sunday,8,1210
2022-06,member,Sunday,9,2011
2022-06,member,Sunday,10,2755
2022-06,member,Sunday,11,3241
2022-06,member,Sunday,12,3669
2022-06,member,Sunday,13,3749
2022-06,member,Sunday,14,3794
2022-06,member,Sunday,15,3967
2022-06,member,Sunday,16,3897
2022-06,member,Sunday,17,3712
2022-06,member,Sunday,18,3443
2022-06,member,Sunday,19,2680
2022-06,member,Sunday,20,2076
2022-06,member,Sunday,21,1536
2022-06,member,Sunday,22,1188
2022-06,member,Sunday,23,703
2022-06,member,Monday,0,360
2022-06,member,Monday,1,212
2022-06,member,Monday,2,108
2022-06,member,Monday,3,62
2022-06,member,Monday,4,117
2022-06,member,Monday,5,579
2022-06,member,Monday,6,1563
2022-06,member,Monday,7,2676
2022-06,member,Monday,8,2873
2022-06,member,Monday,9,1736
2022-06,member,Monday,10,1534
2022-06,member,Monday,11,1893
2022-06,member,Monday,12,2302
2022-06,member,Monday,13,2199
2022-06,member,Monday,14,2189
2022-06,member,Monday,15,2749
2022-06,member,Monday,16,4309
2022-06,member,Monday,17,5862
2022-06,member,Monday,18,4521
2022-06,member,Monday,19,3050
2022-06,member,Monday,20,2191
2022-06,member,Monday,21,1344
2022-06,member,Monday,22,891
2022-06,member,Monday,23,525
2022-06,member,Tuesday,0,263
2022-06,member,Tuesday,1,127
2022-06,member,Tuesday,2,72
2022-06,member,Tuesday,3,49
2022-06,member,Tuesday,4,168
2022-06,member,Tuesday,5,686
2022-06,member,Tuesday,6,2041
2022-06,member,Tuesday,7,3736
2022-06,member,Tuesday,8,3891
2022-06,member,Tuesday,9,2037
2022-06,member,Tuesday,10,1575
2022-06,member,Tuesday,11,1888
2022-06,member,Tuesday,12,2232
2022-06,member,Tuesday,13,2188
2022-06,member,Tuesday,14,2154
2022-06,member,Tuesday,15,2956
2022-06,member,Tuesday,16,4805
2022-06,member,Tuesday,17,6405
2022-06,member,Tuesday,18,5235
2022-06,member,Tuesday,19,3868
2022-06,member,Tuesday,20,3047
2022-06,member,Tuesday,21,2185
2022-06,member,Tuesday,22,1513
2022-06,member,Tuesday,23,722
2022-06,member,Wednesday,0,391
2022-06,member,Wednesday,1,217
2022-06,member,Wednesday,2,76
2022-06,member,Wednesday,3,74
2022-06,member,Wednesday,4,138
2022-06,member,Wednesday,5,857
2022-06,member,Wednesday,6,2347
2022-06,member,Wednesday,7,4372
2022-06,member,Wednesday,8,4639
2022-06,member,Wednesday,9,2641
2022-06,member,Wednesday,10,2077
2022-06,member,Wednesday,11,2371
2022-06,member,Wednesday,12,2769
2022-06,member,Wednesday,13,2476
2022-06,member,Wednesday,14,2466
2022-06,member,Wednesday,15,3425
2022-06,member,Wednesday,16,5940
2022-06,member,Wednesday,17,8245
2022-06,member,Wednesday,18,6891
2022-06,member,Wednesday,19,5048
2022-06,member,Wednesday,20,3751
2022-06,member,Wednesday,21,2856
2022-06,member,Wednesday,22,2147
2022-06,member,Wednesday,23,1158
2022-06,member,Thursday,0,536
2022-06,member,Thursday,1,218
2022-06,member,Thursday,2,106
2022-06,member,Thursday,3,86
2022-06,member,Thursday,4,123
2022-06,member,Thursday,5,781
2022-06,member,Thursday,6,2208
2022-06,member,Thursday,7,4377
2022-06,member,Thursday,8,4856
2022-06,member,Thursday,9,2816
2022-06,member,Thursday,10,2167
2022-06,member,Thursday,11,2658
2022-06,member,Thursday,12,3108
2022-06,member,Thursday,13,3070
2022-06,member,Thursday,14,3047
2022-06,member,Thursday,15,3979
2022-06,member,Thursday,16,6267
2022-06,member,Thursday,17,8364
2022-06,member,Thursday,18,6865
2022-06,member,Thursday,19,5235
2022-06,member,Thursday,20,4017
2022-06,member,Thursday,21,3272
2022-06,member,Thursday,22,2477
2022-06,member,Thursday,23,1369
2022-06,member,Friday,0,612
2022-06,member,Friday,1,280
2022-06,member,Friday,2,169
2022-06,member,Friday,3,81
2022-06,member,Friday,4,141
2022-06,member,Friday,5,588
2022-06,member,Friday,6,1559
2022-06,member,Friday,7,2663
2022-06,member,Friday,8,2908
2022-06,member,Friday,9,2078
2022-06,member,Friday,10,1878
2022-06,member,Friday,11,2602
2022-06,member,Friday,12,3082
2022-06,member,Friday,13,3031
2022-06,member,Friday,14,2997
2022-06,member,Friday,15,3691
2022-06,member,Friday,16,4870
2022-06,member,Friday,17,5623
2022-06,member,Friday,18,4871
2022-06,member,Friday,19,3925
2022-06,member,Friday,20,3023
2022-06,member,Friday,21,2083
2022-06,member,Friday,22,1890
2022-06,member,Friday,23,1527
2022-06,member,Saturday,0,1209
2022-06,member,Saturday,1,777
2022-06,member,Saturday,2,455
2022-06,member,Saturday,3,256
2022-06,member,Saturday,4,168
2022-06,member,Saturday,5,310
2022-06,member,Saturday,6,600
2022-06,member,Saturday,7,1180
2022-06,member,Saturday,8,1779
2022-06,member,Saturday,9,2337
2022-06,member,Saturday,10,2599
2022-06,member,Saturday,11,3170
2022-06,member,Saturday,12,3401
2022-06,member,Saturday,13,3012
2022-06,member,Saturday,14,3304
2022-06,member,Saturday,15,3602
2022-06,member,Saturday,16,3591
2022-06,member,Saturday,17,3521
2022-06,member,Saturday,18,3302
2022-06,member,Saturday,19,2731
2022-06,member,Saturday,20,2226
2022-06,member,Saturday,21,1780
2022-06,member,Saturday,22,1728
2022-06,member,Saturday,23,1550
2022-07,casual,Sunday,0,2795
2022-07,casual,Sunday,1,1841
2022-07,casual,Sunday,2,1259
2022-07,casual,Sunday,3,704
2022-07,casual,Sunday,4,366
2022-07,casual,Sunday,5,283
2022-07,casual,Sunday,6,360
2022-07,casual,Sunday,7,538
2022-07,casual,Sunday,8,1107
2022-07,casual,Sunday,9,2197
2022-07,casual,Sunday,10,3329
2022-07,casual,Sunday,11,4738
2022-07,casual,Sunday,12,5724
2022-07,casual,Sunday,13,6142
2022-07,casual,Sunday,14,6266
2022-07,casual,Sunday,15,6561
2022-07,casual,Sunday,16,6436
2022-07,casual,Sunday,17,5872
2022-07,casual,Sunday,18,5329
2022-07,casual,Sunday,19,4514
2022-07,casual,Sunday,20,3335
2022-07,casual,Sunday,21,2655
2022-07,casual,Sunday,22,2432
2022-07,casual,Sunday,23,1685
2022-07,casual,Monday,0,868
2022-07,casual,Monday,1,479
2022-07,casual,Monday,2,376
2022-07,casual,Monday,3,235
2022-07,casual,Monday,4,182
2022-07,casual,Monday,5,264
2022-07,casual,Monday,6,509
2022-07,casual,Monday,7,926
2022-07,casual,Monday,8,1238
2022-07,casual,Monday,9,1370
2022-07,casual,Monday,10,1832
2022-07,casual,Monday,11,2085
2022-07,casual,Monday,12,2706
2022-07,casual,Monday,13,2995
2022-07,casual,Monday,14,2936
2022-07,casual,Monday,15,2787
2022-07,casual,Monday,16,3276
2022-07,casual,Monday,17,3535
2022-07,casual,Monday,18,3564
2022-07,casual,Monday,19,3115
2022-07,casual,Monday,20,2752
2022-07,casual,Monday,21,2181
2022-07,casual,Monday,22,1733
2022-07,casual,Monday,23,1068
2022-07,casual,Tuesday,0,500
2022-07,casual,Tuesday,1,243
2022-07,casual,Tuesday,2,151
2022-07,casual,Tuesday,3,117
2022-07,casual,Tuesday,4,113
2022-07,casual,Tuesday,5,247
2022-07,casual,Tuesday,6,687
2022-07,casual,Tuesday,7,1177
2022-07,casual,Tuesday,8,1484
2022-07,casual,Tuesday,9,1091
2022-07,casual,Tuesday,10,1356
2022-07,casual,Tuesday,11,1758
2022-07,casual,Tuesday,12,2140
2022-07,casual,Tuesday,13,2165
2022-07,casual,Tuesday,14,2340
2022-07,casual,Tuesday,15,2742
2022-07,casual,Tuesday,16,3405
2022-07,casual,Tuesday,17,4449
2022-07,casual,Tuesday,18,4167
2022-07,casual,Tuesday,19,3482
2022-07,casual,Tuesday,20,2502
2022-07,casual,Tuesday,21,1856
2022-07,casual,Tuesday,22,1357
2022-07,casual,Tuesday,23,888
2022-07,casual,Wednesday,0,453
2022-07,casual,Wednesday,1,310
2022-07,casual,Wednesday,2,139
2022-07,casual,Wednesday,3,103
2022-07,casual,Wednesday,4,123
2022-07,casual,Wednesday,5,248
2022-07,casual,Wednesday,6,624
2022-07,casual,Wednesday,7,1184
2022-07,casual,Wednesday,8,1570
2022-07,casual,Wednesday,9,1200
2022-07,casual,Wednesday,10,1224
2022-07,casual,Wednesday,11,1685
2022-07,casual,Wednesday,12,1928
2022-07,casual,Wednesday,13,2042
2022-07,casual,Wednesday,14,2224
2022-07,casual,Wednesday,15,2319
2022-07,casual,Wednesday,16,3296
2022-07,casual,Wednesday,17,4652
2022-07,casual,Wednesday,18,4500
2022-07,casual,Wednesday,19,3721
2022-07,casual,Wednesday,20,3118
2022-07,casual,Wednesday,21,2438
2022-07,casual,Wednesday,22,1790
2022-07,casual,Wednesday,23,995
2022-07,casual,Thursday,0,648
2022-07,casual,Thursday,1,303
2022-07,casual,Thursday,2,179
2022-07,casual,Thursday,3,147
2022-07,casual,Thursday,4,114
2022-07,casual,Thursday,5,249
2022-07,casual,Thursday,6,724
2022-07,casual,Thursday,7,1248
2022-07,casual,Thursday,8,1552
2022-07,casual,Thursday,9,1270
2022-07,casual,Thursday,10,1459
2022-07,casual,Thursday,11,1861
2022-07,casual,Thursday,12,2301
2022-07,casual,Thursday,13,2330
2022-07,casual,Thursday,14,2649
2022-07,casual,Thursday,15,3002
2022-07,casual,Thursday,16,3861
2022-07,casual,Thursday,17,5165
2022-07,casual,Thursday,18,4735
2022-07,casual,Thursday,19,3798
2022-07,casual,Thursday,20,3086
2022-07,casual,Thursday,21,2585
2022-07,casual,Thursday,22,2150
2022-07,casual,Thursday,23,1385
2022-07,casual,Friday,0,1080
2022-07,casual,Friday,1,699
2022-07,casual,Friday,2,434
2022-07,casual,Friday,3,265
2022-07,casual,Friday,4,176
2022-07,casual,Friday,5,306
2022-07,casual,Friday,6,972
2022-07,casual,Friday,7,1209
2022-07,casual,Friday,8,1434
2022-07,casual,Friday,9,1519
2022-07,casual,Friday,10,1820
2022-07,casual,Friday,11,2448
2022-07,casual,Friday,12,2935
2022-07,casual,Friday,13,3356
2022-07,casual,Friday,14,3673
2022-07,casual,Friday,15,3986
2022-07,casual,Friday,16,4311
2022-07,casual,Friday,17,4762
2022-07,casual,Friday,18,4520
2022-07,casual,Friday,19,3890
2022-07,casual,Friday,20,3366
2022-07,casual,Friday,21,2745
2022-07,casual,Friday,22,2811
2022-07,casual,Friday,23,2546
2022-07,casual,Saturday,0,2211
2022-07,casual,Saturday,1,1785
2022-07,casual,Saturday,2,981
2022-07,casual,Saturday,3,519
2022-07,casual,Saturday,4,248
2022-07,casual,Saturday,5,242
2022-07,casual,Saturday,6,371
2022-07,casual,Saturday,7,728
2022-07,casual,Saturday,8,1547
2022-07,casual,Saturday,9,2791
2022-07,casual,Saturday,10,4238
2022-07,casual,Saturday,11,5500
2022-07,casual,Saturday,12,6714
2022-07,casual,Saturday,13,7232
2022-07,casual,Saturday,14,7356
2022-07,casual,Saturday,15,7675
2022-07,casual,Saturday,16,7472
2022-07,casual,Saturday,17,6975
2022-07,casual,Saturday,18,6512
2022-07,casual,Saturday,19,5219
2022-07,casual,Saturday,20,4278
2022-07,casual,Saturday,21,4445
2022-07,casual,Saturday,22,4347
2022-07,casual,Saturday,23,3639
2022-07,member,Sunday,0,1610
2022-07,member,Sunday,1,1023
2022-07,member,Sunday,2,643
2022-07,member,Sunday,3,356
2022-07,member,Sunday,4,216
2022-07,member,Sunday,5,230
2022-07,member,Sunday,6,500
2022-07,member,Sunday,7,805
2022-07,member,Sunday,8,1284
2022-07,member,Sunday,9,2317
2022-07,member,Sunday,10,3070
2022-07,member,Sunday,11,3849
2022-07,member,Sunday,12,4441
2022-07,member,Sunday,13,4427
2022-07,member,Sunday,14,4377
2022-07,member,Sunday,15,4441
2022-07,member,Sunday,16,4455
2022-07,member,Sunday,17,4427
2022-07,member,Sunday,18,4300
2022-07,member,Sunday,19,3345
2022-07,member,Sunday,20,2616
2022-07,member,Sunday,21,2040
2022-07,member,Sunday,22,1577
2022-07,member,Sunday,23,967
2022-07,member,Monday,0,434
2022-07,member,Monday,1,265
2022-07,member,Monday,2,160
2022-07,member,Monday,3,104
2022-07,member,Monday,4,133
2022-07,member,Monday,5,556
2022-07,member,Monday,6,1539
2022-07,member,Monday,7,2549
2022-07,member,Monday,8,2987
2022-07,member,Monday,9,1989
2022-07,member,Monday,10,1778
2022-07,member,Monday,11,2047
2022-07,member,Monday,12,2463
2022-07,member,Monday,13,2388
2022-07,member,Monday,14,2414
2022-07,member,Monday,15,2684
2022-07,member,Monday,16,4185
2022-07,member,Monday,17,5262
2022-07,member,Monday,18,4650
2022-07,member,Monday,19,3493
2022-07,member,Monday,20,2760
2022-07,member,Monday,21,1997
2022-07,member,Monday,22,1255
2022-07,member,Monday,23,693
2022-07,member,Tuesday,0,300
2022-07,member,Tuesday,1,128
2022-07,member,Tuesday,2,70
2022-07,member,Tuesday,3,52
2022-07,member,Tuesday,4,141
2022-07,member,Tuesday,5,656
2022-07,member,Tuesday,6,2046
2022-07,member,Tuesday,7,3721
2022-07,member,Tuesday,8,3934
2022-07,member,Tuesday,9,2178
2022-07,member,Tuesday,10,1736
2022-07,member,Tuesday,11,2109
2022-07,member,Tuesday,12,2534
2022-07,member,Tuesday,13,2454
2022-07,member,Tuesday,14,2356
2022-07,member,Tuesday,15,3040
2022-07,member,Tuesday,16,5003
2022-07,member,Tuesday,17,6811
2022-07,member,Tuesday,18,5555
2022-07,member,Tuesday,19,4110
2022-07,member,Tuesday,20,3019
2022-07,member,Tuesday,21,2124
2022-07,member,Tuesday,22,1394
2022-07,member,Tuesday,23,750
2022-07,member,Wednesday,0,335
2022-07,member,Wednesday,1,153
2022-07,member,Wednesday,2,78
2022-07,member,Wednesday,3,53
2022-07,member,Wednesday,4,141
2022-07,member,Wednesday,5,633
2022-07,member,Wednesday,6,1879
2022-07,member,Wednesday,7,3661
2022-07,member,Wednesday,8,4065
2022-07,member,Wednesday,9,2359
2022-07,member,Wednesday,10,1782
2022-07,member,Wednesday,11,2077
2022-07,member,Wednesday,12,2450
2022-07,member,Wednesday,13,2562
2022-07,member,Wednesday,14,2462
2022-07,member,Wednesday,15,2730
2022-07,member,Wednesday,16,5090
2022-07,member,Wednesday,17,7176
2022-07,member,Wednesday,18,5698
2022-07,member,Wednesday,19,4432
2022-07,member,Wednesday,20,3390
2022-07,member,Wednesday,21,2489
2022-07,member,Wednesday,22,1696
2022-07,member,Wednesday,23,879
2022-07,member,Thursday,0,445
2022-07,member,Thursday,1,183
2022-07,member,Thursday,2,122
2022-07,member,Thursday,3,55
2022-07,member,Thursday,4,127
2022-07,member,Thursday,5,661
2022-07,member,Thursday,6,1867
2022-07,member,Thursday,7,3554
2022-07,member,Thursday,8,4028
2022-07,member,Thursday,9,2366
2022-07,member,Thursday,10,1790
2022-07,member,Thursday,11,2223
2022-07,member,Thursday,12,2552
2022-07,member,Thursday,13,2550
2022-07,member,Thursday,14,2545
2022-07,member,Thursday,15,3331
2022-07,member,Thursday,16,5163
2022-07,member,Thursday,17,7101
2022-07,member,Thursday,18,5772
2022-07,member,Thursday,19,4257
2022-07,member,Thursday,20,3248
2022-07,member,Thursday,21,2715
2022-07,member,Thursday,22,1981
2022-07,member,Thursday,23,1175
2022-07,member,Friday,0,756
2022-07,member,Friday,1,411
2022-07,member,Friday,2,233
2022-07,member,Friday,3,141
2022-07,member,Friday,4,184
2022-07,member,Friday,5,710
2022-07,member,Friday,6,2000
2022-07,member,Friday,7,2976
2022-07,member,Friday,8,3224
2022-07,member,Friday,9,2337
2022-07,member,Friday,10,2142
2022-07,member,Friday,11,2591
2022-07,member,Friday,12,2945
2022-07,member,Friday,13,3213
2022-07,member,Friday,14,3394
2022-07,member,Friday,15,4243
2022-07,member,Friday,16,4950
2022-07,member,Friday,17,5670
2022-07,member,Friday,18,5081
2022-07,member,Friday,19,3857
2022-07,member,Friday,20,3008
2022-07,member,Friday,21,2343
2022-07,member,Friday,22,2187
2022-07,member,Friday,23,1702
2022-07,member,Saturday,0,1313
2022-07,member,Saturday,1,1017
2022-07,member,Saturday,2,520
2022-07,member,Saturday,3,312
2022-07,member,Saturday,4,189
2022-07,member,Saturday,5,317
2022-07,member,Saturday,6,627
2022-07,member,Saturday,7,1175
2022-07,member,Saturday,8,2098
2022-07,member,Saturday,9,3206
2022-07,member,Saturday,10,3974
2022-07,member,Saturday,11,4550
2022-07,member,Saturday,12,4826
2022-07,member,Saturday,13,4888
2022-07,member,Saturday,14,4771
2022-07,member,Saturday,15,4777
2022-07,member,Saturday,16,4848
2022-07,member,Saturday,17,4988
2022-07,member,Saturday,18,4559
2022-07,member,Saturday,19,3767
2022-07,member,Saturday,20,3118
2022-07,member,Saturday,21,2778
2022-07,member,Saturday,22,2529
2022-07,member,Saturday,23,2095
2022-08,casual,Sunday,0,2292
2022-08,casual,Sunday,1,1383
2022-08,casual,Sunday,2,951
2022-08,casual,Sunday,3,595
2022-08,casual,Sunday,4,356
2022-08,casual,Sunday,5,331
2022-08,casual,Sunday,6,351
2022-08,casual,Sunday,7,533
2022-08,casual,Sunday,8,929
2022-08,casual,Sunday,9,1792
2022-08,casual,Sunday,10,2588
2022-08,casual,Sunday,11,3086
2022-08,casual,Sunday,12,3429
2022-08,casual,Sunday,13,3604
2022-08,casual,Sunday,14,3797
2022-08,casual,Sunday,15,3893
2022-08,casual,Sunday,16,3860
2022-08,casual,Sunday,17,3285
2022-08,casual,Sunday,18,2894
2022-08,casual,Sunday,19,2219
2022-08,casual,Sunday,20,1607
2022-08,casual,Sunday,21,1481
2022-08,casual,Sunday,22,1105
2022-08,casual,Sunday,23,639
2022-08,casual,Monday,0,643
2022-08,casual,Monday,1,423
2022-08,casual,Monday,2,244
2022-08,casual,Monday,3,209
2022-08,casual,Monday,4,169
2022-08,casual,Monday,5,289
2022-08,casual,Monday,6,764
2022-08,casual,Monday,7,1195
2022-08,casual,Monday,8,1390
2022-08,casual,Monday,9,1242
2022-08,casual,Monday,10,1461
2022-08,casual,Monday,11,1911
2022-08,casual,Monday,12,2194
2022-08,casual,Monday,13,2146
2022-08,casual,Monday,14,2391
2022-08,casual,Monday,15,2690
2022-08,casual,Monday,16,3238
2022-08,casual,Monday,17,4257
2022-08,casual,Monday,18,4276
2022-08,casual,Monday,19,3331
2022-08,casual,Monday,20,2340
2022-08,casual,Monday,21,1920
2022-08,casual,Monday,22,1507
2022-08,casual,Monday,23,1074
2022-08,casual,Tuesday,0,563
2022-08,casual,Tuesday,1,266
2022-08,casual,Tuesday,2,176
2022-08,casual,Tuesday,3,143
2022-08,casual,Tuesday,4,139
2022-08,casual,Tuesday,5,372
2022-08,casual,Tuesday,6,894
2022-08,casual,Tuesday,7,1567
2022-08,casual,Tuesday,8,1925
2022-08,casual,Tuesday,9,1465
2022-08,casual,Tuesday,10,1655
2022-08,casual,Tuesday,11,2053
2022-08,casual,Tuesday,12,2510
2022-08,casual,Tuesday,13,2612
2022-08,casual,Tuesday,14,2711
2022-08,casual,Tuesday,15,3322
2022-08,casual,Tuesday,16,4195
2022-08,casual,Tuesday,17,5677
2022-08,casual,Tuesday,18,5489
2022-08,casual,Tuesday,19,4236
2022-08,casual,Tuesday,20,2938
2022-08,casual,Tuesday,21,2468
2022-08,casual,Tuesday,22,1933
2022-08,casual,Tuesday,23,1090
2022-08,casual,Wednesday,0,606
2022-08,casual,Wednesday,1,340
2022-08,casual,Wednesday,2,204
2022-08,casual,Wednesday,3,153
2022-08,casual,Wednesday,4,129
2022-08,casual,Wednesday,5,361
2022-08,casual,Wednesday,6,925
2022-08,casual,Wednesday,7,1653
2022-08,casual,Wednesday,8,1973
2022-08,casual,Wednesday,9,1503
2022-08,casual,Wednesday,10,1641
2022-08,casual,Wednesday,11,2105
2022-08,casual,Wednesday,12,2486
2022-08,casual,Wednesday,13,2411
2022-08,casual,Wednesday,14,2486
2022-08,casual,Wednesday,15,3015
2022-08,casual,Wednesday,16,4020
2022-08,casual,Wednesday,17,5614
2022-08,casual,Wednesday,18,5220
2022-08,casual,Wednesday,19,4234
2022-08,casual,Wednesday,20,3219
2022-08,casual,Wednesday,21,2852
2022-08,casual,Wednesday,22,2097
2022-08,casual,Wednesday,23,1101
2022-08,casual,Thursday,0,544
2022-08,casual,Thursday,1,310
2022-08,casual,Thursday,2,187
2022-08,casual,Thursday,3,130
2022-08,casual,Thursday,4,117
2022-08,casual,Thursday,5,244
2022-08,casual,Thursday,6,642
2022-08,casual,Thursday,7,1070
2022-08,casual,Thursday,8,1484
2022-08,casual,Thursday,9,983
2022-08,casual,Thursday,10,1247
2022-08,casual,Thursday,11,1634
2022-08,casual,Thursday,12,2107
2022-08,casual,Thursday,13,2249
2022-08,casual,Thursday,14,2419
2022-08,casual,Thursday,15,2755
2022-08,casual,Thursday,16,3485
2022-08,casual,Thursday,17,4652
2022-08,casual,Thursday,18,4184
2022-08,casual,Thursday,19,3458
2022-08,casual,Thursday,20,2497
2022-08,casual,Thursday,21,2045
2022-08,casual,Thursday,22,1757
2022-08,casual,Thursday,23,1150
2022-08,casual,Friday,0,798
2022-08,casual,Friday,1,463
2022-08,casual,Friday,2,265
2022-08,casual,Friday,3,191
2022-08,casual,Friday,4,123
2022-08,casual,Friday,5,283
2022-08,casual,Friday,6,1173
2022-08,casual,Friday,7,1310
2022-08,casual,Friday,8,1548
2022-08,casual,Friday,9,1522
2022-08,casual,Friday,10,2023
2022-08,casual,Friday,11,2581
2022-08,casual,Friday,12,3229
2022-08,casual,Friday,13,3211
2022-08,casual,Friday,14,3532
2022-08,casual,Friday,15,4089
2022-08,casual,Friday,16,4708
2022-08,casual,Friday,17,5373
2022-08,casual,Friday,18,5042
2022-08,casual,Friday,19,4063
2022-08,casual,Friday,20,2739
2022-08,casual,Friday,21,2375
2022-08,casual,Friday,22,2546
2022-08,casual,Friday,23,2292
2022-08,casual,Saturday,0,1915
2022-08,casual,Saturday,1,1399
2022-08,casual,Saturday,2,840
2022-08,casual,Saturday,3,346
2022-08,casual,Saturday,4,163
2022-08,casual,Saturday,5,191
2022-08,casual,Saturday,6,371
2022-08,casual,Saturday,7,640
2022-08,casual,Saturday,8,1314
2022-08,casual,Saturday,9,2469
2022-08,casual,Saturday,10,3466
2022-08,casual,Saturday,11,4332
2022-08,casual,Saturday,12,4674
2022-08,casual,Saturday,13,4306
2022-08,casual,Saturday,14,4604
2022-08,casual,Saturday,15,4891
2022-08,casual,Saturday,16,4684
2022-08,casual,Saturday,17,4870
2022-08,casual,Saturday,18,4552
2022-08,casual,Saturday,19,3800
2022-08,casual,Saturday,20,3003
2022-08,casual,Saturday,21,2675
2022-08,casual,Saturday,22,2551
2022-08,casual,Saturday,23,2583
2022-08,member,Sunday,0,1246
2022-08,member,Sunday,1,838
2022-08,member,Sunday,2,505
2022-08,member,Sunday,3,317
2022-08,member,Sunday,4,225
2022-08,member,Sunday,5,210
2022-08,member,Sunday,6,475
2022-08,member,Sunday,7,784
2022-08,member,Sunday,8,1215
2022-08,member,Sunday,9,1856
2022-08,member,Sunday,10,2525
2022-08,member,Sunday,11,2833
2022-08,member,Sunday,12,3023
2022-08,member,Sunday,13,3138
2022-08,member,Sunday,14,3232
2022-08,member,Sunday,15,3218
2022-08,member,Sunday,16,3396
2022-08,member,Sunday,17,3229
2022-08,member,Sunday,18,2886
2022-08,member,Sunday,19,2302
2022-08,member,Sunday,20,1723
2022-08,member,Sunday,21,1374
2022-08,member,Sunday,22,934
2022-08,member,Sunday,23,473
2022-08,member,Monday,0,382
2022-08,member,Monday,1,226
2022-08,member,Monday,2,128
2022-08,member,Monday,3,93
2022-08,member,Monday,4,195
2022-08,member,Monday,5,676
2022-08,member,Monday,6,2156
2022-08,member,Monday,7,3795
2022-08,member,Monday,8,3969
2022-08,member,Monday,9,2367
2022-08,member,Monday,10,1915
2022-08,member,Monday,11,2365
2022-08,member,Monday,12,2755
2022-08,member,Monday,13,2460
2022-08,member,Monday,14,2528
2022-08,member,Monday,15,3336
2022-08,member,Monday,16,5099
2022-08,member,Monday,17,7618
2022-08,member,Monday,18,6410
2022-08,member,Monday,19,4756
2022-08,member,Monday,20,3249
2022-08,member,Monday,21,2373
2022-08,member,Monday,22,1573
2022-08,member,Monday,23,830
2022-08,member,Tuesday,0,370
2022-08,member,Tuesday,1,217
2022-08,member,Tuesday,2,109
2022-08,member,Tuesday,3,80
2022-08,member,Tuesday,4,135
2022-08,member,Tuesday,5,834
2022-08,member,Tuesday,6,2678
2022-08,member,Tuesday,7,4932
2022-08,member,Tuesday,8,5472
2022-08,member,Tuesday,9,2960
2022-08,member,Tuesday,10,2324
2022-08,member,Tuesday,11,2746
2022-08,member,Tuesday,12,3230
2022-08,member,Tuesday,13,3207
2022-08,member,Tuesday,14,3093
2022-08,member,Tuesday,15,4335
2022-08,member,Tuesday,16,6865
2022-08,member,Tuesday,17,9178
2022-08,member,Tuesday,18,7309
2022-08,member,Tuesday,19,5595
2022-08,member,Tuesday,20,3736
2022-08,member,Tuesday,21,2775
2022-08,member,Tuesday,22,1827
2022-08,member,Tuesday,23,947
2022-08,member,Wednesday,0,493
2022-08,member,Wednesday,1,235
2022-08,member,Wednesday,2,125
2022-08,member,Wednesday,3,65
2022-08,member,Wednesday,4,150
2022-08,member,Wednesday,5,820
2022-08,member,Wednesday,6,2588
2022-08,member,Wednesday,7,4965
2022-08,member,Wednesday,8,5299
2022-08,member,Wednesday,9,2985
2022-08,member,Wednesday,10,2443
2022-08,member,Wednesday,11,2871
2022-08,member,Wednesday,12,3378
2022-08,member,Wednesday,13,3080
2022-08,member,Wednesday,14,3047
2022-08,member,Wednesday,15,4218
2022-08,member,Wednesday,16,6499
2022-08,member,Wednesday,17,8913
2022-08,member,Wednesday,18,7011
2022-08,member,Wednesday,19,5441
2022-08,member,Wednesday,20,4029
2022-08,member,Wednesday,21,3030
2022-08,member,Wednesday,22,2130
2022-08,member,Wednesday,23,1057
2022-08,member,Thursday,0,465
2022-08,member,Thursday,1,198
2022-08,member,Thursday,2,106
2022-08,member,Thursday,3,64
2022-08,member,Thursday,4,109
2022-08,member,Thursday,5,592
2022-08,member,Thursday,6,1764
2022-08,member,Thursday,7,3191
2022-08,member,Thursday,8,3720
2022-08,member,Thursday,9,1970
2022-08,member,Thursday,10,1834
2022-08,member,Thursday,11,2191
2022-08,member,Thursday,12,2669
2022-08,member,Thursday,13,2598
2022-08,member,Thursday,14,2551
2022-08,member,Thursday,15,3298
2022-08,member,Thursday,16,5051
2022-08,member,Thursday,17,6675
2022-08,member,Thursday,18,5601
2022-08,member,Thursday,19,4068
2022-08,member,Thursday,20,2711
2022-08,member,Thursday,21,2087
2022-08,member,Thursday,22,1655
2022-08,member,Thursday,23,948
2022-08,member,Friday,0,541
2022-08,member,Friday,1,306
2022-08,member,Friday,2,175
2022-08,member,Friday,3,105
2022-08,member,Friday,4,165
2022-08,member,Friday,5,512
2022-08,member,Friday,6,1889
2022-08,member,Friday,7,2860
2022-08,member,Friday,8,3071
2022-08,member,Friday,9,2202
2022-08,member,Friday,10,2043
2022-08,member,Friday,11,2518
2022-08,member,Friday,12,2972
2022-08,member,Friday,13,3168
2022-08,member,Friday,14,3281
2022-08,member,Friday,15,3961
2022-08,member,Friday,16,4960
2022-08,member,Friday,17,5684
2022-08,member,Friday,18,5024
2022-08,member,Friday,19,3847
2022-08,member,Friday,20,2640
2022-08,member,Friday,21,2009
2022-08,member,Friday,22,1870
2022-08,member,Friday,23,1531
2022-08,member,Saturday,0,1197
2022-08,member,Saturday,1,837
2022-08,member,Saturday,2,425
2022-08,member,Saturday,3,231
2022-08,member,Saturday,4,120
2022-08,member,Saturday,5,216
2022-08,member,Saturday,6,581
2022-08,member,Saturday,7,995
2022-08,member,Saturday,8,1818
2022-08,member,Saturday,9,2692
2022-08,member,Saturday,10,3385
2022-08,member,Saturday,11,3539
2022-08,member,Saturday,12,3480
2022-08,member,Saturday,13,3240
2022-08,member,Saturday,14,3335
2022-08,member,Saturday,15,3372
2022-08,member,Saturday,16,3480
2022-08,member,Saturday,17,3646
2022-08,member,Saturday,18,3561
2022-08,member,Saturday,19,3061
2022-08,member,Saturday,20,2217
2022-08,member,Saturday,21,1955
2022-08,member,Saturday,22,1701
2022-08,member,Saturday,23,1546
2022-09,casual,Sunday,0,1898
2022-09,casual,Sunday,1,1288
2022-09,casual,Sunday,2,907
2022-09,casual,Sunday,3,467
2022-09,casual,Sunday,4,263
2022-09,casual,Sunday,5,243
2022-09,casual,Sunday,6,369
2022-09,casual,Sunday,7,537
2022-09,casual,Sunday,8,760
2022-09,casual,Sunday,9,1049
2022-09,casual,Sunday,10,1596
2022-09,casual,Sunday,11,2232
2022-09,casual,Sunday,12,2307
2022-09,casual,Sunday,13,2385
2022-09,casual,Sunday,14,2465
2022-09,casual,Sunday,15,2861
2022-09,casual,Sunday,16,2760
2022-09,casual,Sunday,17,2570
2022-09,casual,Sunday,18,2426
2022-09,casual,Sunday,19,1724
2022-09,casual,Sunday,20,1249
2022-09,casual,Sunday,21,1112
2022-09,casual,Sunday,22,1198
2022-09,casual,Sunday,23,690
2022-09,casual,Monday,0,410
2022-09,casual,Monday,1,261
2022-09,casual,Monday,2,203
2022-09,casual,Monday,3,195
2022-09,casual,Monday,4,144
2022-09,casual,Monday,5,181
2022-09,casual,Monday,6,492
2022-09,casual,Monday,7,780
2022-09,casual,Monday,8,986
2022-09,casual,Monday,9,1055
2022-09,casual,Monday,10,1120
2022-09,casual,Monday,11,1599
2022-09,casual,Monday,12,1980
2022-09,casual,Monday,13,2168
2022-09,casual,Monday,14,2382
2022-09,casual,Monday,15,2533
2022-09,casual,Monday,16,2647
2022-09,casual,Monday,17,3075
2022-09,casual,Monday,18,2762
2022-09,casual,Monday,19,1950
2022-09,casual,Monday,20,1256
2022-09,casual,Monday,21,1016
2022-09,casual,Monday,22,729
2022-09,casual,Monday,23,512
2022-09,casual,Tuesday,0,313
2022-09,casual,Tuesday,1,181
2022-09,casual,Tuesday,2,131
2022-09,casual,Tuesday,3,77
2022-09,casual,Tuesday,4,99
2022-09,casual,Tuesday,5,201
2022-09,casual,Tuesday,6,616
2022-09,casual,Tuesday,7,1170
2022-09,casual,Tuesday,8,1381
2022-09,casual,Tuesday,9,957
2022-09,casual,Tuesday,10,955
2022-09,casual,Tuesday,11,1178
2022-09,casual,Tuesday,12,1452
2022-09,casual,Tuesday,13,1472
2022-09,casual,Tuesday,14,1601
2022-09,casual,Tuesday,15,2063
2022-09,casual,Tuesday,16,2838
2022-09,casual,Tuesday,17,3373
2022-09,casual,Tuesday,18,2736
2022-09,casual,Tuesday,19,1905
2022-09,casual,Tuesday,20,1307
2022-09,casual,Tuesday,21,1385
2022-09,casual,Tuesday,22,976
2022-09,casual,Tuesday,23,564
2022-09,casual,Wednesday,0,335
2022-09,casual,Wednesday,1,171
2022-09,casual,Wednesday,2,110
2022-09,casual,Wednesday,3,82
2022-09,casual,Wednesday,4,83
2022-09,casual,Wednesday,5,225
2022-09,casual,Wednesday,6,652
2022-09,casual,Wednesday,7,1260
2022-09,casual,Wednesday,8,1587
2022-09,casual,Wednesday,9,1109
2022-09,casual,Wednesday,10,1024
2022-09,casual,Wednesday,11,1333
2022-09,casual,Wednesday,12,1511
2022-09,casual,Wednesday,13,1527
2022-09,casual,Wednesday,14,1747
2022-09,casual,Wednesday,15,2146
2022-09,casual,Wednesday,16,2816
2022-09,casual,Wednesday,17,3865
2022-09,casual,Wednesday,18,3457
2022-09,casual,Wednesday,19,2445
2022-09,casual,Wednesday,20,1637
2022-09,casual,Wednesday,21,1607
2022-09,casual,Wednesday,22,1194
2022-09,casual,Wednesday,23,824
2022-09,casual,Thursday,0,506
2022-09,casual,Thursday,1,303
2022-09,casual,Thursday,2,176
2022-09,casual,Thursday,3,114
2022-09,casual,Thursday,4,104
2022-09,casual,Thursday,5,302
2022-09,casual,Thursday,6,854
2022-09,casual,Thursday,7,1537
2022-09,casual,Thursday,8,1928
2022-09,casual,Thursday,9,1368
2022-09,casual,Thursday,10,1416
2022-09,casual,Thursday,11,1681
2022-09,casual,Thursday,12,2172
2022-09,casual,Thursday,13,2213
2022-09,casual,Thursday,14,2398
2022-09,casual,Thursday,15,3021
2022-09,casual,Thursday,16,3813
2022-09,casual,Thursday,17,5000
2022-09,casual,Thursday,18,4875
2022-09,casual,Thursday,19,3490
2022-09,casual,Thursday,20,2156
2022-09,casual,Thursday,21,2026
2022-09,casual,Thursday,22,2171
2022-09,casual,Thursday,23,1154
2022-09,casual,Friday,0,831
2022-09,casual,Friday,1,513
2022-09,casual,Friday,2,292
2022-09,casual,Friday,3,163
2022-09,casual,Friday,4,114
2022-09,casual,Friday,5,277
2022-09,casual,Friday,6,1046
2022-09,casual,Friday,7,1486
2022-09,casual,Friday,8,1709
2022-09,casual,Friday,9,1630
2022-09,casual,Friday,10,1908
2022-09,casual,Friday,11,2554
2022-09,casual,Friday,12,3257
2022-09,casual,Friday,13,3382
2022-09,casual,Friday,14,3674
2022-09,casual,Friday,15,4405
2022-09,casual,Friday,16,4616
2022-09,casual,Friday,17,4996
2022-09,casual,Friday,18,4945
2022-09,casual,Friday,19,3614
2022-09,casual,Friday,20,2434
2022-09,casual,Friday,21,2277
2022-09,casual,Friday,22,2451
2022-09,casual,Friday,23,2476
2022-09,casual,Saturday,0,1823
2022-09,casual,Saturday,1,1289
2022-09,casual,Saturday,2,705
2022-09,casual,Saturday,3,376
2022-09,casual,Saturday,4,147
2022-09,casual,Saturday,5,218
2022-09,casual,Saturday,6,381
2022-09,casual,Saturday,7,644
2022-09,casual,Saturday,8,1288
2022-09,casual,Saturday,9,2126
2022-09,casual,Saturday,10,3146
2022-09,casual,Saturday,11,4135
2022-09,casual,Saturday,12,4878
2022-09,casual,Saturday,13,4956
2022-09,casual,Saturday,14,5062
2022-09,casual,Saturday,15,5147
2022-09,casual,Saturday,16,5074
2022-09,casual,Saturday,17,4657
2022-09,casual,Saturday,18,4160
2022-09,casual,Saturday,19,3055
2022-09,casual,Saturday,20,2316
2022-09,casual,Saturday,21,2272
2022-09,casual,Saturday,22,2406
2022-09,casual,Saturday,23,2294
2022-09,member,Sunday,0,1181
2022-09,member,Sunday,1,776
2022-09,member,Sunday,2,539
2022-09,member,Sunday,3,311
2022-09,member,Sunday,4,192
2022-09,member,Sunday,5,250
2022-09,member,Sunday,6,485
2022-09,member,Sunday,7,818
2022-09,member,Sunday,8,1006
2022-09,member,Sunday,9,1351
2022-09,member,Sunday,10,1870
2022-09,member,Sunday,11,2335
2022-09,member,Sunday,12,2361
2022-09,member,Sunday,13,2396
2022-09,member,Sunday,14,2310
2022-09,member,Sunday,15,2391
2022-09,member,Sunday,16,2457
2022-09,member,Sunday,17,2598
2022-09,member,Sunday,18,2782
2022-09,member,Sunday,19,2174
2022-09,member,Sunday,20,1518
2022-09,member,Sunday,21,1140
2022-09,member,Sunday,22,1117
2022-09,member,Sunday,23,532
2022-09,member,Monday,0,363
2022-09,member,Monday,1,228
2022-09,member,Monday,2,142
2022-09,member,Monday,3,112
2022-09,member,Monday,4,125
2022-09,member,Monday,5,417
2022-09,member,Monday,6,1213
2022-09,member,Monday,7,2296
2022-09,member,Monday,8,2802
2022-09,member,Monday,9,1926
2022-09,member,Monday,10,1698
2022-09,member,Monday,11,2073
2022-09,member,Monday,12,2416
2022-09,member,Monday,13,2626
2022-09,member,Monday,14,2568
2022-09,member,Monday,15,3053
2022-09,member,Monday,16,4190
2022-09,member,Monday,17,5515
2022-09,member,Monday,18,4483
2022-09,member,Monday,19,3025
2022-09,member,Monday,20,2015
2022-09,member,Monday,21,1559
2022-09,member,Monday,22,980
2022-09,member,Monday,23,562
2022-09,member,Tuesday,0,285
2022-09,member,Tuesday,1,155
2022-09,member,Tuesday,2,67
2022-09,member,Tuesday,3,63
2022-09,member,Tuesday,4,116
2022-09,member,Tuesday,5,606
2022-09,member,Tuesday,6,1974
2022-09,member,Tuesday,7,3867
2022-09,member,Tuesday,8,4406
2022-09,member,Tuesday,9,2335
2022-09,member,Tuesday,10,1868
2022-09,member,Tuesday,11,2127
2022-09,member,Tuesday,12,2683
2022-09,member,Tuesday,13,2558
2022-09,member,Tuesday,14,2498
2022-09,member,Tuesday,15,3532
2022-09,member,Tuesday,16,5487
2022-09,member,Tuesday,17,6832
2022-09,member,Tuesday,18,4942
2022-09,member,Tuesday,19,3479
2022-09,member,Tuesday,20,2321
2022-09,member,Tuesday,21,1832
2022-09,member,Tuesday,22,1159
2022-09,member,Tuesday,23,647
2022-09,member,Wednesday,0,358
2022-09,member,Wednesday,1,168
2022-09,member,Wednesday,2,82
2022-09,member,Wednesday,3,56
2022-09,member,Wednesday,4,124
2022-09,member,Wednesday,5,617
2022-09,member,Wednesday,6,1924
2022-09,member,Wednesday,7,3892
2022-09,member,Wednesday,8,4543
2022-09,member,Wednesday,9,2592
2022-09,member,Wednesday,10,1955
2022-09,member,Wednesday,11,2211
2022-09,member,Wednesday,12,2798
2022-09,member,Wednesday,13,2764
2022-09,member,Wednesday,14,2695
2022-09,member,Wednesday,15,3478
2022-09,member,Wednesday,16,5716
2022-09,member,Wednesday,17,7364
2022-09,member,Wednesday,18,5822
2022-09,member,Wednesday,19,3891
2022-09,member,Wednesday,20,2610
2022-09,member,Wednesday,21,2077
2022-09,member,Wednesday,22,1578
2022-09,member,Wednesday,23,792
2022-09,member,Thursday,0,471
2022-09,member,Thursday,1,263
2022-09,member,Thursday,2,164
2022-09,member,Thursday,3,106
2022-09,member,Thursday,4,158
2022-09,member,Thursday,5,698
2022-09,member,Thursday,6,2308
2022-09,member,Thursday,7,4621
2022-09,member,Thursday,8,5408
2022-09,member,Thursday,9,3205
2022-09,member,Thursday,10,2494
2022-09,member,Thursday,11,2943
2022-09,member,Thursday,12,3640
2022-09,member,Thursday,13,3548
2022-09,member,Thursday,14,3456
2022-09,member,Thursday,15,4598
2022-09,member,Thursday,16,6812
2022-09,member,Thursday,17,8511
2022-09,member,Thursday,18,7177
2022-09,member,Thursday,19,4951
2022-09,member,Thursday,20,3165
2022-09,member,Thursday,21,2614
2022-09,member,Thursday,22,2207
2022-09,member,Thursday,23,1257
2022-09,member,Friday,0,651
2022-09,member,Friday,1,421
2022-09,member,Friday,2,251
2022-09,member,Friday,3,173
2022-09,member,Friday,4,162
2022-09,member,Friday,5,668
2022-09,member,Friday,6,2035
2022-09,member,Friday,7,3546
2022-09,member,Friday,8,4050
2022-09,member,Friday,9,2959
2022-09,member,Friday,10,2639
2022-09,member,Friday,11,3026
2022-09,member,Friday,12,3964
2022-09,member,Friday,13,4040
2022-09,member,Friday,14,4226
2022-09,member,Friday,15,5066
2022-09,member,Friday,16,5978
2022-09,member,Friday,17,6955
2022-09,member,Friday,18,6024
2022-09,member,Friday,19,4435
2022-09,member,Friday,20,2926
2022-09,member,Friday,21,2427
2022-09,member,Friday,22,2238
2022-09,member,Friday,23,1787
2022-09,member,Saturday,0,1272
2022-09,member,Saturday,1,824
2022-09,member,Saturday,2,514
2022-09,member,Saturday,3,256
2022-09,member,Saturday,4,138
2022-09,member,Saturday,5,269
2022-09,member,Saturday,6,606
2022-09,member,Saturday,7,1023
2022-09,member,Saturday,8,1793
2022-09,member,Saturday,9,2570
2022-09,member,Saturday,10,3244
2022-09,member,Saturday,11,3604
2022-09,member,Saturday,12,3869
2022-09,member,Saturday,13,3822
2022-09,member,Saturday,14,3844
2022-09,member,Saturday,15,3656
2022-09,member,Saturday,16,3864
2022-09,member,Saturday,17,3787
2022-09,member,Saturday,18,3688
2022-09,member,Saturday,19,2834
2022-09,member,Saturday,20,2060
2022-09,member,Saturday,21,1920
2022-09,member,Saturday,22,1725
2022-09,member,Saturday,23,1502
2022-10,casual,Sunday,0,1514
2022-10,casual,Sunday,1,1185
2022-10,casual,Sunday,2,797
2022-10,casual,Sunday,3,421
2022-10,casual,Sunday,4,225
2022-10,casual,Sunday,5,236
2022-10,casual,Sunday,6,390
2022-10,casual,Sunday,7,769
2022-10,casual,Sunday,8,1178
2022-10,casual,Sunday,9,2031
2022-10,casual,Sunday,10,2926
2022-10,casual,Sunday,11,3639
2022-10,casual,Sunday,12,3880
2022-10,casual,Sunday,13,3692
2022-10,casual,Sunday,14,3802
2022-10,casual,Sunday,15,3911
2022-10,casual,Sunday,16,3483
2022-10,casual,Sunday,17,2973
2022-10,casual,Sunday,18,2130
2022-10,casual,Sunday,19,1322
2022-10,casual,Sunday,20,982
2022-10,casual,Sunday,21,826
2022-10,casual,Sunday,22,747
2022-10,casual,Sunday,23,489
2022-10,casual,Monday,0,307
2022-10,casual,Monday,1,148
2022-10,casual,Monday,2,89
2022-10,casual,Monday,3,82
2022-10,casual,Monday,4,70
2022-10,casual,Monday,5,186
2022-10,casual,Monday,6,474
2022-10,casual,Monday,7,794
2022-10,casual,Monday,8,1144
2022-10,casual,Monday,9,999
2022-10,casual,Monday,10,1085
2022-10,casual,Monday,11,1385
2022-10,casual,Monday,12,1737
2022-10,casual,Monday,13,1726
2022-10,casual,Monday,14,1853
2022-10,casual,Monday,15,2077
2022-10,casual,Monday,16,2411
2022-10,casual,Monday,17,2905
2022-10,casual,Monday,18,2345
2022-10,casual,Monday,19,1561
2022-10,casual,Monday,20,1033
2022-10,casual,Monday,21,917
2022-10,casual,Monday,22,759
2022-10,casual,Monday,23,518
2022-10,casual,Tuesday,0,220
2022-10,casual,Tuesday,1,122
2022-10,casual,Tuesday,2,65
2022-10,casual,Tuesday,3,55
2022-10,casual,Tuesday,4,51
2022-10,casual,Tuesday,5,178
2022-10,casual,Tuesday,6,474
2022-10,casual,Tuesday,7,889
2022-10,casual,Tuesday,8,1079
2022-10,casual,Tuesday,9,679
2022-10,casual,Tuesday,10,678
2022-10,casual,Tuesday,11,789
2022-10,casual,Tuesday,12,966
2022-10,casual,Tuesday,13,945
2022-10,casual,Tuesday,14,809
2022-10,casual,Tuesday,15,906
2022-10,casual,Tuesday,16,1157
2022-10,casual,Tuesday,17,1456
2022-10,casual,Tuesday,18,1054
2022-10,casual,Tuesday,19,754
2022-10,casual,Tuesday,20,539
2022-10,casual,Tuesday,21,596
2022-10,casual,Tuesday,22,503
2022-10,casual,Tuesday,23,320
2022-10,casual,Wednesday,0,186
2022-10,casual,Wednesday,1,73
2022-10,casual,Wednesday,2,49
2022-10,casual,Wednesday,3,49
2022-10,casual,Wednesday,4,45
2022-10,casual,Wednesday,5,140
2022-10,casual,Wednesday,6,380
2022-10,casual,Wednesday,7,652
2022-10,casual,Wednesday,8,988
2022-10,casual,Wednesday,9,691
2022-10,casual,Wednesday,10,696
2022-10,casual,Wednesday,11,885
2022-10,casual,Wednesday,12,966
2022-10,casual,Wednesday,13,1021
2022-10,casual,Wednesday,14,1034
2022-10,casual,Wednesday,15,1399
2022-10,casual,Wednesday,16,2000
2022-10,casual,Wednesday,17,2518
2022-10,casual,Wednesday,18,2045
2022-10,casual,Wednesday,19,1370
2022-10,casual,Wednesday,20,941
2022-10,casual,Wednesday,21,859
2022-10,casual,Wednesday,22,691
2022-10,casual,Wednesday,23,437
2022-10,casual,Thursday,0,269
2022-10,casual,Thursday,1,154
2022-10,casual,Thursday,2,89
2022-10,casual,Thursday,3,72
2022-10,casual,Thursday,4,54
2022-10,casual,Thursday,5,149
2022-10,casual,Thursday,6,461
2022-10,casual,Thursday,7,932
2022-10,casual,Thursday,8,1137
2022-10,casual,Thursday,9,805
2022-10,casual,Thursday,10,708
2022-10,casual,Thursday,11,934
2022-10,casual,Thursday,12,1260
2022-10,casual,Thursday,13,1180
2022-10,casual,Thursday,14,1307
2022-10,casual,Thursday,15,1622
2022-10,casual,Thursday,16,1845
2022-10,casual,Thursday,17,2239
2022-10,casual,Thursday,18,2062
2022-10,casual,Thursday,19,1211
2022-10,casual,Thursday,20,882
2022-10,casual,Thursday,21,863
2022-10,casual,Thursday,22,1139
2022-10,casual,Thursday,23,638
2022-10,casual,Friday,0,384
2022-10,casual,Friday,1,207
2022-10,casual,Friday,2,102
2022-10,casual,Friday,3,71
2022-10,casual,Friday,4,54
2022-10,casual,Friday,5,114
2022-10,casual,Friday,6,303
2022-10,casual,Friday,7,483
2022-10,casual,Friday,8,729
2022-10,casual,Friday,9,656
2022-10,casual,Friday,10,770
2022-10,casual,Friday,11,1108
2022-10,casual,Friday,12,1443
2022-10,casual,Friday,13,1793
2022-10,casual,Friday,14,1878
2022-10,casual,Friday,15,2345
2022-10,casual,Friday,16,2666
2022-10,casual,Friday,17,2977
2022-10,casual,Friday,18,2418
2022-10,casual,Friday,19,1482
2022-10,casual,Friday,20,988
2022-10,casual,Friday,21,806
2022-10,casual,Friday,22,843
2022-10,casual,Friday,23,748
2022-10,casual,Saturday,0,1087
2022-10,casual,Saturday,1,992
2022-10,casual,Saturday,2,515
2022-10,casual,Saturday,3,283
2022-10,casual,Saturday,4,133
2022-10,casual,Saturday,5,142
2022-10,casual,Saturday,6,272
2022-10,casual,Saturday,7,496
2022-10,casual,Saturday,8,957
2022-10,casual,Saturday,9,1702
2022-10,casual,Saturday,10,2825
2022-10,casual,Saturday,11,3520
2022-10,casual,Saturday,12,4107
2022-10,casual,Saturday,13,4644
2022-10,casual,Saturday,14,4854
2022-10,casual,Saturday,15,4738
2022-10,casual,Saturday,16,4338
2022-10,casual,Saturday,17,3778
2022-10,casual,Saturday,18,3282
2022-10,casual,Saturday,19,2158
2022-10,casual,Saturday,20,1603
2022-10,casual,Saturday,21,1494
2022-10,casual,Saturday,22,1499
2022-10,casual,Saturday,23,1532
2022-10,member,Sunday,0,1193
2022-10,member,Sunday,1,923
2022-10,member,Sunday,2,599
2022-10,member,Sunday,3,304
2022-10,member,Sunday,4,198
2022-10,member,Sunday,5,244
2022-10,member,Sunday,6,534
2022-10,member,Sunday,7,946
2022-10,member,Sunday,8,1450
2022-10,member,Sunday,9,2216
2022-10,member,Sunday,10,3036
2022-10,member,Sunday,11,3886
2022-10,member,Sunday,12,3963
2022-10,member,Sunday,13,3965
2022-10,member,Sunday,14,3691
2022-10,member,Sunday,15,4306
2022-10,member,Sunday,16,3939
2022-10,member,Sunday,17,3785
2022-10,member,Sunday,18,3185
2022-10,member,Sunday,19,2244
2022-10,member,Sunday,20,1701
2022-10,member,Sunday,21,1211
2022-10,member,Sunday,22,968
2022-10,member,Sunday,23,626
2022-10,member,Monday,0,362
2022-10,member,Monday,1,182
2022-10,member,Monday,2,104
2022-10,member,Monday,3,97
2022-10,member,Monday,4,140
2022-10,member,Monday,5,562
2022-10,member,Monday,6,1719
2022-10,member,Monday,7,3327
2022-10,member,Monday,8,4081
2022-10,member,Monday,9,2451
2022-10,member,Monday,10,1974
2022-10,member,Monday,11,2348
2022-10,member,Monday,12,2913
2022-10,member,Monday,13,3027
2022-10,member,Monday,14,2965
2022-10,member,Monday,15,3738
2022-10,member,Monday,16,5356
2022-10,member,Monday,17,6805
2022-10,member,Monday,18,5201
2022-10,member,Monday,19,3428
2022-10,member,Monday,20,2300
2022-10,member,Monday,21,1835
2022-10,member,Monday,22,1146
2022-10,member,Monday,23,667
2022-10,member,Tuesday,0,267
2022-10,member,Tuesday,1,137
2022-10,member,Tuesday,2,58
2022-10,member,Tuesday,3,42
2022-10,member,Tuesday,4,120
2022-10,member,Tuesday,5,544
2022-10,member,Tuesday,6,1657
2022-10,member,Tuesday,7,3213
2022-10,member,Tuesday,8,3779
2022-10,member,Tuesday,9,2080
2022-10,member,Tuesday,10,1478
2022-10,member,Tuesday,11,1752
2022-10,member,Tuesday,12,2086
2022-10,member,Tuesday,13,2028
2022-10,member,Tuesday,14,1568
2022-10,member,Tuesday,15,2103
2022-10,member,Tuesday,16,3060
2022-10,member,Tuesday,17,3859
2022-10,member,Tuesday,18,2884
2022-10,member,Tuesday,19,1939
2022-10,member,Tuesday,20,1467
2022-10,member,Tuesday,21,1321
2022-10,member,Tuesday,22,874
2022-10,member,Tuesday,23,481
2022-10,member,Wednesday,0,249
2022-10,member,Wednesday,1,119
2022-10,member,Wednesday,2,57
2022-10,member,Wednesday,3,39
2022-10,member,Wednesday,4,84
2022-10,member,Wednesday,5,475
2022-10,member,Wednesday,6,1379
2022-10,member,Wednesday,7,2605
2022-10,member,Wednesday,8,3449
2022-10,member,Wednesday,9,2097
2022-10,member,Wednesday,10,1560
2022-10,member,Wednesday,11,1941
2022-10,member,Wednesday,12,2313
2022-10,member,Wednesday,13,2323
2022-10,member,Wednesday,14,2138
2022-10,member,Wednesday,15,3030
2022-10,member,Wednesday,16,4649
2022-10,member,Wednesday,17,6029
2022-10,member,Wednesday,18,4673
2022-10,member,Wednesday,19,3082
2022-10,member,Wednesday,20,2072
2022-10,member,Wednesday,21,1628
2022-10,member,Wednesday,22,1177
2022-10,member,Wednesday,23,633
2022-10,member,Thursday,0,292
2022-10,member,Thursday,1,163
2022-10,member,Thursday,2,89
2022-10,member,Thursday,3,65
2022-10,member,Thursday,4,93
2022-10,member,Thursday,5,486
2022-10,member,Thursday,6,1492
2022-10,member,Thursday,7,3058
2022-10,member,Thursday,8,3946
2022-10,member,Thursday,9,2286
2022-10,member,Thursday,10,1711
2022-10,member,Thursday,11,1964
2022-10,member,Thursday,12,2481
2022-10,member,Thursday,13,2471
2022-10,member,Thursday,14,2444
2022-10,member,Thursday,15,3201
2022-10,member,Thursday,16,4201
2022-10,member,Thursday,17,5194
2022-10,member,Thursday,18,4067
2022-10,member,Thursday,19,2691
2022-10,member,Thursday,20,1877
2022-10,member,Thursday,21,1619
2022-10,member,Thursday,22,1391
2022-10,member,Thursday,23,827
2022-10,member,Friday,0,420
2022-10,member,Friday,1,226
2022-10,member,Friday,2,116
2022-10,member,Friday,3,83
2022-10,member,Friday,4,97
2022-10,member,Friday,5,364
2022-10,member,Friday,6,1050
2022-10,member,Friday,7,1913
2022-10,member,Friday,8,2359
2022-10,member,Friday,9,1764
2022-10,member,Friday,10,1532
2022-10,member,Friday,11,1820
2022-10,member,Friday,12,2420
2022-10,member,Friday,13,2706
2022-10,member,Friday,14,2795
2022-10,member,Friday,15,3685
2022-10,member,Friday,16,4516
2022-10,member,Friday,17,4911
2022-10,member,Friday,18,3860
2022-10,member,Friday,19,2377
2022-10,member,Friday,20,1587
2022-10,member,Friday,21,1331
2022-10,member,Friday,22,1141
2022-10,member,Friday,23,937
2022-10,member,Saturday,0,1042
2022-10,member,Saturday,1,786
2022-10,member,Saturday,2,474
2022-10,member,Saturday,3,291
2022-10,member,Saturday,4,143
2022-10,member,Saturday,5,205
2022-10,member,Saturday,6,540
2022-10,member,Saturday,7,1025
2022-10,member,Saturday,8,1936
2022-10,member,Saturday,9,2540
2022-10,member,Saturday,10,3411
2022-10,member,Saturday,11,4169
2022-10,member,Saturday,12,4357
2022-10,member,Saturday,13,4426
2022-10,member,Saturday,14,4586
2022-10,member,Saturday,15,4507
2022-10,member,Saturday,16,4343
2022-10,member,Saturday,17,4318
2022-10,member,Saturday,18,3862
2022-10,member,Saturday,19,2908
2022-10,member,Saturday,20,2168
2022-10,member,Saturday,21,1747
2022-10,member,Saturday,22,1585
2022-10,member,Saturday,23,1343
2022-11,casual,Sunday,0,385
2022-11,casual,Sunday,1,371
2022-11,casual,Sunday,2,165
2022-11,casual,Sunday,3,82
2022-11,casual,Sunday,4,55
2022-11,casual,Sunday,5,47
2022-11,casual,Sunday,6,100
2022-11,casual,Sunday,7,145
2022-11,casual,Sunday,8,257
2022-11,casual,Sunday,9,554
2022-11,casual,Sunday,10,812
2022-11,casual,Sunday,11,1007
2022-11,casual,Sunday,12,1022
2022-11,casual,Sunday,13,1038
2022-11,casual,Sunday,14,1016
2022-11,casual,Sunday,15,1386
2022-11,casual,Sunday,16,1055
2022-11,casual,Sunday,17,686
2022-11,casual,Sunday,18,560
2022-11,casual,Sunday,19,394
2022-11,casual,Sunday,20,316
2022-11,casual,Sunday,21,302
2022-11,casual,Sunday,22,214
2022-11,casual,Sunday,23,152
2022-11,casual,Monday,0,102
2022-11,casual,Monday,1,65
2022-11,casual,Monday,2,34
2022-11,casual,Monday,3,27
2022-11,casual,Monday,4,44
2022-11,casual,Monday,5,87
2022-11,casual,Monday,6,238
2022-11,casual,Monday,7,417
2022-11,casual,Monday,8,522
2022-11,casual,Monday,9,401
2022-11,casual,Monday,10,444
2022-11,casual,Monday,11,540
2022-11,casual,Monday,12,718
2022-11,casual,Monday,13,596
2022-11,casual,Monday,14,697
2022-11,casual,Monday,15,807
2022-11,casual,Monday,16,1005
2022-11,casual,Monday,17,939
2022-11,casual,Monday,18,727
2022-11,casual,Monday,19,486
2022-11,casual,Monday,20,359
2022-11,casual,Monday,21,326
2022-11,casual,Monday,22,292
2022-11,casual,Monday,23,155
2022-11,casual,Tuesday,0,133
2022-11,casual,Tuesday,1,110
2022-11,casual,Tuesday,2,58
2022-11,casual,Tuesday,3,40
2022-11,casual,Tuesday,4,54
2022-11,casual,Tuesday,5,125
2022-11,casual,Tuesday,6,362
2022-11,casual,Tuesday,7,656
2022-11,casual,Tuesday,8,805
2022-11,casual,Tuesday,9,568
2022-11,casual,Tuesday,10,543
2022-11,casual,Tuesday,11,645
2022-11,casual,Tuesday,12,905
2022-11,casual,Tuesday,13,1020
2022-11,casual,Tuesday,14,999
2022-11,casual,Tuesday,15,1239
2022-11,casual,Tuesday,16,1510
2022-11,casual,Tuesday,17,1752
2022-11,casual,Tuesday,18,1232
2022-11,casual,Tuesday,19,831
2022-11,casual,Tuesday,20,597
2022-11,casual,Tuesday,21,541
2022-11,casual,Tuesday,22,430
2022-11,casual,Tuesday,23,303
2022-11,casual,Wednesday,0,147
2022-11,casual,Wednesday,1,84
2022-11,casual,Wednesday,2,51
2022-11,casual,Wednesday,3,38
2022-11,casual,Wednesday,4,46
2022-11,casual,Wednesday,5,147
2022-11,casual,Wednesday,6,370
2022-11,casual,Wednesday,7,691
2022-11,casual,Wednesday,8,917
2022-11,casual,Wednesday,9,612
2022-11,casual,Wednesday,10,581
2022-11,casual,Wednesday,11,725
2022-11,casual,Wednesday,12,928
2022-11,casual,Wednesday,13,946
2022-11,casual,Wednesday,14,1121
2022-11,casual,Wednesday,15,1441
2022-11,casual,Wednesday,16,1789
2022-11,casual,Wednesday,17,1904
2022-11,casual,Wednesday,18,1385
2022-11,casual,Wednesday,19,1037
2022-11,casual,Wednesday,20,709
2022-11,casual,Wednesday,21,745
2022-11,casual,Wednesday,22,575
2022-11,casual,Wednesday,23,372
2022-11,casual,Thursday,0,245
2022-11,casual,Thursday,1,196
2022-11,casual,Thursday,2,111
2022-11,casual,Thursday,3,69
2022-11,casual,Thursday,4,33
2022-11,casual,Thursday,5,105
2022-11,casual,Thursday,6,357
2022-11,casual,Thursday,7,620
2022-11,casual,Thursday,8,839
2022-11,casual,Thursday,9,570
2022-11,casual,Thursday,10,670
2022-11,casual,Thursday,11,860
2022-11,casual,Thursday,12,955
2022-11,casual,Thursday,13,992
2022-11,casual,Thursday,14,1202
2022-11,casual,Thursday,15,1389
2022-11,casual,Thursday,16,1656
2022-11,casual,Thursday,17,1778
2022-11,casual,Thursday,18,1449
2022-11,casual,Thursday,19,955
2022-11,casual,Thursday,20,731
2022-11,casual,Thursday,21,673
2022-11,casual,Thursday,22,646
2022-11,casual,Thursday,23,440
2022-11,casual,Friday,0,277
2022-11,casual,Friday,1,186
2022-11,casual,Friday,2,111
2022-11,casual,Friday,3,76
2022-11,casual,Friday,4,46
2022-11,casual,Friday,5,97
2022-11,casual,Friday,6,265
2022-11,casual,Friday,7,458
2022-11,casual,Friday,8,531
2022-11,casual,Friday,9,516
2022-11,casual,Friday,10,671
2022-11,casual,Friday,11,743
2022-11,casual,Friday,12,856
2022-11,casual,Friday,13,818
2022-11,casual,Friday,14,1008
2022-11,casual,Friday,15,1269
2022-11,casual,Friday,16,1253
2022-11,casual,Friday,17,1261
2022-11,casual,Friday,18,1080
2022-11,casual,Friday,19,709
2022-11,casual,Friday,20,534
2022-11,casual,Friday,21,461
2022-11,casual,Friday,22,481
2022-11,casual,Friday,23,449
2022-11,casual,Saturday,0,425
2022-11,casual,Saturday,1,299
2022-11,casual,Saturday,2,146
2022-11,casual,Saturday,3,80
2022-11,casual,Saturday,4,48
2022-11,casual,Saturday,5,48
2022-11,casual,Saturday,6,128
2022-11,casual,Saturday,7,211
2022-11,casual,Saturday,8,342
2022-11,casual,Saturday,9,513
2022-11,casual,Saturday,10,717
2022-11,casual,Saturday,11,750
2022-11,casual,Saturday,12,773
2022-11,casual,Saturday,13,741
2022-11,casual,Saturday,14,950
2022-11,casual,Saturday,15,1015
2022-11,casual,Saturday,16,889
2022-11,casual,Saturday,17,690
2022-11,casual,Saturday,18,682
2022-11,casual,Saturday,19,481
2022-11,casual,Saturday,20,410
2022-11,casual,Saturday,21,362
2022-11,casual,Saturday,22,404
2022-11,casual,Saturday,23,442
2022-11,member,Sunday,0,494
2022-11,member,Sunday,1,404
2022-11,member,Sunday,2,181
2022-11,member,Sunday,3,103
2022-11,member,Sunday,4,58
2022-11,member,Sunday,5,84
2022-11,member,Sunday,6,203
2022-11,member,Sunday,7,421
2022-11,member,Sunday,8,620
2022-11,member,Sunday,9,907
2022-11,member,Sunday,10,1273
2022-11,member,Sunday,11,1643
2022-11,member,Sunday,12,1585
2022-11,member,Sunday,13,1608
2022-11,member,Sunday,14,1675
2022-11,member,Sunday,15,2003
2022-11,member,Sunday,16,1805
2022-11,member,Sunday,17,1450
2022-11,member,Sunday,18,1223
2022-11,member,Sunday,19,953
2022-11,member,Sunday,20,681
2022-11,member,Sunday,21,595
2022-11,member,Sunday,22,445
2022-11,member,Sunday,23,287
2022-11,member,Monday,0,171
2022-11,member,Monday,1,67
2022-11,member,Monday,2,50
2022-11,member,Monday,3,40
2022-11,member,Monday,4,81
2022-11,member,Monday,5,347
2022-11,member,Monday,6,1158
2022-11,member,Monday,7,2140
2022-11,member,Monday,8,2529
2022-11,member,Monday,9,1369
2022-11,member,Monday,10,1152
2022-11,member,Monday,11,1355
2022-11,member,Monday,12,1682
2022-11,member,Monday,13,1655
2022-11,member,Monday,14,1727
2022-11,member,Monday,15,2200
2022-11,member,Monday,16,3099
2022-11,member,Monday,17,3671
2022-11,member,Monday,18,2488
2022-11,member,Monday,19,1718
2022-11,member,Monday,20,1186
2022-11,member,Monday,21,892
2022-11,member,Monday,22,550
2022-11,member,Monday,23,320
2022-11,member,Tuesday,0,236
2022-11,member,Tuesday,1,136
2022-11,member,Tuesday,2,70
2022-11,member,Tuesday,3,62
2022-11,member,Tuesday,4,137
2022-11,member,Tuesday,5,557
2022-11,member,Tuesday,6,1611
2022-11,member,Tuesday,7,3059
2022-11,member,Tuesday,8,3710
2022-11,member,Tuesday,9,2074
2022-11,member,Tuesday,10,1526
2022-11,member,Tuesday,11,1807
2022-11,member,Tuesday,12,2316
2022-11,member,Tuesday,13,2155
2022-11,member,Tuesday,14,2072
2022-11,member,Tuesday,15,3248
2022-11,member,Tuesday,16,4547
2022-11,member,Tuesday,17,5387
2022-11,member,Tuesday,18,3726
2022-11,member,Tuesday,19,2446
2022-11,member,Tuesday,20,1530
2022-11,member,Tuesday,21,1301
2022-11,member,Tuesday,22,859
2022-11,member,Tuesday,23,533
2022-11,member,Wednesday,0,280
2022-11,member,Wednesday,1,133
2022-11,member,Wednesday,2,78
2022-11,member,Wednesday,3,69
2022-11,member,Wednesday,4,100
2022-11,member,Wednesday,5,493
2022-11,member,Wednesday,6,1594
2022-11,member,Wednesday,7,3121
2022-11,member,Wednesday,8,3719
2022-11,member,Wednesday,9,2178
2022-11,member,Wednesday,10,1694
2022-11,member,Wednesday,11,1942
2022-11,member,Wednesday,12,2275
2022-11,member,Wednesday,13,2339
2022-11,member,Wednesday,14,2347
2022-11,member,Wednesday,15,3060
2022-11,member,Wednesday,16,4549
2022-11,member,Wednesday,17,5305
2022-11,member,Wednesday,18,3749
2022-11,member,Wednesday,19,2532
2022-11,member,Wednesday,20,1663
2022-11,member,Wednesday,21,1521
2022-11,member,Wednesday,22,1028
2022-11,member,Wednesday,23,617
2022-11,member,Thursday,0,268
2022-11,member,Thursday,1,214
2022-11,member,Thursday,2,125
2022-11,member,Thursday,3,91
2022-11,member,Thursday,4,81
2022-11,member,Thursday,5,337
2022-11,member,Thursday,6,1204
2022-11,member,Thursday,7,2342
2022-11,member,Thursday,8,3005
2022-11,member,Thursday,9,1793
2022-11,member,Thursday,10,1389
2022-11,member,Thursday,11,1645
2022-11,member,Thursday,12,2070
2022-11,member,Thursday,13,2045
2022-11,member,Thursday,14,1992
2022-11,member,Thursday,15,2592
2022-11,member,Thursday,16,3519
2022-11,member,Thursday,17,4153
2022-11,member,Thursday,18,3052
2022-11,member,Thursday,19,2124
2022-11,member,Thursday,20,1410
2022-11,member,Thursday,21,1226
2022-11,member,Thursday,22,986
2022-11,member,Thursday,23,578
2022-11,member,Friday,0,320
2022-11,member,Friday,1,193
2022-11,member,Friday,2,97
2022-11,member,Friday,3,53
2022-11,member,Friday,4,99
2022-11,member,Friday,5,310
2022-11,member,Friday,6,961
2022-11,member,Friday,7,1563
2022-11,member,Friday,8,1877
2022-11,member,Friday,9,1396
2022-11,member,Friday,10,1260
2022-11,member,Friday,11,1429
2022-11,member,Friday,12,1765
2022-11,member,Friday,13,1638
2022-11,member,Friday,14,1732
2022-11,member,Friday,15,2364
2022-11,member,Friday,16,2678
2022-11,member,Friday,17,2815
2022-11,member,Friday,18,2213
2022-11,member,Friday,19,1568
2022-11,member,Friday,20,1014
2022-11,member,Friday,21,924
2022-11,member,Friday,22,760
2022-11,member,Friday,23,589
2022-11,member,Saturday,0,519
2022-11,member,Saturday,1,304
2022-11,member,Saturday,2,178
2022-11,member,Saturday,3,104
2022-11,member,Saturday,4,60
2022-11,member,Saturday,5,88
2022-11,member,Saturday,6,297
2022-11,member,Saturday,7,475
2022-11,member,Saturday,8,804
2022-11,member,Saturday,9,1136
2022-11,member,Saturday,10,1341
2022-11,member,Saturday,11,1479
2022-11,member,Saturday,12,1301
2022-11,member,Saturday,13,1387
2022-11,member,Saturday,14,1478
2022-11,member,Saturday,15,1520
2022-11,member,Saturday,16,1460
2022-11,member,Saturday,17,1367
2022-11,member,Saturday,18,1215
2022-11,member,Saturday,19,962
2022-11,member,Saturday,20,698
2022-11,member,Saturday,21,609
2022-11,member,Saturday,22,601
2022-11,member,Saturday,23,550
2022-12,casual,Sunday,0,174
2022-12,casual,Sunday,1,139
2022-12,casual,Sunday,2,97
2022-12,casual,Sunday,3,61
2022-12,casual,Sunday,4,41
2022-12,casual,Sunday,5,27
2022-12,casual,Sunday,6,47
2022-12,casual,Sunday,7,62
2022-12,casual,Sunday,8,115
2022-12,casual,Sunday,9,193
2022-12,casual,Sunday,10,317
2022-12,casual,Sunday,11,436
2022-12,casual,Sunday,12,430
2022-12,casual,Sunday,13,354
2022-12,casual,Sunday,14,391
2022-12,casual,Sunday,15,640
2022-12,casual,Sunday,16,421
2022-12,casual,Sunday,17,290
2022-12,casual,Sunday,18,245
2022-12,casual,Sunday,19,206
2022-12,casual,Sunday,20,139
2022-12,casual,Sunday,21,126
2022-12,casual,Sunday,22,114
2022-12,casual,Sunday,23,86
2022-12,casual,Monday,0,45
2022-12,casual,Monday,1,37
2022-12,casual,Monday,2,15
2022-12,casual,Monday,3,13
2022-12,casual,Monday,4,26
2022-12,casual,Monday,5,48
2022-12,casual,Monday,6,114
2022-12,casual,Monday,7,198
2022-12,casual,Monday,8,253
2022-12,casual,Monday,9,163
2022-12,casual,Monday,10,170
2022-12,casual,Monday,11,222
2022-12,casual,Monday,12,264
2022-12,casual,Monday,13,247
2022-12,casual,Monday,14,347
2022-12,casual,Monday,15,371
2022-12,casual,Monday,16,457
2022-12,casual,Monday,17,534
2022-12,casual,Monday,18,388
2022-12,casual,Monday,19,296
2022-12,casual,Monday,20,194
2022-12,casual,Monday,21,148
2022-12,casual,Monday,22,156
2022-12,casual,Monday,23,93
2022-12,casual,Tuesday,0,63
2022-12,casual,Tuesday,1,29
2022-12,casual,Tuesday,2,26
2022-12,casual,Tuesday,3,22
2022-12,casual,Tuesday,4,32
2022-12,casual,Tuesday,5,60
2022-12,casual,Tuesday,6,170
2022-12,casual,Tuesday,7,304
2022-12,casual,Tuesday,8,366
2022-12,casual,Tuesday,9,243
2022-12,casual,Tuesday,10,191
2022-12,casual,Tuesday,11,257
2022-12,casual,Tuesday,12,294
2022-12,casual,Tuesday,13,352
2022-12,casual,Tuesday,14,340
2022-12,casual,Tuesday,15,409
2022-12,casual,Tuesday,16,568
2022-12,casual,Tuesday,17,599
2022-12,casual,Tuesday,18,459
2022-12,casual,Tuesday,19,317
2022-12,casual,Tuesday,20,211
2022-12,casual,Tuesday,21,178
2022-12,casual,Tuesday,22,173
2022-12,casual,Tuesday,23,111
2022-12,casual,Wednesday,0,82
2022-12,casual,Wednesday,1,37
2022-12,casual,Wednesday,2,31
2022-12,casual,Wednesday,3,19
2022-12,casual,Wednesday,4,22
2022-12,casual,Wednesday,5,58
2022-12,casual,Wednesday,6,145
2022-12,casual,Wednesday,7,270
2022-12,casual,Wednesday,8,301
2022-12,casual,Wednesday,9,202
2022-12,casual,Wednesday,10,177
2022-12,casual,Wednesday,11,259
2022-12,casual,Wednesday,12,298
2022-12,casual,Wednesday,13,325
2022-12,casual,Wednesday,14,363
2022-12,casual,Wednesday,15,478
2022-12,casual,Wednesday,16,540
2022-12,casual,Wednesday,17,528
2022-12,casual,Wednesday,18,390
2022-12,casual,Wednesday,19,339
2022-12,casual,Wednesday,20,202
2022-12,casual,Wednesday,21,191
2022-12,casual,Wednesday,22,162
2022-12,casual,Wednesday,23,115
2022-12,casual,Thursday,0,118
2022-12,casual,Thursday,1,62
2022-12,casual,Thursday,2,34
2022-12,casual,Thursday,3,40
2022-12,casual,Thursday,4,28
2022-12,casual,Thursday,5,80
2022-12,casual,Thursday,6,225
2022-12,casual,Thursday,7,398
2022-12,casual,Thursday,8,505
2022-12,casual,Thursday,9,324
2022-12,casual,Thursday,10,282
2022-12,casual,Thursday,11,433
2022-12,casual,Thursday,12,487
2022-12,casual,Thursday,13,450
2022-12,casual,Thursday,14,514
2022-12,casual,Thursday,15,610
2022-12,casual,Thursday,16,657
2022-12,casual,Thursday,17,697
2022-12,casual,Thursday,18,583
2022-12,casual,Thursday,19,413
2022-12,casual,Thursday,20,285
2022-12,casual,Thursday,21,273
2022-12,casual,Thursday,22,280
2022-12,casual,Thursday,23,185
2022-12,casual,Friday,0,134
2022-12,casual,Friday,1,127
2022-12,casual,Friday,2,73
2022-12,casual,Friday,3,50
2022-12,casual,Friday,4,33
2022-12,casual,Friday,5,67
2022-12,casual,Friday,6,154
2022-12,casual,Friday,7,241
2022-12,casual,Friday,8,287
2022-12,casual,Friday,9,222
2022-12,casual,Friday,10,241
2022-12,casual,Friday,11,322
2022-12,casual,Friday,12,390
2022-12,casual,Friday,13,457
2022-12,casual,Friday,14,447
2022-12,casual,Friday,15,564
2022-12,casual,Friday,16,614
2022-12,casual,Friday,17,576
2022-12,casual,Friday,18,523
2022-12,casual,Friday,19,415
2022-12,casual,Friday,20,297
2022-12,casual,Friday,21,237
2022-12,casual,Friday,22,231
2022-12,casual,Friday,23,276
2022-12,casual,Saturday,0,248
2022-12,casual,Saturday,1,216
2022-12,casual,Saturday,2,123
2022-12,casual,Saturday,3,69
2022-12,casual,Saturday,4,51
2022-12,casual,Saturday,5,47
2022-12,casual,Saturday,6,80
2022-12,casual,Saturday,7,126
2022-12,casual,Saturday,8,295
2022-12,casual,Saturday,9,252
2022-12,casual,Saturday,10,376
2022-12,casual,Saturday,11,480
2022-12,casual,Saturday,12,592
2022-12,casual,Saturday,13,547
2022-12,casual,Saturday,14,549
2022-12,casual,Saturday,15,633
2022-12,casual,Saturday,16,562
2022-12,casual,Saturday,17,466
2022-12,casual,Saturday,18,376
2022-12,casual,Saturday,19,320
2022-12,casual,Saturday,20,248
2022-12,casual,Saturday,21,217
2022-12,casual,Saturday,22,272
2022-12,casual,Saturday,23,306
2022-12,member,Sunday,0,302
2022-12,member,Sunday,1,220
2022-12,member,Sunday,2,140
2022-12,member,Sunday,3,89
2022-12,member,Sunday,4,47
2022-12,member,Sunday,5,46
2022-12,member,Sunday,6,138
2022-12,member,Sunday,7,251
2022-12,member,Sunday,8,383
2022-12,member,Sunday,9,537
2022-12,member,Sunday,10,766
2022-12,member,Sunday,11,939
2022-12,member,Sunday,12,884
2022-12,member,Sunday,13,951
2022-12,member,Sunday,14,913
2022-12,member,Sunday,15,1035
2022-12,member,Sunday,16,960
2022-12,member,Sunday,17,810
2022-12,member,Sunday,18,678
2022-12,member,Sunday,19,515
2022-12,member,Sunday,20,382
2022-12,member,Sunday,21,322
2022-12,member,Sunday,22,247
2022-12,member,Sunday,23,170
2022-12,member,Monday,0,111
2022-12,member,Monday,1,70
2022-12,member,Monday,2,47
2022-12,member,Monday,3,40
2022-12,member,Monday,4,49
2022-12,member,Monday,5,227
2022-12,member,Monday,6,683
2022-12,member,Monday,7,1217
2022-12,member,Monday,8,1475
2022-12,member,Monday,9,788
2022-12,member,Monday,10,606
2022-12,member,Monday,11,831
2022-12,member,Monday,12,857
2022-12,member,Monday,13,913
2022-12,member,Monday,14,974
2022-12,member,Monday,15,1256
2022-12,member,Monday,16,1728
2022-12,member,Monday,17,2168
2022-12,member,Monday,18,1587
2022-12,member,Monday,19,1050
2022-12,member,Monday,20,667
2022-12,member,Monday,21,534
2022-12,member,Monday,22,313
2022-12,member,Monday,23,191
2022-12,member,Tuesday,0,107
2022-12,member,Tuesday,1,70
2022-12,member,Tuesday,2,30
2022-12,member,Tuesday,3,34
2022-12,member,Tuesday,4,68
2022-12,member,Tuesday,5,293
2022-12,member,Tuesday,6,870
2022-12,member,Tuesday,7,1698
2022-12,member,Tuesday,8,2049
2022-12,member,Tuesday,9,1071
2022-12,member,Tuesday,10,721
2022-12,member,Tuesday,11,854
2022-12,member,Tuesday,12,951
2022-12,member,Tuesday,13,904
2022-12,member,Tuesday,14,1002
2022-12,member,Tuesday,15,1469
2022-12,member,Tuesday,16,2043
2022-12,member,Tuesday,17,2555
2022-12,member,Tuesday,18,1697
2022-12,member,Tuesday,19,1095
2022-12,member,Tuesday,20,775
2022-12,member,Tuesday,21,570
2022-12,member,Tuesday,22,423
2022-12,member,Tuesday,23,211
2022-12,member,Wednesday,0,154
2022-12,member,Wednesday,1,55
2022-12,member,Wednesday,2,37
2022-12,member,Wednesday,3,26
2022-12,member,Wednesday,4,59
2022-12,member,Wednesday,5,227
2022-12,member,Wednesday,6,693
2022-12,member,Wednesday,7,1384
2022-12,member,Wednesday,8,1600
2022-12,member,Wednesday,9,944
2022-12,member,Wednesday,10,691
2022-12,member,Wednesday,11,923
2022-12,member,Wednesday,12,1033
2022-12,member,Wednesday,13,970
2022-12,member,Wednesday,14,1033
2022-12,member,Wednesday,15,1426
2022-12,member,Wednesday,16,1971
2022-12,member,Wednesday,17,2078
2022-12,member,Wednesday,18,1510
2022-12,member,Wednesday,19,1015
2022-12,member,Wednesday,20,677
2022-12,member,Wednesday,21,526
2022-12,member,Wednesday,22,374
2022-12,member,Wednesday,23,246
2022-12,member,Thursday,0,203
2022-12,member,Thursday,1,101
2022-12,member,Thursday,2,71
2022-12,member,Thursday,3,38
2022-12,member,Thursday,4,92
2022-12,member,Thursday,5,305
2022-12,member,Thursday,6,1017
2022-12,member,Thursday,7,2024
2022-12,member,Thursday,8,2392
2022-12,member,Thursday,9,1390
2022-12,member,Thursday,10,1122
2022-12,member,Thursday,11,1307
2022-12,member,Thursday,12,1589
2022-12,member,Thursday,13,1349
2022-12,member,Thursday,14,1391
2022-12,member,Thursday,15,1705
2022-12,member,Thursday,16,2256
2022-12,member,Thursday,17,2467
2022-12,member,Thursday,18,1803
2022-12,member,Thursday,19,1301
2022-12,member,Thursday,20,821
2022-12,member,Thursday,21,728
2022-12,member,Thursday,22,575
2022-12,member,Thursday,23,376
2022-12,member,Friday,0,231
2022-12,member,Friday,1,163
2022-12,member,Friday,2,110
2022-12,member,Friday,3,65
2022-12,member,Friday,4,61
2022-12,member,Friday,5,220
2022-12,member,Friday,6,659
2022-12,member,Friday,7,1107
2022-12,member,Friday,8,1242
2022-12,member,Friday,9,749
2022-12,member,Friday,10,705
2022-12,member,Friday,11,863
2022-12,member,Friday,12,1078
2022-12,member,Friday,13,1132
2022-12,member,Friday,14,1143
2022-12,member,Friday,15,1473
2022-12,member,Friday,16,1642
2022-12,member,Friday,17,1818
2022-12,member,Friday,18,1479
2022-12,member,Friday,19,1089
2022-12,member,Friday,20,721
2022-12,member,Friday,21,535
2022-12,member,Friday,22,457
2022-12,member,Friday,23,404
2022-12,member,Saturday,0,358
2022-12,member,Saturday,1,280
2022-12,member,Saturday,2,142
2022-12,member,Saturday,3,73
2022-12,member,Saturday,4,69
2022-12,member,Saturday,5,74
2022-12,member,Saturday,6,189
2022-12,member,Saturday,7,408
2022-12,member,Saturday,8,725
2022-12,member,Saturday,9,797
2022-12,member,Saturday,10,919
2022-12,member,Saturday,11,1205
2022-12,member,Saturday,12,1357
2022-12,member,Saturday,13,1284
2022-12,member,Saturday,14,1264
2022-12,member,Saturday,15,1353
2022-12,member,Saturday,16,1226
2022-12,member,Saturday,17,1090
2022-12,member,Saturday,18,926
2022-12,member,Saturday,19,760
2022-12,member,Saturday,20,582
2022-12,member,Saturday,21,439
2022-12,member,Saturday,22,442
2022-12,member,Saturday,23,409
2023-01,casual,Sunday,0,271
2023-01,casual,Sunday,1,275
2023-01,casual,Sunday,2,225
2023-01,casual,Sunday,3,59
2023-01,casual,Sunday,4,32
2023-01,casual,Sunday,5,22
2023-01,casual,Sunday,6,45
2023-01,casual,Sunday,7,70
2023-01,casual,Sunday,8,94
2023-01,casual,Sunday,9,226
2023-01,casual,Sunday,10,318
2023-01,casual,Sunday,11,419
2023-01,casual,Sunday,12,412
2023-01,casual,Sunday,13,493
2023-01,casual,Sunday,14,585
2023-01,casual,Sunday,15,514
2023-01,casual,Sunday,16,506
2023-01,casual,Sunday,17,367
2023-01,casual,Sunday,18,271
2023-01,casual,Sunday,19,272
2023-01,casual,Sunday,20,236
2023-01,casual,Sunday,21,157
2023-01,casual,Sunday,22,196
2023-01,casual,Sunday,23,122
2023-01,casual,Monday,0,78
2023-01,casual,Monday,1,41
2023-01,casual,Monday,2,32
2023-01,casual,Monday,3,16
2023-01,casual,Monday,4,28
2023-01,casual,Monday,5,61
2023-01,casual,Monday,6,119
2023-01,casual,Monday,7,174
2023-01,casual,Monday,8,219
2023-01,casual,Monday,9,175
2023-01,casual,Monday,10,218
2023-01,casual,Monday,11,311
2023-01,casual,Monday,12,395
2023-01,casual,Monday,13,382
2023-01,casual,Monday,14,372
2023-01,casual,Monday,15,485
2023-01,casual,Monday,16,552
2023-01,casual,Monday,17,484
2023-01,casual,Monday,18,426
2023-01,casual,Monday,19,322
2023-01,casual,Monday,20,213
2023-01,casual,Monday,21,173
2023-01,casual,Monday,22,144
2023-01,casual,Monday,23,93
2023-01,casual,Tuesday,0,47
2023-01,casual,Tuesday,1,23
2023-01,casual,Tuesday,2,21
2023-01,casual,Tuesday,3,11
2023-01,casual,Tuesday,4,26
2023-01,casual,Tuesday,5,67
2023-01,casual,Tuesday,6,204
2023-01,casual,Tuesday,7,366
2023-01,casual,Tuesday,8,421
2023-01,casual,Tuesday,9,273
2023-01,casual,Tuesday,10,216
2023-01,casual,Tuesday,11,300
2023-01,casual,Tuesday,12,321
2023-01,casual,Tuesday,13,339
2023-01,casual,Tuesday,14,425
2023-01,casual,Tuesday,15,488
2023-01,casual,Tuesday,16,702
2023-01,casual,Tuesday,17,709
2023-01,casual,Tuesday,18,527
2023-01,casual,Tuesday,19,372
2023-01,casual,Tuesday,20,276
2023-01,casual,Tuesday,21,242
2023-01,casual,Tuesday,22,193
2023-01,casual,Tuesday,23,113
2023-01,casual,Wednesday,0,43
2023-01,casual,Wednesday,1,24
2023-01,casual,Wednesday,2,26
2023-01,casual,Wednesday,3,18
2023-01,casual,Wednesday,4,32
2023-01,casual,Wednesday,5,68
2023-01,casual,Wednesday,6,172
2023-01,casual,Wednesday,7,351
2023-01,casual,Wednesday,8,398
2023-01,casual,Wednesday,9,231
2023-01,casual,Wednesday,10,178
2023-01,casual,Wednesday,11,242
2023-01,casual,Wednesday,12,278
2023-01,casual,Wednesday,13,342
2023-01,casual,Wednesday,14,355
2023-01,casual,Wednesday,15,416
2023-01,casual,Wednesday,16,589
2023-01,casual,Wednesday,17,639
2023-01,casual,Wednesday,18,443
2023-01,casual,Wednesday,19,311
2023-01,casual,Wednesday,20,217
2023-01,casual,Wednesday,21,188
2023-01,casual,Wednesday,22,141
2023-01,casual,Wednesday,23,106
2023-01,casual,Thursday,0,60
2023-01,casual,Thursday,1,35
2023-01,casual,Thursday,2,26
2023-01,casual,Thursday,3,13
2023-01,casual,Thursday,4,23
2023-01,casual,Thursday,5,52
2023-01,casual,Thursday,6,185
2023-01,casual,Thursday,7,283
2023-01,casual,Thursday,8,323
2023-01,casual,Thursday,9,227
2023-01,casual,Thursday,10,180
2023-01,casual,Thursday,11,211
2023-01,casual,Thursday,12,230
2023-01,casual,Thursday,13,253
2023-01,casual,Thursday,14,261
2023-01,casual,Thursday,15,325
2023-01,casual,Thursday,16,443
2023-01,casual,Thursday,17,467
2023-01,casual,Thursday,18,370
2023-01,casual,Thursday,19,262
2023-01,casual,Thursday,20,196
2023-01,casual,Thursday,21,207
2023-01,casual,Thursday,22,131
2023-01,casual,Thursday,23,76
2023-01,casual,Friday,0,61
2023-01,casual,Friday,1,27
2023-01,casual,Friday,2,23
2023-01,casual,Friday,3,21
2023-01,casual,Friday,4,33
2023-01,casual,Friday,5,46
2023-01,casual,Friday,6,146
2023-01,casual,Friday,7,211
2023-01,casual,Friday,8,231
2023-01,casual,Friday,9,195
2023-01,casual,Friday,10,191
2023-01,casual,Friday,11,228
2023-01,casual,Friday,12,274
2023-01,casual,Friday,13,271
2023-01,casual,Friday,14,285
2023-01,casual,Friday,15,363
2023-01,casual,Friday,16,457
2023-01,casual,Friday,17,430
2023-01,casual,Friday,18,376
2023-01,casual,Friday,19,271
2023-01,casual,Friday,20,228
2023-01,casual,Friday,21,174
2023-01,casual,Friday,22,166
2023-01,casual,Friday,23,133
2023-01,casual,Saturday,0,136
2023-01,casual,Saturday,1,135
2023-01,casual,Saturday,2,65
2023-01,casual,Saturday,3,33
2023-01,casual,Saturday,4,24
2023-01,casual,Saturday,5,25
2023-01,casual,Saturday,6,41
2023-01,casual,Saturday,7,77
2023-01,casual,Saturday,8,124
2023-01,casual,Saturday,9,208
2023-01,casual,Saturday,10,293
2023-01,casual,Saturday,11,340
2023-01,casual,Saturday,12,361
2023-01,casual,Saturday,13,362
2023-01,casual,Saturday,14,417
2023-01,casual,Saturday,15,436
2023-01,casual,Saturday,16,363
2023-01,casual,Saturday,17,289
2023-01,casual,Saturday,18,299
2023-01,casual,Saturday,19,238
2023-01,casual,Saturday,20,173
2023-01,casual,Saturday,21,157
2023-01,casual,Saturday,22,139
2023-01,casual,Saturday,23,144
2023-01,member,Sunday,0,394
2023-01,member,Sunday,1,349
2023-01,member,Sunday,2,283
2023-01,member,Sunday,3,92
2023-01,member,Sunday,4,61
2023-01,member,Sunday,5,75
2023-01,member,Sunday,6,170
2023-01,member,Sunday,7,306
2023-01,member,Sunday,8,406
2023-01,member,Sunday,9,653
2023-01,member,Sunday,10,865
2023-01,member,Sunday,11,1067
2023-01,member,Sunday,12,1192
2023-01,member,Sunday,13,1302
2023-01,member,Sunday,14,1265
2023-01,member,Sunday,15,1309
2023-01,member,Sunday,16,1250
2023-01,member,Sunday,17,1073
2023-01,member,Sunday,18,928
2023-01,member,Sunday,19,723
2023-01,member,Sunday,20,568
2023-01,member,Sunday,21,461
2023-01,member,Sunday,22,388
2023-01,member,Sunday,23,262
2023-01,member,Monday,0,143
2023-01,member,Monday,1,71
2023-01,member,Monday,2,42
2023-01,member,Monday,3,38
2023-01,member,Monday,4,60
2023-01,member,Monday,5,221
2023-01,member,Monday,6,738
2023-01,member,Monday,7,1229
2023-01,member,Monday,8,1622
2023-01,member,Monday,9,938
2023-01,member,Monday,10,915
2023-01,member,Monday,11,1071
2023-01,member,Monday,12,1255
2023-01,member,Monday,13,1221
2023-01,member,Monday,14,1183
2023-01,member,Monday,15,1552
2023-01,member,Monday,16,2104
2023-01,member,Monday,17,2361
2023-01,member,Monday,18,1825
2023-01,member,Monday,19,1196
2023-01,member,Monday,20,798
2023-01,member,Monday,21,614
2023-01,member,Monday,22,379
2023-01,member,Monday,23,256
2023-01,member,Tuesday,0,115
2023-01,member,Tuesday,1,52
2023-01,member,Tuesday,2,40
2023-01,member,Tuesday,3,22
2023-01,member,Tuesday,4,64
2023-01,member,Tuesday,5,342
2023-01,member,Tuesday,6,1109
2023-01,member,Tuesday,7,2107
2023-01,member,Tuesday,8,2695
2023-01,member,Tuesday,9,1373
2023-01,member,Tuesday,10,936
2023-01,member,Tuesday,11,1091
2023-01,member,Tuesday,12,1360
2023-01,member,Tuesday,13,1264
2023-01,member,Tuesday,14,1295
2023-01,member,Tuesday,15,1784
2023-01,member,Tuesday,16,2896
2023-01,member,Tuesday,17,3459
2023-01,member,Tuesday,18,2364
2023-01,member,Tuesday,19,1538
2023-01,member,Tuesday,20,1044
2023-01,member,Tuesday,21,758
2023-01,member,Tuesday,22,479
2023-01,member,Tuesday,23,276
2023-01,member,Wednesday,0,127
2023-01,member,Wednesday,1,55
2023-01,member,Wednesday,2,42
2023-01,member,Wednesday,3,30
2023-01,member,Wednesday,4,45
2023-01,member,Wednesday,5,317
2023-01,member,Wednesday,6,930
2023-01,member,Wednesday,7,1834
2023-01,member,Wednesday,8,2397
2023-01,member,Wednesday,9,1203
2023-01,member,Wednesday,10,865
2023-01,member,Wednesday,11,1010
2023-01,member,Wednesday,12,1145
2023-01,member,Wednesday,13,1147
2023-01,member,Wednesday,14,1126
2023-01,member,Wednesday,15,1556
2023-01,member,Wednesday,16,2317
2023-01,member,Wednesday,17,2977
2023-01,member,Wednesday,18,1894
2023-01,member,Wednesday,19,1223
2023-01,member,Wednesday,20,760
2023-01,member,Wednesday,21,559
2023-01,member,Wednesday,22,335
2023-01,member,Wednesday,23,237
2023-01,member,Thursday,0,122
2023-01,member,Thursday,1,54
2023-01,member,Thursday,2,35
2023-01,member,Thursday,3,18
2023-01,member,Thursday,4,57
2023-01,member,Thursday,5,303
2023-01,member,Thursday,6,893
2023-01,member,Thursday,7,1653
2023-01,member,Thursday,8,2084
2023-01,member,Thursday,9,1233
2023-01,member,Thursday,10,838
2023-01,member,Thursday,11,887
2023-01,member,Thursday,12,1125
2023-01,member,Thursday,13,1036
2023-01,member,Thursday,14,852
2023-01,member,Thursday,15,1314
2023-01,member,Thursday,16,1924
2023-01,member,Thursday,17,2424
2023-01,member,Thursday,18,1693
2023-01,member,Thursday,19,1109
2023-01,member,Thursday,20,743
2023-01,member,Thursday,21,605
2023-01,member,Thursday,22,397
2023-01,member,Thursday,23,227
2023-01,member,Friday,0,118
2023-01,member,Friday,1,65
2023-01,member,Friday,2,47
2023-01,member,Friday,3,31
2023-01,member,Friday,4,45
2023-01,member,Friday,5,280
2023-01,member,Friday,6,728
2023-01,member,Friday,7,1248
2023-01,member,Friday,8,1461
2023-01,member,Friday,9,941
2023-01,member,Friday,10,791
2023-01,member,Friday,11,952
2023-01,member,Friday,12,1130
2023-01,member,Friday,13,1119
2023-01,member,Friday,14,1047
2023-01,member,Friday,15,1407
2023-01,member,Friday,16,1780
2023-01,member,Friday,17,2026
2023-01,member,Friday,18,1482
2023-01,member,Friday,19,897
2023-01,member,Friday,20,611
2023-01,member,Friday,21,516
2023-01,member,Friday,22,386
2023-01,member,Friday,23,293
2023-01,member,Saturday,0,273
2023-01,member,Saturday,1,169
2023-01,member,Saturday,2,96
2023-01,member,Saturday,3,50
2023-01,member,Saturday,4,32
2023-01,member,Saturday,5,68
2023-01,member,Saturday,6,178
2023-01,member,Saturday,7,329
2023-01,member,Saturday,8,580
2023-01,member,Saturday,9,887
2023-01,member,Saturday,10,932
2023-01,member,Saturday,11,1063
2023-01,member,Saturday,12,1132
2023-01,member,Saturday,13,1101
2023-01,member,Saturday,14,1172
2023-01,member,Saturday,15,1183
2023-01,member,Saturday,16,1053
2023-01,member,Saturday,17,1024
2023-01,member,Saturday,18,831
2023-01,member,Saturday,19,651
2023-01,member,Saturday,20,459
2023-01,member,Saturday,21,449
2023-01,member,Saturday,22,329
2023-01,member,Saturday,23,310
2023-02,casual,Sunday,0,180
2023-02,casual,Sunday,1,105
2023-02,casual,Sunday,2,100
2023-02,casual,Sunday,3,36
2023-02,casual,Sunday,4,24
2023-02,casual,Sunday,5,42
2023-02,casual,Sunday,6,55
2023-02,casual,Sunday,7,55
2023-02,casual,Sunday,8,133
2023-02,casual,Sunday,9,279
2023-02,casual,Sunday,10,454
2023-02,casual,Sunday,11,679
2023-02,casual,Sunday,12,880
2023-02,casual,Sunday,13,1040
2023-02,casual,Sunday,14,1173
2023-02,casual,Sunday,15,1107
2023-02,casual,Sunday,16,1036
2023-02,casual,Sunday,17,760
2023-02,casual,Sunday,18,418
2023-02,casual,Sunday,19,315
2023-02,casual,Sunday,20,192
2023-02,casual,Sunday,21,348
2023-02,casual,Sunday,22,185
2023-02,casual,Sunday,23,97
2023-02,casual,Monday,0,62
2023-02,casual,Monday,1,38
2023-02,casual,Monday,2,21
2023-02,casual,Monday,3,12
2023-02,casual,Monday,4,25
2023-02,casual,Monday,5,47
2023-02,casual,Monday,6,121
2023-02,casual,Monday,7,185
2023-02,casual,Monday,8,226
2023-02,casual,Monday,9,206
2023-02,casual,Monday,10,271
2023-02,casual,Monday,11,352
2023-02,casual,Monday,12,419
2023-02,casual,Monday,13,512
2023-02,casual,Monday,14,518
2023-02,casual,Monday,15,626
2023-02,casual,Monday,16,779
2023-02,casual,Monday,17,690
2023-02,casual,Monday,18,498
2023-02,casual,Monday,19,342
2023-02,casual,Monday,20,235
2023-02,casual,Monday,21,190
2023-02,casual,Monday,22,140
2023-02,casual,Monday,23,88
2023-02,casual,Tuesday,0,60
2023-02,casual,Tuesday,1,19
2023-02,casual,Tuesday,2,20
2023-02,casual,Tuesday,3,13
2023-02,casual,Tuesday,4,18
2023-02,casual,Tuesday,5,66
2023-02,casual,Tuesday,6,210
2023-02,casual,Tuesday,7,354
2023-02,casual,Tuesday,8,463
2023-02,casual,Tuesday,9,277
2023-02,casual,Tuesday,10,227
2023-02,casual,Tuesday,11,314
2023-02,casual,Tuesday,12,394
2023-02,casual,Tuesday,13,370
2023-02,casual,Tuesday,14,407
2023-02,casual,Tuesday,15,536
2023-02,casual,Tuesday,16,653
2023-02,casual,Tuesday,17,777
2023-02,casual,Tuesday,18,479
2023-02,casual,Tuesday,19,313
2023-02,casual,Tuesday,20,225
2023-02,casual,Tuesday,21,199
2023-02,casual,Tuesday,22,139
2023-02,casual,Tuesday,23,106
2023-02,casual,Wednesday,0,33
2023-02,casual,Wednesday,1,24
2023-02,casual,Wednesday,2,16
2023-02,casual,Wednesday,3,19
2023-02,casual,Wednesday,4,23
2023-02,casual,Wednesday,5,62
2023-02,casual,Wednesday,6,140
2023-02,casual,Wednesday,7,312
2023-02,casual,Wednesday,8,289
2023-02,casual,Wednesday,9,186
2023-02,casual,Wednesday,10,182
2023-02,casual,Wednesday,11,203
2023-02,casual,Wednesday,12,198
2023-02,casual,Wednesday,13,199
2023-02,casual,Wednesday,14,224
2023-02,casual,Wednesday,15,276
2023-02,casual,Wednesday,16,414
2023-02,casual,Wednesday,17,466
2023-02,casual,Wednesday,18,363
2023-02,casual,Wednesday,19,265
2023-02,casual,Wednesday,20,164
2023-02,casual,Wednesday,21,174
2023-02,casual,Wednesday,22,126
2023-02,casual,Wednesday,23,94
2023-02,casual,Thursday,0,44
2023-02,casual,Thursday,1,26
2023-02,casual,Thursday,2,17
2023-02,casual,Thursday,3,17
2023-02,casual,Thursday,4,17
2023-02,casual,Thursday,5,57
2023-02,casual,Thursday,6,130
2023-02,casual,Thursday,7,204
2023-02,casual,Thursday,8,280
2023-02,casual,Thursday,9,185
2023-02,casual,Thursday,10,142
2023-02,casual,Thursday,11,141
2023-02,casual,Thursday,12,163
2023-02,casual,Thursday,13,175
2023-02,casual,Thursday,14,184
2023-02,casual,Thursday,15,252
2023-02,casual,Thursday,16,323
2023-02,casual,Thursday,17,393
2023-02,casual,Thursday,18,276
2023-02,casual,Thursday,19,171
2023-02,casual,Thursday,20,147
2023-02,casual,Thursday,21,100
2023-02,casual,Thursday,22,86
2023-02,casual,Thursday,23,62
2023-02,casual,Friday,0,47
2023-02,casual,Friday,1,24
2023-02,casual,Friday,2,15
2023-02,casual,Friday,3,17
2023-02,casual,Friday,4,7
2023-02,casual,Friday,5,46
2023-02,casual,Friday,6,93
2023-02,casual,Friday,7,166
2023-02,casual,Friday,8,158
2023-02,casual,Friday,9,141
2023-02,casual,Friday,10,176
2023-02,casual,Friday,11,168
2023-02,casual,Friday,12,257
2023-02,casual,Friday,13,266
2023-02,casual,Friday,14,319
2023-02,casual,Friday,15,332
2023-02,casual,Friday,16,420
2023-02,casual,Friday,17,400
2023-02,casual,Friday,18,332
2023-02,casual,Friday,19,220
2023-02,casual,Friday,20,165
2023-02,casual,Friday,21,101
2023-02,casual,Friday,22,115
2023-02,casual,Friday,23,96
2023-02,casual,Saturday,0,73
2023-02,casual,Saturday,1,63
2023-02,casual,Saturday,2,35
2023-02,casual,Saturday,3,21
2023-02,casual,Saturday,4,10
2023-02,casual,Saturday,5,21
2023-02,casual,Saturday,6,35
2023-02,casual,Saturday,7,67
2023-02,casual,Saturday,8,120
2023-02,casual,Saturday,9,197
2023-02,casual,Saturday,10,270
2023-02,casual,Saturday,11,360
2023-02,casual,Saturday,12,497
2023-02,casual,Saturday,13,651
2023-02,casual,Saturday,14,788
2023-02,casual,Saturday,15,724
2023-02,casual,Saturday,16,707
2023-02,casual,Saturday,17,542
2023-02,casual,Saturday,18,418
2023-02,casual,Saturday,19,301
2023-02,casual,Saturday,20,219
2023-02,casual,Saturday,21,178
2023-02,casual,Saturday,22,175
2023-02,casual,Saturday,23,202
2023-02,member,Sunday,0,327
2023-02,member,Sunday,1,217
2023-02,member,Sunday,2,144
2023-02,member,Sunday,3,66
2023-02,member,Sunday,4,36
2023-02,member,Sunday,5,59
2023-02,member,Sunday,6,159
2023-02,member,Sunday,7,346
2023-02,member,Sunday,8,511
2023-02,member,Sunday,9,824
2023-02,member,Sunday,10,1242
2023-02,member,Sunday,11,1532
2023-02,member,Sunday,12,1705
2023-02,member,Sunday,13,1772
2023-02,member,Sunday,14,1876
2023-02,member,Sunday,15,1929
2023-02,member,Sunday,16,1865
2023-02,member,Sunday,17,1617
2023-02,member,Sunday,18,987
2023-02,member,Sunday,19,698
2023-02,member,Sunday,20,542
2023-02,member,Sunday,21,667
2023-02,member,Sunday,22,359
2023-02,member,Sunday,23,251
2023-02,member,Monday,0,118
2023-02,member,Monday,1,67
2023-02,member,Monday,2,58
2023-02,member,Monday,3,18
2023-02,member,Monday,4,52
2023-02,member,Monday,5,232
2023-02,member,Monday,6,676
2023-02,member,Monday,7,1241
2023-02,member,Monday,8,1545
2023-02,member,Monday,9,898
2023-02,member,Monday,10,861
2023-02,member,Monday,11,1062
2023-02,member,Monday,12,1306
2023-02,member,Monday,13,1332
2023-02,member,Monday,14,1383
2023-02,member,Monday,15,1778
2023-02,member,Monday,16,2484
2023-02,member,Monday,17,3037
2023-02,member,Monday,18,2030
2023-02,member,Monday,19,1322
2023-02,member,Monday,20,897
2023-02,member,Monday,21,657
2023-02,member,Monday,22,389
2023-02,member,Monday,23,217
2023-02,member,Tuesday,0,96
2023-02,member,Tuesday,1,42
2023-02,member,Tuesday,2,43
2023-02,member,Tuesday,3,27
2023-02,member,Tuesday,4,87
2023-02,member,Tuesday,5,363
2023-02,member,Tuesday,6,1196
2023-02,member,Tuesday,7,2183
2023-02,member,Tuesday,8,2796
2023-02,member,Tuesday,9,1372
2023-02,member,Tuesday,10,1017
2023-02,member,Tuesday,11,1145
2023-02,member,Tuesday,12,1366
2023-02,member,Tuesday,13,1289
2023-02,member,Tuesday,14,1251
2023-02,member,Tuesday,15,1728
2023-02,member,Tuesday,16,2890
2023-02,member,Tuesday,17,3392
2023-02,member,Tuesday,18,2057
2023-02,member,Tuesday,19,1255
2023-02,member,Tuesday,20,914
2023-02,member,Tuesday,21,675
2023-02,member,Tuesday,22,390
2023-02,member,Tuesday,23,242
2023-02,member,Wednesday,0,88
2023-02,member,Wednesday,1,52
2023-02,member,Wednesday,2,25
2023-02,member,Wednesday,3,21
2023-02,member,Wednesday,4,55
2023-02,member,Wednesday,5,331
2023-02,member,Wednesday,6,890
2023-02,member,Wednesday,7,1755
2023-02,member,Wednesday,8,1882
2023-02,member,Wednesday,9,997
2023-02,member,Wednesday,10,673
2023-02,member,Wednesday,11,744
2023-02,member,Wednesday,12,940
2023-02,member,Wednesday,13,879
2023-02,member,Wednesday,14,816
2023-02,member,Wednesday,15,1306
2023-02,member,Wednesday,16,1910
2023-02,member,Wednesday,17,2357
2023-02,member,Wednesday,18,1762
2023-02,member,Wednesday,19,1124
2023-02,member,Wednesday,20,732
2023-02,member,Wednesday,21,547
2023-02,member,Wednesday,22,400
2023-02,member,Wednesday,23,208
2023-02,member,Thursday,0,111
2023-02,member,Thursday,1,54
2023-02,member,Thursday,2,34
2023-02,member,Thursday,3,20
2023-02,member,Thursday,4,48
2023-02,member,Thursday,5,223
2023-02,member,Thursday,6,706
2023-02,member,Thursday,7,1328
2023-02,member,Thursday,8,1632
2023-02,member,Thursday,9,1007
2023-02,member,Thursday,10,670
2023-02,member,Thursday,11,706
2023-02,member,Thursday,12,799
2023-02,member,Thursday,13,735
2023-02,member,Thursday,14,717
2023-02,member,Thursday,15,1210
2023-02,member,Thursday,16,1699
2023-02,member,Thursday,17,2118
2023-02,member,Thursday,18,1397
2023-02,member,Thursday,19,880
2023-02,member,Thursday,20,517
2023-02,member,Thursday,21,397
2023-02,member,Thursday,22,291
2023-02,member,Thursday,23,206
2023-02,member,Friday,0,109
2023-02,member,Friday,1,44
2023-02,member,Friday,2,32
2023-02,member,Friday,3,26
2023-02,member,Friday,4,39
2023-02,member,Friday,5,203
2023-02,member,Friday,6,538
2023-02,member,Friday,7,951
2023-02,member,Friday,8,1119
2023-02,member,Friday,9,718
2023-02,member,Friday,10,621
2023-02,member,Friday,11,822
2023-02,member,Friday,12,911
2023-02,member,Friday,13,1057
2023-02,member,Friday,14,1054
2023-02,member,Friday,15,1379
2023-02,member,Friday,16,1637
2023-02,member,Friday,17,1782
2023-02,member,Friday,18,1253
2023-02,member,Friday,19,844
2023-02,member,Friday,20,583
2023-02,member,Friday,21,362
2023-02,member,Friday,22,276
2023-02,member,Friday,23,200
2023-02,member,Saturday,0,184
2023-02,member,Saturday,1,118
2023-02,member,Saturday,2,65
2023-02,member,Saturday,3,33
2023-02,member,Saturday,4,31
2023-02,member,Saturday,5,64
2023-02,member,Saturday,6,159
2023-02,member,Saturday,7,306
2023-02,member,Saturday,8,551
2023-02,member,Saturday,9,786
2023-02,member,Saturday,10,997
2023-02,member,Saturday,11,1154
2023-02,member,Saturday,12,1346
2023-02,member,Saturday,13,1486
2023-02,member,Saturday,14,1533
2023-02,member,Saturday,15,1474
2023-02,member,Saturday,16,1388
2023-02,member,Saturday,17,1282
2023-02,member,Saturday,18,1088
2023-02,member,Saturday,19,831
2023-02,member,Saturday,20,589
2023-02,member,Saturday,21,534
2023-02,member,Saturday,22,438
2023-02,member,Saturday,23,398
2023-03,casual,Sunday,0,163
2023-03,casual,Sunday,1,133
2023-03,casual,Sunday,2,84
2023-03,casual,Sunday,3,53
2023-03,casual,Sunday,4,39
2023-03,casual,Sunday,5,28
2023-03,casual,Sunday,6,75
2023-03,casual,Sunday,7,130
2023-03,casual,Sunday,8,162
2023-03,casual,Sunday,9,289
2023-03,casual,Sunday,10,447
2023-03,casual,Sunday,11,589
2023-03,casual,Sunday,12,621
2023-03,casual,Sunday,13,702
2023-03,casual,Sunday,14,809
2023-03,casual,Sunday,15,663
2023-03,casual,Sunday,16,550
2023-03,casual,Sunday,17,467
2023-03,casual,Sunday,18,363
2023-03,casual,Sunday,19,246
2023-03,casual,Sunday,20,191
2023-03,casual,Sunday,21,136
2023-03,casual,Sunday,22,126
2023-03,casual,Sunday,23,87
2023-03,casual,Monday,0,55
2023-03,casual,Monday,1,37
2023-03,casual,Monday,2,27
2023-03,casual,Monday,3,15
2023-03,casual,Monday,4,25
2023-03,casual,Monday,5,78
2023-03,casual,Monday,6,152
2023-03,casual,Monday,7,272
2023-03,casual,Monday,8,360
2023-03,casual,Monday,9,223
2023-03,casual,Monday,10,279
2023-03,casual,Monday,11,283
2023-03,casual,Monday,12,285
2023-03,casual,Monday,13,352
2023-03,casual,Monday,14,445
2023-03,casual,Monday,15,567
2023-03,casual,Monday,16,704
2023-03,casual,Monday,17,793
2023-03,casual,Monday,18,569
2023-03,casual,Monday,19,384
2023-03,casual,Monday,20,262
2023-03,casual,Monday,21,195
2023-03,casual,Monday,22,133
2023-03,casual,Monday,23,87
2023-03,casual,Tuesday,0,61
2023-03,casual,Tuesday,1,18
2023-03,casual,Tuesday,2,23
2023-03,casual,Tuesday,3,23
2023-03,casual,Tuesday,4,25
2023-03,casual,Tuesday,5,73
2023-03,casual,Tuesday,6,199
2023-03,casual,Tuesday,7,392
2023-03,casual,Tuesday,8,498
2023-03,casual,Tuesday,9,348
2023-03,casual,Tuesday,10,299
2023-03,casual,Tuesday,11,371
2023-03,casual,Tuesday,12,450
2023-03,casual,Tuesday,13,536
2023-03,casual,Tuesday,14,566
2023-03,casual,Tuesday,15,653
2023-03,casual,Tuesday,16,976
2023-03,casual,Tuesday,17,1234
2023-03,casual,Tuesday,18,795
2023-03,casual,Tuesday,19,450
2023-03,casual,Tuesday,20,353
2023-03,casual,Tuesday,21,234
2023-03,casual,Tuesday,22,213
2023-03,casual,Tuesday,23,119
2023-03,casual,Wednesday,0,77
2023-03,casual,Wednesday,1,58
2023-03,casual,Wednesday,2,25
2023-03,casual,Wednesday,3,29
2023-03,casual,Wednesday,4,29
2023-03,casual,Wednesday,5,97
2023-03,casual,Wednesday,6,244
2023-03,casual,Wednesday,7,490
2023-03,casual,Wednesday,8,632
2023-03,casual,Wednesday,9,419
2023-03,casual,Wednesday,10,338
2023-03,casual,Wednesday,11,480
2023-03,casual,Wednesday,12,585
2023-03,casual,Wednesday,13,639
2023-03,casual,Wednesday,14,747
2023-03,casual,Wednesday,15,879
2023-03,casual,Wednesday,16,1176
2023-03,casual,Wednesday,17,1372
2023-03,casual,Wednesday,18,869
2023-03,casual,Wednesday,19,610
2023-03,casual,Wednesday,20,325
2023-03,casual,Wednesday,21,373
2023-03,casual,Wednesday,22,296
2023-03,casual,Wednesday,23,139
2023-03,casual,Thursday,0,114
2023-03,casual,Thursday,1,60
2023-03,casual,Thursday,2,55
2023-03,casual,Thursday,3,29
2023-03,casual,Thursday,4,20
2023-03,casual,Thursday,5,81
2023-03,casual,Thursday,6,229
2023-03,casual,Thursday,7,479
2023-03,casual,Thursday,8,618
2023-03,casual,Thursday,9,370
2023-03,casual,Thursday,10,354
2023-03,casual,Thursday,11,422
2023-03,casual,Thursday,12,462
2023-03,casual,Thursday,13,500
2023-03,casual,Thursday,14,585
2023-03,casual,Thursday,15,739
2023-03,casual,Thursday,16,1027
2023-03,casual,Thursday,17,1212
2023-03,casual,Thursday,18,823
2023-03,casual,Thursday,19,517
2023-03,casual,Thursday,20,359
2023-03,casual,Thursday,21,286
2023-03,casual,Thursday,22,271
2023-03,casual,Thursday,23,186
2023-03,casual,Friday,0,115
2023-03,casual,Friday,1,77
2023-03,casual,Friday,2,49
2023-03,casual,Friday,3,26
2023-03,casual,Friday,4,19
2023-03,casual,Friday,5,64
2023-03,casual,Friday,6,176
2023-03,casual,Friday,7,298
2023-03,casual,Friday,8,326
2023-03,casual,Friday,9,341
2023-03,casual,Friday,10,336
2023-03,casual,Friday,11,484
2023-03,casual,Friday,12,629
2023-03,casual,Friday,13,728
2023-03,casual,Friday,14,807
2023-03,casual,Friday,15,935
2023-03,casual,Friday,16,902
2023-03,casual,Friday,17,748
2023-03,casual,Friday,18,561
2023-03,casual,Friday,19,458
2023-03,casual,Friday,20,272
2023-03,casual,Friday,21,214
2023-03,casual,Friday,22,239
2023-03,casual,Friday,23,271
2023-03,casual,Saturday,0,171
2023-03,casual,Saturday,1,110
2023-03,casual,Saturday,2,72
2023-03,casual,Saturday,3,44
2023-03,casual,Saturday,4,25
2023-03,casual,Saturday,5,21
2023-03,casual,Saturday,6,48
2023-03,casual,Saturday,7,123
2023-03,casual,Saturday,8,194
2023-03,casual,Saturday,9,359
2023-03,casual,Saturday,10,429
2023-03,casual,Saturday,11,569
2023-03,casual,Saturday,12,636
2023-03,casual,Saturday,13,694
2023-03,casual,Saturday,14,695
2023-03,casual,Saturday,15,676
2023-03,casual,Saturday,16,582
2023-03,casual,Saturday,17,513
2023-03,casual,Saturday,18,464
2023-03,casual,Saturday,19,408
2023-03,casual,Saturday,20,257
2023-03,casual,Saturday,21,211
2023-03,casual,Saturday,22,209
2023-03,casual,Saturday,23,197
2023-03,member,Sunday,0,280
2023-03,member,Sunday,1,187
2023-03,member,Sunday,2,100
2023-03,member,Sunday,3,87
2023-03,member,Sunday,4,47
2023-03,member,Sunday,5,66
2023-03,member,Sunday,6,186
2023-03,member,Sunday,7,367
2023-03,member,Sunday,8,536
2023-03,member,Sunday,9,813
2023-03,member,Sunday,10,1097
2023-03,member,Sunday,11,1333
2023-03,member,Sunday,12,1440
2023-03,member,Sunday,13,1520
2023-03,member,Sunday,14,1381
2023-03,member,Sunday,15,1424
2023-03,member,Sunday,16,1348
2023-03,member,Sunday,17,1046
2023-03,member,Sunday,18,1004
2023-03,member,Sunday,19,799
2023-03,member,Sunday,20,606
2023-03,member,Sunday,21,401
2023-03,member,Sunday,22,300
2023-03,member,Sunday,23,182
2023-03,member,Monday,0,103
2023-03,member,Monday,1,54
2023-03,member,Monday,2,25
2023-03,member,Monday,3,27
2023-03,member,Monday,4,64
2023-03,member,Monday,5,298
2023-03,member,Monday,6,994
2023-03,member,Monday,7,1726
2023-03,member,Monday,8,2068
2023-03,member,Monday,9,1002
2023-03,member,Monday,10,726
2023-03,member,Monday,11,893
2023-03,member,Monday,12,1019
2023-03,member,Monday,13,1023
2023-03,member,Monday,14,1291
2023-03,member,Monday,15,1577
2023-03,member,Monday,16,2404
2023-03,member,Monday,17,3093
2023-03,member,Monday,18,2343
2023-03,member,Monday,19,1541
2023-03,member,Monday,20,910
2023-03,member,Monday,21,691
2023-03,member,Monday,22,371
2023-03,member,Monday,23,231
2023-03,member,Tuesday,0,120
2023-03,member,Tuesday,1,65
2023-03,member,Tuesday,2,47
2023-03,member,Tuesday,3,22
2023-03,member,Tuesday,4,76
2023-03,member,Tuesday,5,355
2023-03,member,Tuesday,6,1164
2023-03,member,Tuesday,7,2273
2023-03,member,Tuesday,8,2827
2023-03,member,Tuesday,9,1392
2023-03,member,Tuesday,10,988
2023-03,member,Tuesday,11,1062
2023-03,member,Tuesday,12,1315
2023-03,member,Tuesday,13,1305
2023-03,member,Tuesday,14,1407
2023-03,member,Tuesday,15,1905
2023-03,member,Tuesday,16,3150
2023-03,member,Tuesday,17,4099
2023-03,member,Tuesday,18,2756
2023-03,member,Tuesday,19,1812
2023-03,member,Tuesday,20,1071
2023-03,member,Tuesday,21,806
2023-03,member,Tuesday,22,573
2023-03,member,Tuesday,23,251
2023-03,member,Wednesday,0,122
2023-03,member,Wednesday,1,66
2023-03,member,Wednesday,2,38
2023-03,member,Wednesday,3,23
2023-03,member,Wednesday,4,81
2023-03,member,Wednesday,5,448
2023-03,member,Wednesday,6,1418
2023-03,member,Wednesday,7,2866
2023-03,member,Wednesday,8,3537
2023-03,member,Wednesday,9,1911
2023-03,member,Wednesday,10,1331
2023-03,member,Wednesday,11,1538
2023-03,member,Wednesday,12,1804
2023-03,member,Wednesday,13,1906
2023-03,member,Wednesday,14,1867
2023-03,member,Wednesday,15,2425
2023-03,member,Wednesday,16,3818
2023-03,member,Wednesday,17,4723
2023-03,member,Wednesday,18,3095
2023-03,member,Wednesday,19,2044
2023-03,member,Wednesday,20,1336
2023-03,member,Wednesday,21,1024
2023-03,member,Wednesday,22,645
2023-03,member,Wednesday,23,359
2023-03,member,Thursday,0,222
2023-03,member,Thursday,1,71
2023-03,member,Thursday,2,48
2023-03,member,Thursday,3,34
2023-03,member,Thursday,4,66
2023-03,member,Thursday,5,357
2023-03,member,Thursday,6,1298
2023-03,member,Thursday,7,2609
2023-03,member,Thursday,8,3214
2023-03,member,Thursday,9,1741
2023-03,member,Thursday,10,1192
2023-03,member,Thursday,11,1384
2023-03,member,Thursday,12,1582
2023-03,member,Thursday,13,1498
2023-03,member,Thursday,14,1583
2023-03,member,Thursday,15,2217
2023-03,member,Thursday,16,3380
2023-03,member,Thursday,17,4346
2023-03,member,Thursday,18,2895
2023-03,member,Thursday,19,1829
2023-03,member,Thursday,20,1151
2023-03,member,Thursday,21,861
2023-03,member,Thursday,22,616
2023-03,member,Thursday,23,369
2023-03,member,Friday,0,179
2023-03,member,Friday,1,128
2023-03,member,Friday,2,71
2023-03,member,Friday,3,44
2023-03,member,Friday,4,75
2023-03,member,Friday,5,294
2023-03,member,Friday,6,946
2023-03,member,Friday,7,1605
2023-03,member,Friday,8,1966
2023-03,member,Friday,9,1319
2023-03,member,Friday,10,1131
2023-03,member,Friday,11,1406
2023-03,member,Friday,12,1617
2023-03,member,Friday,13,1821
2023-03,member,Friday,14,1799
2023-03,member,Friday,15,2356
2023-03,member,Friday,16,2657
2023-03,member,Friday,17,2660
2023-03,member,Friday,18,2112
2023-03,member,Friday,19,1417
2023-03,member,Friday,20,849
2023-03,member,Friday,21,567
2023-03,member,Friday,22,537
2023-03,member,Friday,23,518
2023-03,member,Saturday,0,276
2023-03,member,Saturday,1,178
2023-03,member,Saturday,2,85
2023-03,member,Saturday,3,40
2023-03,member,Saturday,4,35
2023-03,member,Saturday,5,50
2023-03,member,Saturday,6,202
2023-03,member,Saturday,7,417
2023-03,member,Saturday,8,656
2023-03,member,Saturday,9,944
2023-03,member,Saturday,10,1096
2023-03,member,Saturday,11,1245
2023-03,member,Saturday,12,1307
2023-03,member,Saturday,13,1284
2023-03,member,Saturday,14,1340
2023-03,member,Saturday,15,1244
2023-03,member,Saturday,16,1148
2023-03,member,Saturday,17,1172
2023-03,member,Saturday,18,1060
2023-03,member,Saturday,19,828
2023-03,member,Saturday,20,536
2023-03,member,Saturday,21,472
2023-03,member,Saturday,22,414
2023-03,member,Saturday,23,333
2023-04,casual,Sunday,0,803
2023-04,casual,Sunday,1,500
2023-04,casual,Sunday,2,324
2023-04,casual,Sunday,3,152
2023-04,casual,Sunday,4,99
2023-04,casual,Sunday,5,85
2023-04,casual,Sunday,6,129
2023-04,casual,Sunday,7,213
2023-04,casual,Sunday,8,361
2023-04,casual,Sunday,9,667
2023-04,casual,Sunday,10,1053
2023-04,casual,Sunday,11,1217
2023-04,casual,Sunday,12,1452
2023-04,casual,Sunday,13,1553
2023-04,casual,Sunday,14,1709
2023-04,casual,Sunday,15,1647
2023-04,casual,Sunday,16,1508
2023-04,casual,Sunday,17,1375
2023-04,casual,Sunday,18,1137
2023-04,casual,Sunday,19,760
2023-04,casual,Sunday,20,469
2023-04,casual,Sunday,21,397
2023-04,casual,Sunday,22,274
2023-04,casual,Sunday,23,193
2023-04,casual,Monday,0,109
2023-04,casual,Monday,1,88
2023-04,casual,Monday,2,31
2023-04,casual,Monday,3,33
2023-04,casual,Monday,4,35
2023-04,casual,Monday,5,93
2023-04,casual,Monday,6,215
2023-04,casual,Monday,7,353
2023-04,casual,Monday,8,543
2023-04,casual,Monday,9,427
2023-04,casual,Monday,10,412
2023-04,casual,Monday,11,536
2023-04,casual,Monday,12,714
2023-04,casual,Monday,13,744
2023-04,casual,Monday,14,725
2023-04,casual,Monday,15,843
2023-04,casual,Monday,16,1152
2023-04,casual,Monday,17,1476
2023-04,casual,Monday,18,1152
2023-04,casual,Monday,19,688
2023-04,casual,Monday,20,461
2023-04,casual,Monday,21,425
2023-04,casual,Monday,22,246
2023-04,casual,Monday,23,192
2023-04,casual,Tuesday,0,85
2023-04,casual,Tuesday,1,59
2023-04,casual,Tuesday,2,37
2023-04,casual,Tuesday,3,32
2023-04,casual,Tuesday,4,24
2023-04,casual,Tuesday,5,92
2023-04,casual,Tuesday,6,233
2023-04,casual,Tuesday,7,513
2023-04,casual,Tuesday,8,598
2023-04,casual,Tuesday,9,430
2023-04,casual,Tuesday,10,463
2023-04,casual,Tuesday,11,521
2023-04,casual,Tuesday,12,718
2023-04,casual,Tuesday,13,761
2023-04,casual,Tuesday,14,825
2023-04,casual,Tuesday,15,1042
2023-04,casual,Tuesday,16,1558
2023-04,casual,Tuesday,17,2043
2023-04,casual,Tuesday,18,1775
2023-04,casual,Tuesday,19,1140
2023-04,casual,Tuesday,20,808
2023-04,casual,Tuesday,21,779
2023-04,casual,Tuesday,22,531
2023-04,casual,Tuesday,23,209
2023-04,casual,Wednesday,0,154
2023-04,casual,Wednesday,1,80
2023-04,casual,Wednesday,2,49
2023-04,casual,Wednesday,3,21
2023-04,casual,Wednesday,4,38
2023-04,casual,Wednesday,5,109
2023-04,casual,Wednesday,6,319
2023-04,casual,Wednesday,7,602
2023-04,casual,Wednesday,8,737
2023-04,casual,Wednesday,9,551
2023-04,casual,Wednesday,10,557
2023-04,casual,Wednesday,11,750
2023-04,casual,Wednesday,12,932
2023-04,casual,Wednesday,13,1028
2023-04,casual,Wednesday,14,1071
2023-04,casual,Wednesday,15,1283
2023-04,casual,Wednesday,16,1830
2023-04,casual,Wednesday,17,2319
2023-04,casual,Wednesday,18,1742
2023-04,casual,Wednesday,19,1249
2023-04,casual,Wednesday,20,795
2023-04,casual,Wednesday,21,744
2023-04,casual,Wednesday,22,485
2023-04,casual,Wednesday,23,285
2023-04,casual,Thursday,0,177
2023-04,casual,Thursday,1,73
2023-04,casual,Thursday,2,66
2023-04,casual,Thursday,3,46
2023-04,casual,Thursday,4,40
2023-04,casual,Thursday,5,87
2023-04,casual,Thursday,6,323
2023-04,casual,Thursday,7,656
2023-04,casual,Thursday,8,917
2023-04,casual,Thursday,9,695
2023-04,casual,Thursday,10,702
2023-04,casual,Thursday,11,863
2023-04,casual,Thursday,12,1108
2023-04,casual,Thursday,13,1199
2023-04,casual,Thursday,14,1269
2023-04,casual,Thursday,15,1662
2023-04,casual,Thursday,16,2384
2023-04,casual,Thursday,17,2919
2023-04,casual,Thursday,18,2487
2023-04,casual,Thursday,19,1660
2023-04,casual,Thursday,20,1031
2023-04,casual,Thursday,21,989
2023-04,casual,Thursday,22,874
2023-04,casual,Thursday,23,498
2023-04,casual,Friday,0,318
2023-04,casual,Friday,1,191
2023-04,casual,Friday,2,103
2023-04,casual,Friday,3,58
2023-04,casual,Friday,4,44
2023-04,casual,Friday,5,99
2023-04,casual,Friday,6,332
2023-04,casual,Friday,7,535
2023-04,casual,Friday,8,704
2023-04,casual,Friday,9,714
2023-04,casual,Friday,10,870
2023-04,casual,Friday,11,1229
2023-04,casual,Friday,12,1526
2023-04,casual,Friday,13,1550
2023-04,casual,Friday,14,1704
2023-04,casual,Friday,15,2087
2023-04,casual,Friday,16,2460
2023-04,casual,Friday,17,2708
2023-04,casual,Friday,18,2503
2023-04,casual,Friday,19,1782
2023-04,casual,Friday,20,1068
2023-04,casual,Friday,21,915
2023-04,casual,Friday,22,846
2023-04,casual,Friday,23,737
2023-04,casual,Saturday,0,754
2023-04,casual,Saturday,1,550
2023-04,casual,Saturday,2,296
2023-04,casual,Saturday,3,153
2023-04,casual,Saturday,4,79
2023-04,casual,Saturday,5,71
2023-04,casual,Saturday,6,157
2023-04,casual,Saturday,7,348
2023-04,casual,Saturday,8,652
2023-04,casual,Saturday,9,1065
2023-04,casual,Saturday,10,1692
2023-04,casual,Saturday,11,2086
2023-04,casual,Saturday,12,2341
2023-04,casual,Saturday,13,2574
2023-04,casual,Saturday,14,2538
2023-04,casual,Saturday,15,2702
2023-04,casual,Saturday,16,2777
2023-04,casual,Saturday,17,2568
2023-04,casual,Saturday,18,2320
2023-04,casual,Saturday,19,1845
2023-04,casual,Saturday,20,1211
2023-04,casual,Saturday,21,1042
2023-04,casual,Saturday,22,941
2023-04,casual,Saturday,23,880
2023-04,member,Sunday,0,702
2023-04,member,Sunday,1,461
2023-04,member,Sunday,2,309
2023-04,member,Sunday,3,177
2023-04,member,Sunday,4,101
2023-04,member,Sunday,5,139
2023-04,member,Sunday,6,301
2023-04,member,Sunday,7,558
2023-04,member,Sunday,8,806
2023-04,member,Sunday,9,1390
2023-04,member,Sunday,10,1927
2023-04,member,Sunday,11,2157
2023-04,member,Sunday,12,2228
2023-04,member,Sunday,13,2290
2023-04,member,Sunday,14,2308
2023-04,member,Sunday,15,2178
2023-04,member,Sunday,16,2078
2023-04,member,Sunday,17,2054
2023-04,member,Sunday,18,2022
2023-04,member,Sunday,19,1571
2023-04,member,Sunday,20,1040
2023-04,member,Sunday,21,802
2023-04,member,Sunday,22,503
2023-04,member,Sunday,23,297
2023-04,member,Monday,0,120
2023-04,member,Monday,1,69
2023-04,member,Monday,2,46
2023-04,member,Monday,3,34
2023-04,member,Monday,4,71
2023-04,member,Monday,5,301
2023-04,member,Monday,6,1058
2023-04,member,Monday,7,1938
2023-04,member,Monday,8,2536
2023-04,member,Monday,9,1509
2023-04,member,Monday,10,1107
2023-04,member,Monday,11,1366
2023-04,member,Monday,12,1607
2023-04,member,Monday,13,1602
2023-04,member,Monday,14,1649
2023-04,member,Monday,15,2021
2023-04,member,Monday,16,3230
2023-04,member,Monday,17,4157
2023-04,member,Monday,18,3093
2023-04,member,Monday,19,2041
2023-04,member,Monday,20,1242
2023-04,member,Monday,21,928
2023-04,member,Monday,22,619
2023-04,member,Monday,23,301
2023-04,member,Tuesday,0,164
2023-04,member,Tuesday,1,66
2023-04,member,Tuesday,2,45
2023-04,member,Tuesday,3,39
2023-04,member,Tuesday,4,70
2023-04,member,Tuesday,5,368
2023-04,member,Tuesday,6,1219
2023-04,member,Tuesday,7,2319
2023-04,member,Tuesday,8,2972
2023-04,member,Tuesday,9,1618
2023-04,member,Tuesday,10,1156
2023-04,member,Tuesday,11,1408
2023-04,member,Tuesday,12,1744
2023-04,member,Tuesday,13,1699
2023-04,member,Tuesday,14,1709
2023-04,member,Tuesday,15,2436
2023-04,member,Tuesday,16,4110
2023-04,member,Tuesday,17,5110
2023-04,member,Tuesday,18,4001
2023-04,member,Tuesday,19,2693
2023-04,member,Tuesday,20,1607
2023-04,member,Tuesday,21,1324
2023-04,member,Tuesday,22,778
2023-04,member,Tuesday,23,416
2023-04,member,Wednesday,0,192
2023-04,member,Wednesday,1,97
2023-04,member,Wednesday,2,62
2023-04,member,Wednesday,3,52
2023-04,member,Wednesday,4,70
2023-04,member,Wednesday,5,392
2023-04,member,Wednesday,6,1366
2023-04,member,Wednesday,7,2725
2023-04,member,Wednesday,8,3120
2023-04,member,Wednesday,9,1726
2023-04,member,Wednesday,10,1350
2023-04,member,Wednesday,11,1616
2023-04,member,Wednesday,12,2043
2023-04,member,Wednesday,13,2024
2023-04,member,Wednesday,14,1996
2023-04,member,Wednesday,15,2648
2023-04,member,Wednesday,16,4255
2023-04,member,Wednesday,17,5232
2023-04,member,Wednesday,18,3651
2023-04,member,Wednesday,19,2526
2023-04,member,Wednesday,20,1686
2023-04,member,Wednesday,21,1361
2023-04,member,Wednesday,22,887
2023-04,member,Wednesday,23,451
2023-04,member,Thursday,0,250
2023-04,member,Thursday,1,131
2023-04,member,Thursday,2,76
2023-04,member,Thursday,3,71
2023-04,member,Thursday,4,70
2023-04,member,Thursday,5,380
2023-04,member,Thursday,6,1326
2023-04,member,Thursday,7,2889
2023-04,member,Thursday,8,3701
2023-04,member,Thursday,9,2088
2023-04,member,Thursday,10,1517
2023-04,member,Thursday,11,1634
2023-04,member,Thursday,12,1927
2023-04,member,Thursday,13,2070
2023-04,member,Thursday,14,2095
2023-04,member,Thursday,15,2954
2023-04,member,Thursday,16,4568
2023-04,member,Thursday,17,5845
2023-04,member,Thursday,18,4434
2023-04,member,Thursday,19,3007
2023-04,member,Thursday,20,1942
2023-04,member,Thursday,21,1571
2023-04,member,Thursday,22,1253
2023-04,member,Thursday,23,701
2023-04,member,Friday,0,324
2023-04,member,Friday,1,189
2023-04,member,Friday,2,99
2023-04,member,Friday,3,67
2023-04,member,Friday,4,89
2023-04,member,Friday,5,326
2023-04,member,Friday,6,1150
2023-04,member,Friday,7,2073
2023-04,member,Friday,8,2417
2023-04,member,Friday,9,1739
2023-04,member,Friday,10,1555
2023-04,member,Friday,11,1900
2023-04,member,Friday,12,2316
2023-04,member,Friday,13,2308
2023-04,member,Friday,14,2464
2023-04,member,Friday,15,3166
2023-04,member,Friday,16,4003
2023-04,member,Friday,17,4356
2023-04,member,Friday,18,3818
2023-04,member,Friday,19,2739
2023-04,member,Friday,20,1723
2023-04,member,Friday,21,1284
2023-04,member,Friday,22,1059
2023-04,member,Friday,23,860
2023-04,member,Saturday,0,738
2023-04,member,Saturday,1,554
2023-04,member,Saturday,2,263
2023-04,member,Saturday,3,175
2023-04,member,Saturday,4,86
2023-04,member,Saturday,5,136
2023-04,member,Saturday,6,403
2023-04,member,Saturday,7,787
2023-04,member,Saturday,8,1435
2023-04,member,Saturday,9,2060
2023-04,member,Saturday,10,2525
2023-04,member,Saturday,11,2593
2023-04,member,Saturday,12,2621
2023-04,member,Saturday,13,2594
2023-04,member,Saturday,14,2849
2023-04,member,Saturday,15,2895
2023-04,member,Saturday,16,2954
2023-04,member,Saturday,17,3015
2023-04,member,Saturday,18,2770
2023-04,member,Saturday,19,2365
2023-04,member,Saturday,20,1548
2023-04,member,Saturday,21,1314
2023-04,member,Saturday,22,1167
2023-04,member,Saturday,23,1028
2023-05,casual,Sunday,0,1044
2023-05,casual,Sunday,1,660
2023-05,casual,Sunday,2,483
2023-05,casual,Sunday,3,201
2023-05,casual,Sunday,4,111
2023-05,casual,Sunday,5,124
2023-05,casual,Sunday,6,251
2023-05,casual,Sunday,7,398
2023-05,casual,Sunday,8,725
2023-05,casual,Sunday,9,1410
2023-05,casual,Sunday,10,2340
2023-05,casual,Sunday,11,3001
2023-05,casual,Sunday,12,3680
2023-05,casual,Sunday,13,3852
2023-05,casual,Sunday,14,3833
2023-05,casual,Sunday,15,3839
2023-05,casual,Sunday,16,3653
2023-05,casual,Sunday,17,3252
2023-05,casual,Sunday,18,2635
2023-05,casual,Sunday,19,2056
2023-05,casual,Sunday,20,1214
2023-05,casual,Sunday,21,836
2023-05,casual,Sunday,22,648
2023-05,casual,Sunday,23,510
2023-05,casual,Monday,0,282
2023-05,casual,Monday,1,186
2023-05,casual,Monday,2,135
2023-05,casual,Monday,3,67
2023-05,casual,Monday,4,59
2023-05,casual,Monday,5,142
2023-05,casual,Monday,6,368
2023-05,casual,Monday,7,682
2023-05,casual,Monday,8,956
2023-05,casual,Monday,9,1000
2023-05,casual,Monday,10,1217
2023-05,casual,Monday,11,1626
2023-05,casual,Monday,12,2037
2023-05,casual,Monday,13,2137
2023-05,casual,Monday,14,2097
2023-05,casual,Monday,15,2533
2023-05,casual,Monday,16,2638
2023-05,casual,Monday,17,2944
2023-05,casual,Monday,18,2459
2023-05,casual,Monday,19,1869
2023-05,casual,Monday,20,1311
2023-05,casual,Monday,21,895
2023-05,casual,Monday,22,606
2023-05,casual,Monday,23,365
2023-05,casual,Tuesday,0,215
2023-05,casual,Tuesday,1,184
2023-05,casual,Tuesday,2,83
2023-05,casual,Tuesday,3,41
2023-05,casual,Tuesday,4,56
2023-05,casual,Tuesday,5,165
2023-05,casual,Tuesday,6,593
2023-05,casual,Tuesday,7,1062
2023-05,casual,Tuesday,8,1338
2023-05,casual,Tuesday,9,928
2023-05,casual,Tuesday,10,1094
2023-05,casual,Tuesday,11,1376
2023-05,casual,Tuesday,12,1664
2023-05,casual,Tuesday,13,1818
2023-05,casual,Tuesday,14,1984
2023-05,casual,Tuesday,15,2325
2023-05,casual,Tuesday,16,3211
2023-05,casual,Tuesday,17,4057
2023-05,casual,Tuesday,18,3405
2023-05,casual,Tuesday,19,2358
2023-05,casual,Tuesday,20,1614
2023-05,casual,Tuesday,21,1418
2023-05,casual,Tuesday,22,921
2023-05,casual,Tuesday,23,450
2023-05,casual,Wednesday,0,360
2023-05,casual,Wednesday,1,183
2023-05,casual,Wednesday,2,96
2023-05,casual,Wednesday,3,53
2023-05,casual,Wednesday,4,63
2023-05,casual,Wednesday,5,176
2023-05,casual,Wednesday,6,592
2023-05,casual,Wednesday,7,1178
2023-05,casual,Wednesday,8,1416
2023-05,casual,Wednesday,9,1017
2023-05,casual,Wednesday,10,985
2023-05,casual,Wednesday,11,1342
2023-05,casual,Wednesday,12,1457
2023-05,casual,Wednesday,13,1562
2023-05,casual,Wednesday,14,1715
2023-05,casual,Wednesday,15,2004
2023-05,casual,Wednesday,16,2942
2023-05,casual,Wednesday,17,3735
2023-05,casual,Wednesday,18,2996
2023-05,casual,Wednesday,19,2167
2023-05,casual,Wednesday,20,1534
2023-05,casual,Wednesday,21,1289
2023-05,casual,Wednesday,22,935
2023-05,casual,Wednesday,23,567
2023-05,casual,Thursday,0,236
2023-05,casual,Thursday,1,107
2023-05,casual,Thursday,2,70
2023-05,casual,Thursday,3,37
2023-05,casual,Thursday,4,49
2023-05,casual,Thursday,5,107
2023-05,casual,Thursday,6,397
2023-05,casual,Thursday,7,875
2023-05,casual,Thursday,8,1070
2023-05,casual,Thursday,9,898
2023-05,casual,Thursday,10,923
2023-05,casual,Thursday,11,1059
2023-05,casual,Thursday,12,1290
2023-05,casual,Thursday,13,1466
2023-05,casual,Thursday,14,1491
2023-05,casual,Thursday,15,2020
2023-05,casual,Thursday,16,2668
2023-05,casual,Thursday,17,3528
2023-05,casual,Thursday,18,2999
2023-05,casual,Thursday,19,2119
2023-05,casual,Thursday,20,1434
2023-05,casual,Thursday,21,1123
2023-05,casual,Thursday,22,872
2023-05,casual,Thursday,23,584
2023-05,casual,Friday,0,410
2023-05,casual,Friday,1,255
2023-05,casual,Friday,2,146
2023-05,casual,Friday,3,100
2023-05,casual,Friday,4,58
2023-05,casual,Friday,5,163
2023-05,casual,Friday,6,391
2023-05,casual,Friday,7,703
2023-05,casual,Friday,8,779
2023-05,casual,Friday,9,726
2023-05,casual,Friday,10,871
2023-05,casual,Friday,11,1370
2023-05,casual,Friday,12,1762
2023-05,casual,Friday,13,1745
2023-05,casual,Friday,14,1957
2023-05,casual,Friday,15,2466
2023-05,casual,Friday,16,2807
2023-05,casual,Friday,17,2977
2023-05,casual,Friday,18,2430
2023-05,casual,Friday,19,1688
2023-05,casual,Friday,20,1253
2023-05,casual,Friday,21,917
2023-05,casual,Friday,22,984
2023-05,casual,Friday,23,869
2023-05,casual,Saturday,0,762
2023-05,casual,Saturday,1,623
2023-05,casual,Saturday,2,340
2023-05,casual,Saturday,3,178
2023-05,casual,Saturday,4,85
2023-05,casual,Saturday,5,110
2023-05,casual,Saturday,6,170
2023-05,casual,Saturday,7,366
2023-05,casual,Saturday,8,776
2023-05,casual,Saturday,9,1451
2023-05,casual,Saturday,10,1974
2023-05,casual,Saturday,11,2632
2023-05,casual,Saturday,12,2960
2023-05,casual,Saturday,13,3245
2023-05,casual,Saturday,14,3216
2023-05,casual,Saturday,15,3214
2023-05,casual,Saturday,16,3417
2023-05,casual,Saturday,17,3324
2023-05,casual,Saturday,18,2880
2023-05,casual,Saturday,19,2150
2023-05,casual,Saturday,20,1507
2023-05,casual,Saturday,21,1205
2023-05,casual,Saturday,22,1565
2023-05,casual,Saturday,23,1402
2023-05,member,Sunday,0,748
2023-05,member,Sunday,1,521
2023-05,member,Sunday,2,305
2023-05,member,Sunday,3,169
2023-05,member,Sunday,4,115
2023-05,member,Sunday,5,196
2023-05,member,Sunday,6,434
2023-05,member,Sunday,7,737
2023-05,member,Sunday,8,1124
2023-05,member,Sunday,9,1877
2023-05,member,Sunday,10,2628
2023-05,member,Sunday,11,3058
2023-05,member,Sunday,12,3462
2023-05,member,Sunday,13,3406
2023-05,member,Sunday,14,3375
2023-05,member,Sunday,15,3191
2023-05,member,Sunday,16,3026
2023-05,member,Sunday,17,2964
2023-05,member,Sunday,18,2742
2023-05,member,Sunday,19,2188
2023-05,member,Sunday,20,1508
2023-05,member,Sunday,21,1040
2023-05,member,Sunday,22,710
2023-05,member,Sunday,23,493
2023-05,member,Monday,0,330
2023-05,member,Monday,1,187
2023-05,member,Monday,2,132
2023-05,member,Monday,3,91
2023-05,member,Monday,4,107
2023-05,member,Monday,5,464
2023-05,member,Monday,6,1544
2023-05,member,Monday,7,2640
2023-05,member,Monday,8,3458
2023-05,member,Monday,9,2089
2023-05,member,Monday,10,1671
2023-05,member,Monday,11,2025
2023-05,member,Monday,12,2317
2023-05,member,Monday,13,2414
2023-05,member,Monday,14,2438
2023-05,member,Monday,15,3007
2023-05,member,Monday,16,4297
2023-05,member,Monday,17,5402
2023-05,member,Monday,18,4289
2023-05,member,Monday,19,3192
2023-05,member,Monday,20,2161
2023-05,member,Monday,21,1609
2023-05,member,Monday,22,979
2023-05,member,Monday,23,547
2023-05,member,Tuesday,0,236
2023-05,member,Tuesday,1,137
2023-05,member,Tuesday,2,84
2023-05,member,Tuesday,3,77
2023-05,member,Tuesday,4,116
2023-05,member,Tuesday,5,674
2023-05,member,Tuesday,6,2359
2023-05,member,Tuesday,7,4462
2023-05,member,Tuesday,8,5447
2023-05,member,Tuesday,9,2648
2023-05,member,Tuesday,10,1931
2023-05,member,Tuesday,11,2326
2023-05,member,Tuesday,12,2828
2023-05,member,Tuesday,13,2722
2023-05,member,Tuesday,14,2930
2023-05,member,Tuesday,15,3991
2023-05,member,Tuesday,16,6785
2023-05,member,Tuesday,17,8490
2023-05,member,Tuesday,18,6163
2023-05,member,Tuesday,19,4208
2023-05,member,Tuesday,20,2813
2023-05,member,Tuesday,21,2277
2023-05,member,Tuesday,22,1386
2023-05,member,Tuesday,23,542
2023-05,member,Wednesday,0,311
2023-05,member,Wednesday,1,160
2023-05,member,Wednesday,2,87
2023-05,member,Wednesday,3,66
2023-05,member,Wednesday,4,116
2023-05,member,Wednesday,5,716
2023-05,member,Wednesday,6,2303
2023-05,member,Wednesday,7,4560
2023-05,member,Wednesday,8,5413
2023-05,member,Wednesday,9,2853
2023-05,member,Wednesday,10,2218
2023-05,member,Wednesday,11,2494
2023-05,member,Wednesday,12,2954
2023-05,member,Wednesday,13,2954
2023-05,member,Wednesday,14,2926
2023-05,member,Wednesday,15,3832
2023-05,member,Wednesday,16,6530
2023-05,member,Wednesday,17,7918
2023-05,member,Wednesday,18,5927
2023-05,member,Wednesday,19,4173
2023-05,member,Wednesday,20,2863
2023-05,member,Wednesday,21,2131
2023-05,member,Wednesday,22,1365
2023-05,member,Wednesday,23,760
2023-05,member,Thursday,0,270
2023-05,member,Thursday,1,123
2023-05,member,Thursday,2,67
2023-05,member,Thursday,3,54
2023-05,member,Thursday,4,94
2023-05,member,Thursday,5,492
2023-05,member,Thursday,6,1661
2023-05,member,Thursday,7,3294
2023-05,member,Thursday,8,4295
2023-05,member,Thursday,9,2337
2023-05,member,Thursday,10,1695
2023-05,member,Thursday,11,2007
2023-05,member,Thursday,12,2423
2023-05,member,Thursday,13,2368
2023-05,member,Thursday,14,2437
2023-05,member,Thursday,15,3336
2023-05,member,Thursday,16,5290
2023-05,member,Thursday,17,6676
2023-05,member,Thursday,18,5134
2023-05,member,Thursday,19,3548
2023-05,member,Thursday,20,2402
2023-05,member,Thursday,21,1804
2023-05,member,Thursday,22,1387
2023-05,member,Thursday,23,838
2023-05,member,Friday,0,454
2023-05,member,Friday,1,216
2023-05,member,Friday,2,116
2023-05,member,Friday,3,89
2023-05,member,Friday,4,102
2023-05,member,Friday,5,454
2023-05,member,Friday,6,1401
2023-05,member,Friday,7,2418
2023-05,member,Friday,8,2634
2023-05,member,Friday,9,1581
2023-05,member,Friday,10,1524
2023-05,member,Friday,11,2130
2023-05,member,Friday,12,2557
2023-05,member,Friday,13,2540
2023-05,member,Friday,14,2856
2023-05,member,Friday,15,3595
2023-05,member,Friday,16,4391
2023-05,member,Friday,17,4500
2023-05,member,Friday,18,3607
2023-05,member,Friday,19,2553
2023-05,member,Friday,20,1718
2023-05,member,Friday,21,1265
2023-05,member,Friday,22,1145
2023-05,member,Friday,23,928
2023-05,member,Saturday,0,744
2023-05,member,Saturday,1,500
2023-05,member,Saturday,2,256
2023-05,member,Saturday,3,172
2023-05,member,Saturday,4,118
2023-05,member,Saturday,5,163
2023-05,member,Saturday,6,510
2023-05,member,Saturday,7,851
2023-05,member,Saturday,8,1471
2023-05,member,Saturday,9,2163
2023-05,member,Saturday,10,2662
2023-05,member,Saturday,11,3044
2023-05,member,Saturday,12,3220
2023-05,member,Saturday,13,3189
2023-05,member,Saturday,14,2960
2023-05,member,Saturday,15,3056
2023-05,member,Saturday,16,3135
2023-05,member,Saturday,17,3156
2023-05,member,Saturday,18,2965
2023-05,member,Saturday,19,2245
2023-05,member,Saturday,20,1742
2023-05,member,Saturday,21,1199
2023-05,member,Saturday,22,1332
2023-05,member,Saturday,23,1133
2023-06,casual,Sunday,0,1828
2023-06,casual,Sunday,1,965
2023-06,casual,Sunday,2,484
2023-06,casual,Sunday,3,251
2023-06,casual,Sunday,4,179
2023-06,casual,Sunday,5,178
2023-06,casual,Sunday,6,285
2023-06,casual,Sunday,7,455
2023-06,casual,Sunday,8,753
2023-06,casual,Sunday,9,1449
2023-06,casual,Sunday,10,2235
2023-06,casual,Sunday,11,2733
2023-06,casual,Sunday,12,2948
2023-06,casual,Sunday,13,3231
2023-06,casual,Sunday,14,3623
2023-06,casual,Sunday,15,3833
2023-06,casual,Sunday,16,3557
2023-06,casual,Sunday,17,2962
2023-06,casual,Sunday,18,2564
2023-06,casual,Sunday,19,1765
2023-06,casual,Sunday,20,1417
2023-06,casual,Sunday,21,1182
2023-06,casual,Sunday,22,875
2023-06,casual,Sunday,23,661
2023-06,casual,Monday,0,451
2023-06,casual,Monday,1,196
2023-06,casual,Monday,2,134
2023-06,casual,Monday,3,98
2023-06,casual,Monday,4,97
2023-06,casual,Monday,5,197
2023-06,casual,Monday,6,509
2023-06,casual,Monday,7,823
2023-06,casual,Monday,8,1132
2023-06,casual,Monday,9,989
2023-06,casual,Monday,10,1185
2023-06,casual,Monday,11,1471
2023-06,casual,Monday,12,1881
2023-06,casual,Monday,13,2067
2023-06,casual,Monday,14,2140
2023-06,casual,Monday,15,2359
2023-06,casual,Monday,16,2743
2023-06,casual,Monday,17,3409
2023-06,casual,Monday,18,2806
2023-06,casual,Monday,19,2473
2023-06,casual,Monday,20,1802
2023-06,casual,Monday,21,1144
2023-06,casual,Monday,22,793
2023-06,casual,Monday,23,467
2023-06,casual,Tuesday,0,301
2023-06,casual,Tuesday,1,226
2023-06,casual,Tuesday,2,91
2023-06,casual,Tuesday,3,65
2023-06,casual,Tuesday,4,76
2023-06,casual,Tuesday,5,198
2023-06,casual,Tuesday,6,657
2023-06,casual,Tuesday,7,1117
2023-06,casual,Tuesday,8,1417
2023-06,casual,Tuesday,9,1015
2023-06,casual,Tuesday,10,943
2023-06,casual,Tuesday,11,1051
2023-06,casual,Tuesday,12,1228
2023-06,casual,Tuesday,13,975
2023-06,casual,Tuesday,14,1188
2023-06,casual,Tuesday,15,1475
2023-06,casual,Tuesday,16,2159
2023-06,casual,Tuesday,17,2566
2023-06,casual,Tuesday,18,2300
2023-06,casual,Tuesday,19,1661
2023-06,casual,Tuesday,20,1232
2023-06,casual,Tuesday,21,1113
2023-06,casual,Tuesday,22,737
2023-06,casual,Tuesday,23,462
2023-06,casual,Wednesday,0,267
2023-06,casual,Wednesday,1,151
2023-06,casual,Wednesday,2,118
2023-06,casual,Wednesday,3,75
2023-06,casual,Wednesday,4,87
2023-06,casual,Wednesday,5,252
2023-06,casual,Wednesday,6,639
2023-06,casual,Wednesday,7,1124
2023-06,casual,Wednesday,8,1523
2023-06,casual,Wednesday,9,1003
2023-06,casual,Wednesday,10,939
2023-06,casual,Wednesday,11,1245
2023-06,casual,Wednesday,12,1480
2023-06,casual,Wednesday,13,1476
2023-06,casual,Wednesday,14,1696
2023-06,casual,Wednesday,15,2084
2023-06,casual,Wednesday,16,2917
2023-06,casual,Wednesday,17,3839
2023-06,casual,Wednesday,18,3378
2023-06,casual,Wednesday,19,2680
2023-06,casual,Wednesday,20,1949
2023-06,casual,Wednesday,21,1607
2023-06,casual,Wednesday,22,1340
2023-06,casual,Wednesday,23,920
2023-06,casual,Thursday,0,484
2023-06,casual,Thursday,1,287
2023-06,casual,Thursday,2,167
2023-06,casual,Thursday,3,75
2023-06,casual,Thursday,4,67
2023-06,casual,Thursday,5,269
2023-06,casual,Thursday,6,785
2023-06,casual,Thursday,7,1418
2023-06,casual,Thursday,8,1899
2023-06,casual,Thursday,9,1311
2023-06,casual,Thursday,10,1355
2023-06,casual,Thursday,11,1638
2023-06,casual,Thursday,12,1950
2023-06,casual,Thursday,13,2077
2023-06,casual,Thursday,14,2261
2023-06,casual,Thursday,15,2580
2023-06,casual,Thursday,16,3529
2023-06,casual,Thursday,17,4518
2023-06,casual,Thursday,18,4352
2023-06,casual,Thursday,19,3430
2023-06,casual,Thursday,20,2415
2023-06,casual,Thursday,21,1994
2023-06,casual,Thursday,22,1703
2023-06,casual,Thursday,23,1159
2023-06,casual,Friday,0,702
2023-06,casual,Friday,1,408
2023-06,casual,Friday,2,222
2023-06,casual,Friday,3,124
2023-06,casual,Friday,4,122
2023-06,casual,Friday,5,284
2023-06,casual,Friday,6,1201
2023-06,casual,Friday,7,1502
2023-06,casual,Friday,8,1523
2023-06,casual,Friday,9,1487
2023-06,casual,Friday,10,1850
2023-06,casual,Friday,11,2311
2023-06,casual,Friday,12,3052
2023-06,casual,Friday,13,3214
2023-06,casual,Friday,14,3567
2023-06,casual,Friday,15,4169
2023-06,casual,Friday,16,4996
2023-06,casual,Friday,17,5591
2023-06,casual,Friday,18,4903
2023-06,casual,Friday,19,3680
2023-06,casual,Friday,20,2810
2023-06,casual,Friday,21,2377
2023-06,casual,Friday,22,2431
2023-06,casual,Friday,23,2187
2023-06,casual,Saturday,0,1601
2023-06,casual,Saturday,1,990
2023-06,casual,Saturday,2,603
2023-06,casual,Saturday,3,277
2023-06,casual,Saturday,4,133
2023-06,casual,Saturday,5,171
2023-06,casual,Saturday,6,392
2023-06,casual,Saturday,7,674
2023-06,casual,Saturday,8,1397
2023-06,casual,Saturday,9,2073
2023-06,casual,Saturday,10,3201
2023-06,casual,Saturday,11,4329
2023-06,casual,Saturday,12,5018
2023-06,casual,Saturday,13,5491
2023-06,casual,Saturday,14,5395
2023-06,casual,Saturday,15,5596
2023-06,casual,Saturday,16,5887
2023-06,casual,Saturday,17,5463
2023-06,casual,Saturday,18,4634
2023-06,casual,Saturday,19,3635
2023-06,casual,Saturday,20,2873
2023-06,casual,Saturday,21,2456
2023-06,casual,Saturday,22,2487
2023-06,casual,Saturday,23,2332
2023-06,member,Sunday,0,1214
2023-06,member,Sunday,1,624
2023-06,member,Sunday,2,333
2023-06,member,Sunday,3,212
2023-06,member,Sunday,4,159
2023-06,member,Sunday,5,268
2023-06,member,Sunday,6,526
2023-06,member,Sunday,7,753
2023-06,member,Sunday,8,1240
2023-06,member,Sunday,9,1953
2023-06,member,Sunday,10,2636
2023-06,member,Sunday,11,2996
2023-06,member,Sunday,12,2969
2023-06,member,Sunday,13,3017
2023-06,member,Sunday,14,3234
2023-06,member,Sunday,15,3395
2023-06,member,Sunday,16,3416
2023-06,member,Sunday,17,3034
2023-06,member,Sunday,18,2796
2023-06,member,Sunday,19,2060
2023-06,member,Sunday,20,1680
2023-06,member,Sunday,21,1335
2023-06,member,Sunday,22,943
2023-06,member,Sunday,23,627
2023-06,member,Monday,0,300
2023-06,member,Monday,1,141
2023-06,member,Monday,2,119
2023-06,member,Monday,3,79
2023-06,member,Monday,4,104
2023-06,member,Monday,5,562
2023-06,member,Monday,6,1722
2023-06,member,Monday,7,2933
2023-06,member,Monday,8,3600
2023-06,member,Monday,9,2106
2023-06,member,Monday,10,1777
2023-06,member,Monday,11,2154
2023-06,member,Monday,12,2491
2023-06,member,Monday,13,2524
2023-06,member,Monday,14,2466
2023-06,member,Monday,15,3181
2023-06,member,Monday,16,4738
2023-06,member,Monday,17,6169
2023-06,member,Monday,18,4902
2023-06,member,Monday,19,3734
2023-06,member,Monday,20,2809
2023-06,member,Monday,21,1685
2023-06,member,Monday,22,1005
2023-06,member,Monday,23,509
2023-06,member,Tuesday,0,249
2023-06,member,Tuesday,1,152
2023-06,member,Tuesday,2,79
2023-06,member,Tuesday,3,77
2023-06,member,Tuesday,4,134
2023-06,member,Tuesday,5,680
2023-06,member,Tuesday,6,2287
2023-06,member,Tuesday,7,4207
2023-06,member,Tuesday,8,5022
2023-06,member,Tuesday,9,2521
2023-06,member,Tuesday,10,1794
2023-06,member,Tuesday,11,1774
2023-06,member,Tuesday,12,1804
2023-06,member,Tuesday,13,1636
2023-06,member,Tuesday,14,1761
2023-06,member,Tuesday,15,2676
2023-06,member,Tuesday,16,4637
2023-06,member,Tuesday,17,5767
2023-06,member,Tuesday,18,4520
2023-06,member,Tuesday,19,3025
2023-06,member,Tuesday,20,2220
2023-06,member,Tuesday,21,1647
2023-06,member,Tuesday,22,996
2023-06,member,Tuesday,23,542
2023-06,member,Wednesday,0,270
2023-06,member,Wednesday,1,144
2023-06,member,Wednesday,2,63
2023-06,member,Wednesday,3,65
2023-06,member,Wednesday,4,107
2023-06,member,Wednesday,5,742
2023-06,member,Wednesday,6,2160
2023-06,member,Wednesday,7,4101
2023-06,member,Wednesday,8,4892
2023-06,member,Wednesday,9,2471
2023-06,member,Wednesday,10,1702
2023-06,member,Wednesday,11,2116
2023-06,member,Wednesday,12,2387
2023-06,member,Wednesday,13,2260
2023-06,member,Wednesday,14,2482
2023-06,member,Wednesday,15,3231
2023-06,member,Wednesday,16,5640
2023-06,member,Wednesday,17,7338
2023-06,member,Wednesday,18,5552
2023-06,member,Wednesday,19,4169
2023-06,member,Wednesday,20,2944
2023-06,member,Wednesday,21,2234
2023-06,member,Wednesday,22,1508
2023-06,member,Wednesday,23,858
2023-06,member,Thursday,0,461
2023-06,member,Thursday,1,208
2023-06,member,Thursday,2,114
2023-06,member,Thursday,3,78
2023-06,member,Thursday,4,185
2023-06,member,Thursday,5,814
2023-06,member,Thursday,6,2527
2023-06,member,Thursday,7,4818
2023-06,member,Thursday,8,5819
2023-06,member,Thursday,9,3260
2023-06,member,Thursday,10,2181
2023-06,member,Thursday,11,2762
2023-06,member,Thursday,12,3172
2023-06,member,Thursday,13,2997
2023-06,member,Thursday,14,3070
2023-06,member,Thursday,15,3956
2023-06,member,Thursday,16,6194
2023-06,member,Thursday,17,8353
2023-06,member,Thursday,18,6778
2023-06,member,Thursday,19,5003
2023-06,member,Thursday,20,3528
2023-06,member,Thursday,21,2834
2023-06,member,Thursday,22,2111
2023-06,member,Thursday,23,1200
2023-06,member,Friday,0,619
2023-06,member,Friday,1,298
2023-06,member,Friday,2,146
2023-06,member,Friday,3,123
2023-06,member,Friday,4,161
2023-06,member,Friday,5,737
2023-06,member,Friday,6,2381
2023-06,member,Friday,7,3619
2023-06,member,Friday,8,4241
2023-06,member,Friday,9,2833
2023-06,member,Friday,10,2481
2023-06,member,Friday,11,3141
2023-06,member,Friday,12,3787
2023-06,member,Friday,13,3909
2023-06,member,Friday,14,4221
2023-06,member,Friday,15,5049
2023-06,member,Friday,16,6782
2023-06,member,Friday,17,7261
2023-06,member,Friday,18,6299
2023-06,member,Friday,19,4560
2023-06,member,Friday,20,3405
2023-06,member,Friday,21,2504
2023-06,member,Friday,22,2425
2023-06,member,Friday,23,1811
2023-06,member,Saturday,0,1174
2023-06,member,Saturday,1,797
2023-06,member,Saturday,2,375
2023-06,member,Saturday,3,228
2023-06,member,Saturday,4,125
2023-06,member,Saturday,5,252
2023-06,member,Saturday,6,651
2023-06,member,Saturday,7,1180
2023-06,member,Saturday,8,2082
2023-06,member,Saturday,9,2861
2023-06,member,Saturday,10,3532
2023-06,member,Saturday,11,4255
2023-06,member,Saturday,12,4493
2023-06,member,Saturday,13,4388
2023-06,member,Saturday,14,4318
2023-06,member,Saturday,15,4136
2023-06,member,Saturday,16,4289
2023-06,member,Saturday,17,4378
2023-06,member,Saturday,18,4187
2023-06,member,Saturday,19,3517
2023-06,member,Saturday,20,2529
2023-06,member,Saturday,21,2180
2023-06,member,Saturday,22,1927
2023-06,member,Saturday,23,1748
2023-07,casual,Sunday,0,2244
2023-07,casual,Sunday,1,1294
2023-07,casual,Sunday,2,834
2023-07,casual,Sunday,3,405
2023-07,casual,Sunday,4,232
2023-07,casual,Sunday,5,197
2023-07,casual,Sunday,6,288
2023-07,casual,Sunday,7,453
2023-07,casual,Sunday,8,888
2023-07,casual,Sunday,9,1784
2023-07,casual,Sunday,10,2857
2023-07,casual,Sunday,11,3701
2023-07,casual,Sunday,12,4354
2023-07,casual,Sunday,13,4700
2023-07,casual,Sunday,14,4820
2023-07,casual,Sunday,15,4772
2023-07,casual,Sunday,16,4966
2023-07,casual,Sunday,17,4544
2023-07,casual,Sunday,18,4085
2023-07,casual,Sunday,19,3453
2023-07,casual,Sunday,20,2642
2023-07,casual,Sunday,21,1860
2023-07,casual,Sunday,22,1400
2023-07,casual,Sunday,23,954
2023-07,casual,Monday,0,805
2023-07,casual,Monday,1,431
2023-07,casual,Monday,2,203
2023-07,casual,Monday,3,119
2023-07,casual,Monday,4,94
2023-07,casual,Monday,5,273
2023-07,casual,Monday,6,644
2023-07,casual,Monday,7,1206
2023-07,casual,Monday,8,1500
2023-07,casual,Monday,9,1409
2023-07,casual,Monday,10,1757
2023-07,casual,Monday,11,2328
2023-07,casual,Monday,12,2730
2023-07,casual,Monday,13,2936
2023-07,casual,Monday,14,3152
2023-07,casual,Monday,15,3404
2023-07,casual,Monday,16,3983
2023-07,casual,Monday,17,4912
2023-07,casual,Monday,18,4613
2023-07,casual,Monday,19,3619
2023-07,casual,Monday,20,2856
2023-07,casual,Monday,21,1901
2023-07,casual,Monday,22,1605
2023-07,casual,Monday,23,932
2023-07,casual,Tuesday,0,582
2023-07,casual,Tuesday,1,335
2023-07,casual,Tuesday,2,197
2023-07,casual,Tuesday,3,98
2023-07,casual,Tuesday,4,95
2023-07,casual,Tuesday,5,240
2023-07,casual,Tuesday,6,571
2023-07,casual,Tuesday,7,1080
2023-07,casual,Tuesday,8,1421
2023-07,casual,Tuesday,9,1259
2023-07,casual,Tuesday,10,1509
2023-07,casual,Tuesday,11,2176
2023-07,casual,Tuesday,12,2576
2023-07,casual,Tuesday,13,2337
2023-07,casual,Tuesday,14,2264
2023-07,casual,Tuesday,15,2665
2023-07,casual,Tuesday,16,3393
2023-07,casual,Tuesday,17,3974
2023-07,casual,Tuesday,18,3605
2023-07,casual,Tuesday,19,2989
2023-07,casual,Tuesday,20,2466
2023-07,casual,Tuesday,21,1877
2023-07,casual,Tuesday,22,1484
2023-07,casual,Tuesday,23,786
2023-07,casual,Wednesday,0,421
2023-07,casual,Wednesday,1,236
2023-07,casual,Wednesday,2,157
2023-07,casual,Wednesday,3,103
2023-07,casual,Wednesday,4,61
2023-07,casual,Wednesday,5,217
2023-07,casual,Wednesday,6,562
2023-07,casual,Wednesday,7,1118
2023-07,casual,Wednesday,8,1453
2023-07,casual,Wednesday,9,910
2023-07,casual,Wednesday,10,760
2023-07,casual,Wednesday,11,1057
2023-07,casual,Wednesday,12,1248
2023-07,casual,Wednesday,13,1215
2023-07,casual,Wednesday,14,1333
2023-07,casual,Wednesday,15,1675
2023-07,casual,Wednesday,16,2262
2023-07,casual,Wednesday,17,3277
2023-07,casual,Wednesday,18,2867
2023-07,casual,Wednesday,19,1797
2023-07,casual,Wednesday,20,1583
2023-07,casual,Wednesday,21,1193
2023-07,casual,Wednesday,22,1096
2023-07,casual,Wednesday,23,597
2023-07,casual,Thursday,0,399
2023-07,casual,Thursday,1,199
2023-07,casual,Thursday,2,126
2023-07,casual,Thursday,3,78
2023-07,casual,Thursday,4,80
2023-07,casual,Thursday,5,220
2023-07,casual,Thursday,6,618
2023-07,casual,Thursday,7,1083
2023-07,casual,Thursday,8,1504
2023-07,casual,Thursday,9,1106
2023-07,casual,Thursday,10,1123
2023-07,casual,Thursday,11,1457
2023-07,casual,Thursday,12,1783
2023-07,casual,Thursday,13,1826
2023-07,casual,Thursday,14,2004
2023-07,casual,Thursday,15,2345
2023-07,casual,Thursday,16,3168
2023-07,casual,Thursday,17,4115
2023-07,casual,Thursday,18,4114
2023-07,casual,Thursday,19,3227
2023-07,casual,Thursday,20,2642
2023-07,casual,Thursday,21,1950
2023-07,casual,Thursday,22,1549
2023-07,casual,Thursday,23,896
2023-07,casual,Friday,0,628
2023-07,casual,Friday,1,413
2023-07,casual,Friday,2,182
2023-07,casual,Friday,3,109
2023-07,casual,Friday,4,76
2023-07,casual,Friday,5,200
2023-07,casual,Friday,6,1231
2023-07,casual,Friday,7,1279
2023-07,casual,Friday,8,1344
2023-07,casual,Friday,9,1210
2023-07,casual,Friday,10,1485
2023-07,casual,Friday,11,2065
2023-07,casual,Friday,12,2659
2023-07,casual,Friday,13,2726
2023-07,casual,Friday,14,2859
2023-07,casual,Friday,15,3259
2023-07,casual,Friday,16,3830
2023-07,casual,Friday,17,4329
2023-07,casual,Friday,18,3959
2023-07,casual,Friday,19,3075
2023-07,casual,Friday,20,2199
2023-07,casual,Friday,21,1793
2023-07,casual,Friday,22,1343
2023-07,casual,Friday,23,996
2023-07,casual,Saturday,0,1288
2023-07,casual,Saturday,1,1116
2023-07,casual,Saturday,2,621
2023-07,casual,Saturday,3,300
2023-07,casual,Saturday,4,166
2023-07,casual,Saturday,5,248
2023-07,casual,Saturday,6,412
2023-07,casual,Saturday,7,663
2023-07,casual,Saturday,8,1359
2023-07,casual,Saturday,9,2508
2023-07,casual,Saturday,10,3562
2023-07,casual,Saturday,11,4515
2023-07,casual,Saturday,12,5240
2023-07,casual,Saturday,13,5523
2023-07,casual,Saturday,14,5808
2023-07,casual,Saturday,15,5625
2023-07,casual,Saturday,16,5147
2023-07,casual,Saturday,17,4754
2023-07,casual,Saturday,18,4558
2023-07,casual,Saturday,19,4034
2023-07,casual,Saturday,20,3128
2023-07,casual,Saturday,21,2739
2023-07,casual,Saturday,22,2759
2023-07,casual,Saturday,23,2397
2023-07,member,Sunday,0,1504
2023-07,member,Sunday,1,878
2023-07,member,Sunday,2,520
2023-07,member,Sunday,3,288
2023-07,member,Sunday,4,209
2023-07,member,Sunday,5,266
2023-07,member,Sunday,6,467
2023-07,member,Sunday,7,815
2023-07,member,Sunday,8,1436
2023-07,member,Sunday,9,2290
2023-07,member,Sunday,10,3108
2023-07,member,Sunday,11,3832
2023-07,member,Sunday,12,4095
2023-07,member,Sunday,13,4227
2023-07,member,Sunday,14,4096
2023-07,member,Sunday,15,4251
2023-07,member,Sunday,16,4384
2023-07,member,Sunday,17,4428
2023-07,member,Sunday,18,4175
2023-07,member,Sunday,19,3507
2023-07,member,Sunday,20,2913
2023-07,member,Sunday,21,2044
2023-07,member,Sunday,22,1327
2023-07,member,Sunday,23,783
2023-07,member,Monday,0,569
2023-07,member,Monday,1,238
2023-07,member,Monday,2,138
2023-07,member,Monday,3,113
2023-07,member,Monday,4,151
2023-07,member,Monday,5,715
2023-07,member,Monday,6,2311
2023-07,member,Monday,7,3922
2023-07,member,Monday,8,4756
2023-07,member,Monday,9,2859
2023-07,member,Monday,10,2390
2023-07,member,Monday,11,2930
2023-07,member,Monday,12,3355
2023-07,member,Monday,13,3388
2023-07,member,Monday,14,3423
2023-07,member,Monday,15,4263
2023-07,member,Monday,16,6282
2023-07,member,Monday,17,8439
2023-07,member,Monday,18,7190
2023-07,member,Monday,19,5349
2023-07,member,Monday,20,3886
2023-07,member,Monday,21,2606
2023-07,member,Monday,22,1676
2023-07,member,Monday,23,910
2023-07,member,Tuesday,0,370
2023-07,member,Tuesday,1,210
2023-07,member,Tuesday,2,127
2023-07,member,Tuesday,3,90
2023-07,member,Tuesday,4,124
2023-07,member,Tuesday,5,680
2023-07,member,Tuesday,6,2018
2023-07,member,Tuesday,7,3625
2023-07,member,Tuesday,8,4409
2023-07,member,Tuesday,9,2549
2023-07,member,Tuesday,10,2096
2023-07,member,Tuesday,11,2549
2023-07,member,Tuesday,12,2804
2023-07,member,Tuesday,13,2351
2023-07,member,Tuesday,14,2340
2023-07,member,Tuesday,15,3196
2023-07,member,Tuesday,16,5238
2023-07,member,Tuesday,17,6665
2023-07,member,Tuesday,18,5381
2023-07,member,Tuesday,19,4209
2023-07,member,Tuesday,20,3178
2023-07,member,Tuesday,21,2274
2023-07,member,Tuesday,22,1656
2023-07,member,Tuesday,23,788
2023-07,member,Wednesday,0,395
2023-07,member,Wednesday,1,200
2023-07,member,Wednesday,2,83
2023-07,member,Wednesday,3,65
2023-07,member,Wednesday,4,108
2023-07,member,Wednesday,5,673
2023-07,member,Wednesday,6,1882
2023-07,member,Wednesday,7,3942
2023-07,member,Wednesday,8,4722
2023-07,member,Wednesday,9,2161
2023-07,member,Wednesday,10,1310
2023-07,member,Wednesday,11,1811
2023-07,member,Wednesday,12,2138
2023-07,member,Wednesday,13,1935
2023-07,member,Wednesday,14,1986
2023-07,member,Wednesday,15,3064
2023-07,member,Wednesday,16,5099
2023-07,member,Wednesday,17,6723
2023-07,member,Wednesday,18,5025
2023-07,member,Wednesday,19,2927
2023-07,member,Wednesday,20,2358
2023-07,member,Wednesday,21,1874
2023-07,member,Wednesday,22,1387
2023-07,member,Wednesday,23,691
2023-07,member,Thursday,0,345
2023-07,member,Thursday,1,165
2023-07,member,Thursday,2,79
2023-07,member,Thursday,3,81
2023-07,member,Thursday,4,120
2023-07,member,Thursday,5,668
2023-07,member,Thursday,6,2148
2023-07,member,Thursday,7,4000
2023-07,member,Thursday,8,4849
2023-07,member,Thursday,9,2677
2023-07,member,Thursday,10,1847
2023-07,member,Thursday,11,2255
2023-07,member,Thursday,12,2643
2023-07,member,Thursday,13,2640
2023-07,member,Thursday,14,2710
2023-07,member,Thursday,15,3536
2023-07,member,Thursday,16,5660
2023-07,member,Thursday,17,7414
2023-07,member,Thursday,18,6222
2023-07,member,Thursday,19,4695
2023-07,member,Thursday,20,3374
2023-07,member,Thursday,21,2597
2023-07,member,Thursday,22,1856
2023-07,member,Thursday,23,1055
2023-07,member,Friday,0,554
2023-07,member,Friday,1,266
2023-07,member,Friday,2,139
2023-07,member,Friday,3,98
2023-07,member,Friday,4,119
2023-07,member,Friday,5,550
2023-07,member,Friday,6,1891
2023-07,member,Friday,7,2576
2023-07,member,Friday,8,3402
2023-07,member,Friday,9,2292
2023-07,member,Friday,10,1995
2023-07,member,Friday,11,2611
2023-07,member,Friday,12,3160
2023-07,member,Friday,13,3305
2023-07,member,Friday,14,3327
2023-07,member,Friday,15,4071
2023-07,member,Friday,16,5286
2023-07,member,Friday,17,6050
2023-07,member,Friday,18,5261
2023-07,member,Friday,19,3759
2023-07,member,Friday,20,2684
2023-07,member,Friday,21,2005
2023-07,member,Friday,22,1388
2023-07,member,Friday,23,1080
2023-07,member,Saturday,0,1002
2023-07,member,Saturday,1,826
2023-07,member,Saturday,2,467
2023-07,member,Saturday,3,217
2023-07,member,Saturday,4,137
2023-07,member,Saturday,5,347
2023-07,member,Saturday,6,803
2023-07,member,Saturday,7,1182
2023-07,member,Saturday,8,2257
2023-07,member,Saturday,9,3290
2023-07,member,Saturday,10,4104
2023-07,member,Saturday,11,4557
2023-07,member,Saturday,12,4874
2023-07,member,Saturday,13,4845
2023-07,member,Saturday,14,4555
2023-07,member,Saturday,15,4720
2023-07,member,Saturday,16,4280
2023-07,member,Saturday,17,4101
2023-07,member,Saturday,18,4353
2023-07,member,Saturday,19,3680
2023-07,member,Saturday,20,2768
2023-07,member,Saturday,21,2486
2023-07,member,Saturday,22,2324
2023-07,member,Saturday,23,1908
2023-08,casual,Sunday,0,1334
2023-08,casual,Sunday,1,822
2023-08,casual,Sunday,2,636
2023-08,casual,Sunday,3,347
2023-08,casual,Sunday,4,246
2023-08,casual,Sunday,5,223
2023-08,casual,Sunday,6,315
2023-08,casual,Sunday,7,512
2023-08,casual,Sunday,8,909
2023-08,casual,Sunday,9,1651
2023-08,casual,Sunday,10,2467
2023-08,casual,Sunday,11,3229
2023-08,casual,Sunday,12,4047
2023-08,casual,Sunday,13,4014
2023-08,casual,Sunday,14,3742
2023-08,casual,Sunday,15,4042
2023-08,casual,Sunday,16,3767
2023-08,casual,Sunday,17,3115
2023-08,casual,Sunday,18,2630
2023-08,casual,Sunday,19,2203
2023-08,casual,Sunday,20,1506
2023-08,casual,Sunday,21,1333
2023-08,casual,Sunday,22,1303
2023-08,casual,Sunday,23,725
2023-08,casual,Monday,0,427
2023-08,casual,Monday,1,247
2023-08,casual,Monday,2,126
2023-08,casual,Monday,3,123
2023-08,casual,Monday,4,116
2023-08,casual,Monday,5,208
2023-08,casual,Monday,6,551
2023-08,casual,Monday,7,937
2023-08,casual,Monday,8,1129
2023-08,casual,Monday,9,990
2023-08,casual,Monday,10,1110
2023-08,casual,Monday,11,1318
2023-08,casual,Monday,12,1350
2023-08,casual,Monday,13,1507
2023-08,casual,Monday,14,1421
2023-08,casual,Monday,15,1723
2023-08,casual,Monday,16,2199
2023-08,casual,Monday,17,2732
2023-08,casual,Monday,18,2330
2023-08,casual,Monday,19,1757
2023-08,casual,Monday,20,1365
2023-08,casual,Monday,21,1093
2023-08,casual,Monday,22,711
2023-08,casual,Monday,23,434
2023-08,casual,Tuesday,0,397
2023-08,casual,Tuesday,1,186
2023-08,casual,Tuesday,2,135
2023-08,casual,Tuesday,3,86
2023-08,casual,Tuesday,4,100
2023-08,casual,Tuesday,5,307
2023-08,casual,Tuesday,6,746
2023-08,casual,Tuesday,7,1323
2023-08,casual,Tuesday,8,1691
2023-08,casual,Tuesday,9,1283
2023-08,casual,Tuesday,10,1224
2023-08,casual,Tuesday,11,1565
2023-08,casual,Tuesday,12,1975
2023-08,casual,Tuesday,13,2039
2023-08,casual,Tuesday,14,2213
2023-08,casual,Tuesday,15,2648
2023-08,casual,Tuesday,16,3555
2023-08,casual,Tuesday,17,4980
2023-08,casual,Tuesday,18,4565
2023-08,casual,Tuesday,19,3405
2023-08,casual,Tuesday,20,2383
2023-08,casual,Tuesday,21,1941
2023-08,casual,Tuesday,22,1580
2023-08,casual,Tuesday,23,794
2023-08,casual,Wednesday,0,513
2023-08,casual,Wednesday,1,293
2023-08,casual,Wednesday,2,155
2023-08,casual,Wednesday,3,103
2023-08,casual,Wednesday,4,120
2023-08,casual,Wednesday,5,278
2023-08,casual,Wednesday,6,812
2023-08,casual,Wednesday,7,1489
2023-08,casual,Wednesday,8,1829
2023-08,casual,Wednesday,9,1324
2023-08,casual,Wednesday,10,1405
2023-08,casual,Wednesday,11,1721
2023-08,casual,Wednesday,12,1981
2023-08,casual,Wednesday,13,2096
2023-08,casual,Wednesday,14,2061
2023-08,casual,Wednesday,15,2503
2023-08,casual,Wednesday,16,3599
2023-08,casual,Wednesday,17,5344
2023-08,casual,Wednesday,18,4866
2023-08,casual,Wednesday,19,3707
2023-08,casual,Wednesday,20,2732
2023-08,casual,Wednesday,21,2577
2023-08,casual,Wednesday,22,1977
2023-08,casual,Wednesday,23,1138
2023-08,casual,Thursday,0,594
2023-08,casual,Thursday,1,268
2023-08,casual,Thursday,2,192
2023-08,casual,Thursday,3,102
2023-08,casual,Thursday,4,112
2023-08,casual,Thursday,5,286
2023-08,casual,Thursday,6,738
2023-08,casual,Thursday,7,1321
2023-08,casual,Thursday,8,1534
2023-08,casual,Thursday,9,1206
2023-08,casual,Thursday,10,1410
2023-08,casual,Thursday,11,1873
2023-08,casual,Thursday,12,2247
2023-08,casual,Thursday,13,2331
2023-08,casual,Thursday,14,2477
2023-08,casual,Thursday,15,2801
2023-08,casual,Thursday,16,3428
2023-08,casual,Thursday,17,4783
2023-08,casual,Thursday,18,4305
2023-08,casual,Thursday,19,3406
2023-08,casual,Thursday,20,2463
2023-08,casual,Thursday,21,2166
2023-08,casual,Thursday,22,2304
2023-08,casual,Thursday,23,1250
2023-08,casual,Friday,0,645
2023-08,casual,Friday,1,380
2023-08,casual,Friday,2,189
2023-08,casual,Friday,3,117
2023-08,casual,Friday,4,101
2023-08,casual,Friday,5,271
2023-08,casual,Friday,6,1523
2023-08,casual,Friday,7,1632
2023-08,casual,Friday,8,1589
2023-08,casual,Friday,9,1286
2023-08,casual,Friday,10,1546
2023-08,casual,Friday,11,2271
2023-08,casual,Friday,12,2923
2023-08,casual,Friday,13,2922
2023-08,casual,Friday,14,3056
2023-08,casual,Friday,15,3605
2023-08,casual,Friday,16,3942
2023-08,casual,Friday,17,4250
2023-08,casual,Friday,18,4042
2023-08,casual,Friday,19,3141
2023-08,casual,Friday,20,2391
2023-08,casual,Friday,21,1993
2023-08,casual,Friday,22,2164
2023-08,casual,Friday,23,2056
2023-08,casual,Saturday,0,1444
2023-08,casual,Saturday,1,1155
2023-08,casual,Saturday,2,632
2023-08,casual,Saturday,3,331
2023-08,casual,Saturday,4,199
2023-08,casual,Saturday,5,257
2023-08,casual,Saturday,6,378
2023-08,casual,Saturday,7,683
2023-08,casual,Saturday,8,1328
2023-08,casual,Saturday,9,2141
2023-08,casual,Saturday,10,2990
2023-08,casual,Saturday,11,3587
2023-08,casual,Saturday,12,4034
2023-08,casual,Saturday,13,4076
2023-08,casual,Saturday,14,3937
2023-08,casual,Saturday,15,4690
2023-08,casual,Saturday,16,4395
2023-08,casual,Saturday,17,4014
2023-08,casual,Saturday,18,3471
2023-08,casual,Saturday,19,2966
2023-08,casual,Saturday,20,2278
2023-08,casual,Saturday,21,1868
2023-08,casual,Saturday,22,1947
2023-08,casual,Saturday,23,1570
2023-08,member,Sunday,0,1047
2023-08,member,Sunday,1,629
2023-08,member,Sunday,2,451
2023-08,member,Sunday,3,274
2023-08,member,Sunday,4,212
2023-08,member,Sunday,5,238
2023-08,member,Sunday,6,484
2023-08,member,Sunday,7,832
2023-08,member,Sunday,8,1395
2023-08,member,Sunday,9,2339
2023-08,member,Sunday,10,2954
2023-08,member,Sunday,11,3522
2023-08,member,Sunday,12,3879
2023-08,member,Sunday,13,3739
2023-08,member,Sunday,14,3515
2023-08,member,Sunday,15,3720
2023-08,member,Sunday,16,3607
2023-08,member,Sunday,17,3526
2023-08,member,Sunday,18,3182
2023-08,member,Sunday,19,2646
2023-08,member,Sunday,20,2004
2023-08,member,Sunday,21,1465
2023-08,member,Sunday,22,1158
2023-08,member,Sunday,23,621
2023-08,member,Monday,0,333
2023-08,member,Monday,1,176
2023-08,member,Monday,2,128
2023-08,member,Monday,3,97
2023-08,member,Monday,4,125
2023-08,member,Monday,5,617
2023-08,member,Monday,6,2047
2023-08,member,Monday,7,3509
2023-08,member,Monday,8,4073
2023-08,member,Monday,9,2283
2023-08,member,Monday,10,1752
2023-08,member,Monday,11,2109
2023-08,member,Monday,12,2080
2023-08,member,Monday,13,2086
2023-08,member,Monday,14,2072
2023-08,member,Monday,15,2853
2023-08,member,Monday,16,4634
2023-08,member,Monday,17,5752
2023-08,member,Monday,18,4662
2023-08,member,Monday,19,3306
2023-08,member,Monday,20,2381
2023-08,member,Monday,21,1659
2023-08,member,Monday,22,901
2023-08,member,Monday,23,505
2023-08,member,Tuesday,0,320
2023-08,member,Tuesday,1,131
2023-08,member,Tuesday,2,84
2023-08,member,Tuesday,3,70
2023-08,member,Tuesday,4,159
2023-08,member,Tuesday,5,913
2023-08,member,Tuesday,6,2785
2023-08,member,Tuesday,7,5287
2023-08,member,Tuesday,8,6390
2023-08,member,Tuesday,9,3467
2023-08,member,Tuesday,10,2441
2023-08,member,Tuesday,11,2774
2023-08,member,Tuesday,12,3290
2023-08,member,Tuesday,13,3133
2023-08,member,Tuesday,14,3269
2023-08,member,Tuesday,15,4546
2023-08,member,Tuesday,16,7754
2023-08,member,Tuesday,17,10230
2023-08,member,Tuesday,18,8182
2023-08,member,Tuesday,19,5739
2023-08,member,Tuesday,20,3991
2023-08,member,Tuesday,21,3076
2023-08,member,Tuesday,22,1960
2023-08,member,Tuesday,23,965
2023-08,member,Wednesday,0,447
2023-08,member,Wednesday,1,227
2023-08,member,Wednesday,2,102
2023-08,member,Wednesday,3,89
2023-08,member,Wednesday,4,182
2023-08,member,Wednesday,5,988
2023-08,member,Wednesday,6,2903
2023-08,member,Wednesday,7,5625
2023-08,member,Wednesday,8,6329
2023-08,member,Wednesday,9,3348
2023-08,member,Wednesday,10,2418
2023-08,member,Wednesday,11,2858
2023-08,member,Wednesday,12,3269
2023-08,member,Wednesday,13,3098
2023-08,member,Wednesday,14,3280
2023-08,member,Wednesday,15,4396
2023-08,member,Wednesday,16,7341
2023-08,member,Wednesday,17,9767
2023-08,member,Wednesday,18,7652
2023-08,member,Wednesday,19,5648
2023-08,member,Wednesday,20,3984
2023-08,member,Wednesday,21,3284
2023-08,member,Wednesday,22,2239
2023-08,member,Wednesday,23,1243
2023-08,member,Thursday,0,573
2023-08,member,Thursday,1,261
2023-08,member,Thursday,2,129
2023-08,member,Thursday,3,95
2023-08,member,Thursday,4,156
2023-08,member,Thursday,5,866
2023-08,member,Thursday,6,2613
2023-08,member,Thursday,7,4688
2023-08,member,Thursday,8,5055
2023-08,member,Thursday,9,3170
2023-08,member,Thursday,10,2422
2023-08,member,Thursday,11,2936
2023-08,member,Thursday,12,3432
2023-08,member,Thursday,13,3374
2023-08,member,Thursday,14,3335
2023-08,member,Thursday,15,4456
2023-08,member,Thursday,16,6459
2023-08,member,Thursday,17,8870
2023-08,member,Thursday,18,7251
2023-08,member,Thursday,19,5166
2023-08,member,Thursday,20,3668
2023-08,member,Thursday,21,2931
2023-08,member,Thursday,22,2309
2023-08,member,Thursday,23,1304
2023-08,member,Friday,0,542
2023-08,member,Friday,1,319
2023-08,member,Friday,2,206
2023-08,member,Friday,3,109
2023-08,member,Friday,4,179
2023-08,member,Friday,5,635
2023-08,member,Friday,6,2322
2023-08,member,Friday,7,3228
2023-08,member,Friday,8,3691
2023-08,member,Friday,9,2276
2023-08,member,Friday,10,1979
2023-08,member,Friday,11,2678
2023-08,member,Friday,12,3287
2023-08,member,Friday,13,3450
2023-08,member,Friday,14,3403
2023-08,member,Friday,15,4312
2023-08,member,Friday,16,5256
2023-08,member,Friday,17,6124
2023-08,member,Friday,18,5382
2023-08,member,Friday,19,3909
2023-08,member,Friday,20,2895
2023-08,member,Friday,21,2264
2023-08,member,Friday,22,2125
2023-08,member,Friday,23,1620
2023-08,member,Saturday,0,1131
2023-08,member,Saturday,1,795
2023-08,member,Saturday,2,487
2023-08,member,Saturday,3,277
2023-08,member,Saturday,4,161
2023-08,member,Saturday,5,320
2023-08,member,Saturday,6,703
2023-08,member,Saturday,7,1184
2023-08,member,Saturday,8,2077
2023-08,member,Saturday,9,3036
2023-08,member,Saturday,10,3364
2023-08,member,Saturday,11,3523
2023-08,member,Saturday,12,3720
2023-08,member,Saturday,13,3384
2023-08,member,Saturday,14,3484
2023-08,member,Saturday,15,3763
2023-08,member,Saturday,16,3713
2023-08,member,Saturday,17,3661
2023-08,member,Saturday,18,3502
2023-08,member,Saturday,19,3113
2023-08,member,Saturday,20,2277
2023-08,member,Saturday,21,1827
2023-08,member,Saturday,22,1626
2023-08,member,Saturday,23,1307
2023-09,casual,Sunday,0,1605
2023-09,casual,Sunday,1,1019
2023-09,casual,Sunday,2,690
2023-09,casual,Sunday,3,344
2023-09,casual,Sunday,4,226
2023-09,casual,Sunday,5,184
2023-09,casual,Sunday,6,255
2023-09,casual,Sunday,7,492
2023-09,casual,Sunday,8,856
2023-09,casual,Sunday,9,1464
2023-09,casual,Sunday,10,2259
2023-09,casual,Sunday,11,3027
2023-09,casual,Sunday,12,3461
2023-09,casual,Sunday,13,3513
2023-09,casual,Sunday,14,3583
2023-09,casual,Sunday,15,3784
2023-09,casual,Sunday,16,3531
2023-09,casual,Sunday,17,3003
2023-09,casual,Sunday,18,3277
2023-09,casual,Sunday,19,2302
2023-09,casual,Sunday,20,1379
2023-09,casual,Sunday,21,1159
2023-09,casual,Sunday,22,968
2023-09,casual,Sunday,23,696
2023-09,casual,Monday,0,478
2023-09,casual,Monday,1,375
2023-09,casual,Monday,2,160
2023-09,casual,Monday,3,141
2023-09,casual,Monday,4,132
2023-09,casual,Monday,5,156
2023-09,casual,Monday,6,349
2023-09,casual,Monday,7,661
2023-09,casual,Monday,8,817
2023-09,casual,Monday,9,793
2023-09,casual,Monday,10,1112
2023-09,casual,Monday,11,1419
2023-09,casual,Monday,12,1791
2023-09,casual,Monday,13,1861
2023-09,casual,Monday,14,1911
2023-09,casual,Monday,15,2075
2023-09,casual,Monday,16,2326
2023-09,casual,Monday,17,2460
2023-09,casual,Monday,18,2163
2023-09,casual,Monday,19,1685
2023-09,casual,Monday,20,1060
2023-09,casual,Monday,21,685
2023-09,casual,Monday,22,552
2023-09,casual,Monday,23,322
2023-09,casual,Tuesday,0,254
2023-09,casual,Tuesday,1,110
2023-09,casual,Tuesday,2,98
2023-09,casual,Tuesday,3,60
2023-09,casual,Tuesday,4,79
2023-09,casual,Tuesday,5,175
2023-09,casual,Tuesday,6,523
2023-09,casual,Tuesday,7,1110
2023-09,casual,Tuesday,8,1079
2023-09,casual,Tuesday,9,579
2023-09,casual,Tuesday,10,579
2023-09,casual,Tuesday,11,841
2023-09,casual,Tuesday,12,949
2023-09,casual,Tuesday,13,1073
2023-09,casual,Tuesday,14,1194
2023-09,casual,Tuesday,15,1483
2023-09,casual,Tuesday,16,2249
2023-09,casual,Tuesday,17,2763
2023-09,casual,Tuesday,18,2305
2023-09,casual,Tuesday,19,1529
2023-09,casual,Tuesday,20,1029
2023-09,casual,Tuesday,21,909
2023-09,casual,Tuesday,22,825
2023-09,casual,Tuesday,23,552
2023-09,casual,Wednesday,0,243
2023-09,casual,Wednesday,1,133
2023-09,casual,Wednesday,2,100
2023-09,casual,Wednesday,3,59
2023-09,casual,Wednesday,4,69
2023-09,casual,Wednesday,5,148
2023-09,casual,Wednesday,6,412
2023-09,casual,Wednesday,7,963
2023-09,casual,Wednesday,8,1324
2023-09,casual,Wednesday,9,859
2023-09,casual,Wednesday,10,866
2023-09,casual,Wednesday,11,1012
2023-09,casual,Wednesday,12,1246
2023-09,casual,Wednesday,13,1199
2023-09,casual,Wednesday,14,1357
2023-09,casual,Wednesday,15,1756
2023-09,casual,Wednesday,16,2480
2023-09,casual,Wednesday,17,3288
2023-09,casual,Wednesday,18,2621
2023-09,casual,Wednesday,19,1819
2023-09,casual,Wednesday,20,1268
2023-09,casual,Wednesday,21,1101
2023-09,casual,Wednesday,22,748
2023-09,casual,Wednesday,23,514
2023-09,casual,Thursday,0,271
2023-09,casual,Thursday,1,209
2023-09,casual,Thursday,2,102
2023-09,casual,Thursday,3,65
2023-09,casual,Thursday,4,74
2023-09,casual,Thursday,5,183
2023-09,casual,Thursday,6,512
2023-09,casual,Thursday,7,984
2023-09,casual,Thursday,8,1319
2023-09,casual,Thursday,9,917
2023-09,casual,Thursday,10,913
2023-09,casual,Thursday,11,1190
2023-09,casual,Thursday,12,1376
2023-09,casual,Thursday,13,1307
2023-09,casual,Thursday,14,1237
2023-09,casual,Thursday,15,1672
2023-09,casual,Thursday,16,2433
2023-09,casual,Thursday,17,3240
2023-09,casual,Thursday,18,3035
2023-09,casual,Thursday,19,1892
2023-09,casual,Thursday,20,1315
2023-09,casual,Thursday,21,1233
2023-09,casual,Thursday,22,1301
2023-09,casual,Thursday,23,769
2023-09,casual,Friday,0,548
2023-09,casual,Friday,1,371
2023-09,casual,Friday,2,216
2023-09,casual,Friday,3,131
2023-09,casual,Friday,4,113
2023-09,casual,Friday,5,227
2023-09,casual,Friday,6,631
2023-09,casual,Friday,7,1077
2023-09,casual,Friday,8,1297
2023-09,casual,Friday,9,1168
2023-09,casual,Friday,10,1402
2023-09,casual,Friday,11,1896
2023-09,casual,Friday,12,2552
2023-09,casual,Friday,13,2877
2023-09,casual,Friday,14,3055
2023-09,casual,Friday,15,3430
2023-09,casual,Friday,16,4117
2023-09,casual,Friday,17,4443
2023-09,casual,Friday,18,4034
2023-09,casual,Friday,19,2821
2023-09,casual,Friday,20,1966
2023-09,casual,Friday,21,1972
2023-09,casual,Friday,22,2110
2023-09,casual,Friday,23,1917
2023-09,casual,Saturday,0,1683
2023-09,casual,Saturday,1,1239
2023-09,casual,Saturday,2,704
2023-09,casual,Saturday,3,381
2023-09,casual,Saturday,4,161
2023-09,casual,Saturday,5,231
2023-09,casual,Saturday,6,449
2023-09,casual,Saturday,7,712
2023-09,casual,Saturday,8,1433
2023-09,casual,Saturday,9,2447
2023-09,casual,Saturday,10,3732
2023-09,casual,Saturday,11,4583
2023-09,casual,Saturday,12,5023
2023-09,casual,Saturday,13,5392
2023-09,casual,Saturday,14,5377
2023-09,casual,Saturday,15,5100
2023-09,casual,Saturday,16,5160
2023-09,casual,Saturday,17,4850
2023-09,casual,Saturday,18,4469
2023-09,casual,Saturday,19,3398
2023-09,casual,Saturday,20,2667
2023-09,casual,Saturday,21,2496
2023-09,casual,Saturday,22,2726
2023-09,casual,Saturday,23,2225
2023-09,member,Sunday,0,1062
2023-09,member,Sunday,1,824
2023-09,member,Sunday,2,499
2023-09,member,Sunday,3,273
2023-09,member,Sunday,4,204
2023-09,member,Sunday,5,191
2023-09,member,Sunday,6,457
2023-09,member,Sunday,7,721
2023-09,member,Sunday,8,1167
2023-09,member,Sunday,9,1881
2023-09,member,Sunday,10,2550
2023-09,member,Sunday,11,3278
2023-09,member,Sunday,12,3371
2023-09,member,Sunday,13,3280
2023-09,member,Sunday,14,3309
2023-09,member,Sunday,15,3670
2023-09,member,Sunday,16,3406
2023-09,member,Sunday,17,3208
2023-09,member,Sunday,18,3477
2023-09,member,Sunday,19,2660
2023-09,member,Sunday,20,1757
2023-09,member,Sunday,21,1353
2023-09,member,Sunday,22,1040
2023-09,member,Sunday,23,614
2023-09,member,Monday,0,378
2023-09,member,Monday,1,219
2023-09,member,Monday,2,132
2023-09,member,Monday,3,130
2023-09,member,Monday,4,108
2023-09,member,Monday,5,380
2023-09,member,Monday,6,1329
2023-09,member,Monday,7,2294
2023-09,member,Monday,8,2668
2023-09,member,Monday,9,1645
2023-09,member,Monday,10,1582
2023-09,member,Monday,11,2032
2023-09,member,Monday,12,2387
2023-09,member,Monday,13,2296
2023-09,member,Monday,14,2353
2023-09,member,Monday,15,2839
2023-09,member,Monday,16,3740
2023-09,member,Monday,17,4782
2023-09,member,Monday,18,4129
2023-09,member,Monday,19,2884
2023-09,member,Monday,20,1861
2023-09,member,Monday,21,1244
2023-09,member,Monday,22,812
2023-09,member,Monday,23,432
2023-09,member,Tuesday,0,246
2023-09,member,Tuesday,1,113
2023-09,member,Tuesday,2,61
2023-09,member,Tuesday,3,60
2023-09,member,Tuesday,4,113
2023-09,member,Tuesday,5,648
2023-09,member,Tuesday,6,2030
2023-09,member,Tuesday,7,4113
2023-09,member,Tuesday,8,4134
2023-09,member,Tuesday,9,1631
2023-09,member,Tuesday,10,1356
2023-09,member,Tuesday,11,1710
2023-09,member,Tuesday,12,2134
2023-09,member,Tuesday,13,2107
2023-09,member,Tuesday,14,2275
2023-09,member,Tuesday,15,3306
2023-09,member,Tuesday,16,5161
2023-09,member,Tuesday,17,6845
2023-09,member,Tuesday,18,5104
2023-09,member,Tuesday,19,3281
2023-09,member,Tuesday,20,2157
2023-09,member,Tuesday,21,1655
2023-09,member,Tuesday,22,1215
2023-09,member,Tuesday,23,576
2023-09,member,Wednesday,0,294
2023-09,member,Wednesday,1,138
2023-09,member,Wednesday,2,62
2023-09,member,Wednesday,3,53
2023-09,member,Wednesday,4,120
2023-09,member,Wednesday,5,536
2023-09,member,Wednesday,6,1686
2023-09,member,Wednesday,7,3567
2023-09,member,Wednesday,8,4855
2023-09,member,Wednesday,9,2543
2023-09,member,Wednesday,10,1822
2023-09,member,Wednesday,11,2358
2023-09,member,Wednesday,12,2629
2023-09,member,Wednesday,13,2626
2023-09,member,Wednesday,14,2838
2023-09,member,Wednesday,15,3708
2023-09,member,Wednesday,16,5898
2023-09,member,Wednesday,17,7480
2023-09,member,Wednesday,18,5794
2023-09,member,Wednesday,19,3846
2023-09,member,Wednesday,20,2618
2023-09,member,Wednesday,21,2075
2023-09,member,Wednesday,22,1395
2023-09,member,Wednesday,23,692
2023-09,member,Thursday,0,388
2023-09,member,Thursday,1,176
2023-09,member,Thursday,2,93
2023-09,member,Thursday,3,74
2023-09,member,Thursday,4,116
2023-09,member,Thursday,5,601
2023-09,member,Thursday,6,1870
2023-09,member,Thursday,7,3866
2023-09,member,Thursday,8,4771
2023-09,member,Thursday,9,2729
2023-09,member,Thursday,10,2036
2023-09,member,Thursday,11,2528
2023-09,member,Thursday,12,2840
2023-09,member,Thursday,13,2703
2023-09,member,Thursday,14,2436
2023-09,member,Thursday,15,3528
2023-09,member,Thursday,16,5523
2023-09,member,Thursday,17,7257
2023-09,member,Thursday,18,6010
2023-09,member,Thursday,19,3797
2023-09,member,Thursday,20,2404
2023-09,member,Thursday,21,2104
2023-09,member,Thursday,22,1835
2023-09,member,Thursday,23,973
2023-09,member,Friday,0,595
2023-09,member,Friday,1,294
2023-09,member,Friday,2,159
2023-09,member,Friday,3,141
2023-09,member,Friday,4,174
2023-09,member,Friday,5,624
2023-09,member,Friday,6,2124
2023-09,member,Friday,7,3542
2023-09,member,Friday,8,3942
2023-09,member,Friday,9,2581
2023-09,member,Friday,10,2285
2023-09,member,Friday,11,2954
2023-09,member,Friday,12,3778
2023-09,member,Friday,13,3722
2023-09,member,Friday,14,4059
2023-09,member,Friday,15,5175
2023-09,member,Friday,16,6269
2023-09,member,Friday,17,7046
2023-09,member,Friday,18,6137
2023-09,member,Friday,19,4324
2023-09,member,Friday,20,2908
2023-09,member,Friday,21,2521
2023-09,member,Friday,22,2121
2023-09,member,Friday,23,1682
2023-09,member,Saturday,0,1279
2023-09,member,Saturday,1,951
2023-09,member,Saturday,2,510
2023-09,member,Saturday,3,320
2023-09,member,Saturday,4,170
2023-09,member,Saturday,5,318
2023-09,member,Saturday,6,777
2023-09,member,Saturday,7,1327
2023-09,member,Saturday,8,2503
2023-09,member,Saturday,9,3564
2023-09,member,Saturday,10,4353
2023-09,member,Saturday,11,4642
2023-09,member,Saturday,12,5017
2023-09,member,Saturday,13,4900
2023-09,member,Saturday,14,4934
2023-09,member,Saturday,15,4804
2023-09,member,Saturday,16,4931
2023-09,member,Saturday,17,4830
2023-09,member,Saturday,18,4748
2023-09,member,Saturday,19,3681
2023-09,member,Saturday,20,2749
2023-09,member,Saturday,21,2356
2023-09,member,Saturday,22,2270
2023-09,member,Saturday,23,1823
2023-10,casual,Sunday,0,1040
2023-10,casual,Sunday,1,772
2023-10,casual,Sunday,2,573
2023-10,casual,Sunday,3,288
2023-10,casual,Sunday,4,203
2023-10,casual,Sunday,5,243
2023-10,casual,Sunday,6,405
2023-10,casual,Sunday,7,772
2023-10,casual,Sunday,8,1245
2023-10,casual,Sunday,9,2149
2023-10,casual,Sunday,10,3033
2023-10,casual,Sunday,11,3473
2023-10,casual,Sunday,12,3210
2023-10,casual,Sunday,13,2945
2023-10,casual,Sunday,14,3205
2023-10,casual,Sunday,15,3437
2023-10,casual,Sunday,16,2714
2023-10,casual,Sunday,17,2204
2023-10,casual,Sunday,18,1702
2023-10,casual,Sunday,19,1026
2023-10,casual,Sunday,20,740
2023-10,casual,Sunday,21,685
2023-10,casual,Sunday,22,549
2023-10,casual,Sunday,23,358
2023-10,casual,Monday,0,239
2023-10,casual,Monday,1,136
2023-10,casual,Monday,2,88
2023-10,casual,Monday,3,68
2023-10,casual,Monday,4,49
2023-10,casual,Monday,5,168
2023-10,casual,Monday,6,432
2023-10,casual,Monday,7,857
2023-10,casual,Monday,8,1096
2023-10,casual,Monday,9,951
2023-10,casual,Monday,10,1061
2023-10,casual,Monday,11,1215
2023-10,casual,Monday,12,1599
2023-10,casual,Monday,13,1401
2023-10,casual,Monday,14,1552
2023-10,casual,Monday,15,1790
2023-10,casual,Monday,16,2315
2023-10,casual,Monday,17,2569
2023-10,casual,Monday,18,2008
2023-10,casual,Monday,19,1313
2023-10,casual,Monday,20,879
2023-10,casual,Monday,21,741
2023-10,casual,Monday,22,546
2023-10,casual,Monday,23,331
2023-10,casual,Tuesday,0,206
2023-10,casual,Tuesday,1,127
2023-10,casual,Tuesday,2,81
2023-10,casual,Tuesday,3,52
2023-10,casual,Tuesday,4,50
2023-10,casual,Tuesday,5,170
2023-10,casual,Tuesday,6,551
2023-10,casual,Tuesday,7,1138
2023-10,casual,Tuesday,8,1467
2023-10,casual,Tuesday,9,1014
2023-10,casual,Tuesday,10,977
2023-10,casual,Tuesday,11,1145
2023-10,casual,Tuesday,12,1285
2023-10,casual,Tuesday,13,1433
2023-10,casual,Tuesday,14,1449
2023-10,casual,Tuesday,15,1823
2023-10,casual,Tuesday,16,2668
2023-10,casual,Tuesday,17,3270
2023-10,casual,Tuesday,18,2587
2023-10,casual,Tuesday,19,1527
2023-10,casual,Tuesday,20,1100
2023-10,casual,Tuesday,21,934
2023-10,casual,Tuesday,22,748
2023-10,casual,Tuesday,23,374
2023-10,casual,Wednesday,0,241
2023-10,casual,Wednesday,1,120
2023-10,casual,Wednesday,2,74
2023-10,casual,Wednesday,3,48
2023-10,casual,Wednesday,4,43
2023-10,casual,Wednesday,5,165
2023-10,casual,Wednesday,6,422
2023-10,casual,Wednesday,7,900
2023-10,casual,Wednesday,8,1181
2023-10,casual,Wednesday,9,825
2023-10,casual,Wednesday,10,766
2023-10,casual,Wednesday,11,1004
2023-10,casual,Wednesday,12,1190
2023-10,casual,Wednesday,13,1214
2023-10,casual,Wednesday,14,1285
2023-10,casual,Wednesday,15,1699
2023-10,casual,Wednesday,16,2205
2023-10,casual,Wednesday,17,2901
2023-10,casual,Wednesday,18,2043
2023-10,casual,Wednesday,19,1325
2023-10,casual,Wednesday,20,822
2023-10,casual,Wednesday,21,925
2023-10,casual,Wednesday,22,732
2023-10,casual,Wednesday,23,319
2023-10,casual,Thursday,0,152
2023-10,casual,Thursday,1,97
2023-10,casual,Thursday,2,72
2023-10,casual,Thursday,3,48
2023-10,casual,Thursday,4,35
2023-10,casual,Thursday,5,125
2023-10,casual,Thursday,6,359
2023-10,casual,Thursday,7,708
2023-10,casual,Thursday,8,939
2023-10,casual,Thursday,9,698
2023-10,casual,Thursday,10,633
2023-10,casual,Thursday,11,744
2023-10,casual,Thursday,12,1132
2023-10,casual,Thursday,13,1129
2023-10,casual,Thursday,14,1056
2023-10,casual,Thursday,15,1348
2023-10,casual,Thursday,16,1784
2023-10,casual,Thursday,17,2136
2023-10,casual,Thursday,18,2033
2023-10,casual,Thursday,19,1170
2023-10,casual,Thursday,20,831
2023-10,casual,Thursday,21,697
2023-10,casual,Thursday,22,777
2023-10,casual,Thursday,23,443
2023-10,casual,Friday,0,350
2023-10,casual,Friday,1,251
2023-10,casual,Friday,2,113
2023-10,casual,Friday,3,78
2023-10,casual,Friday,4,66
2023-10,casual,Friday,5,148
2023-10,casual,Friday,6,349
2023-10,casual,Friday,7,758
2023-10,casual,Friday,8,889
2023-10,casual,Friday,9,809
2023-10,casual,Friday,10,962
2023-10,casual,Friday,11,1270
2023-10,casual,Friday,12,1412
2023-10,casual,Friday,13,1256
2023-10,casual,Friday,14,1198
2023-10,casual,Friday,15,1362
2023-10,casual,Friday,16,1799
2023-10,casual,Friday,17,1913
2023-10,casual,Friday,18,1527
2023-10,casual,Friday,19,937
2023-10,casual,Friday,20,739
2023-10,casual,Friday,21,643
2023-10,casual,Friday,22,532
2023-10,casual,Friday,23,647
2023-10,casual,Saturday,0,559
2023-10,casual,Saturday,1,464
2023-10,casual,Saturday,2,245
2023-10,casual,Saturday,3,163
2023-10,casual,Saturday,4,69
2023-10,casual,Saturday,5,55
2023-10,casual,Saturday,6,148
2023-10,casual,Saturday,7,298
2023-10,casual,Saturday,8,600
2023-10,casual,Saturday,9,965
2023-10,casual,Saturday,10,1452
2023-10,casual,Saturday,11,1679
2023-10,casual,Saturday,12,2055
2023-10,casual,Saturday,13,2354
2023-10,casual,Saturday,14,2213
2023-10,casual,Saturday,15,2114
2023-10,casual,Saturday,16,2023
2023-10,casual,Saturday,17,1773
2023-10,casual,Saturday,18,1531
2023-10,casual,Saturday,19,1013
2023-10,casual,Saturday,20,670
2023-10,casual,Saturday,21,605
2023-10,casual,Saturday,22,667
2023-10,casual,Saturday,23,623
2023-10,member,Sunday,0,1093
2023-10,member,Sunday,1,743
2023-10,member,Sunday,2,493
2023-10,member,Sunday,3,251
2023-10,member,Sunday,4,203
2023-10,member,Sunday,5,250
2023-10,member,Sunday,6,536
2023-10,member,Sunday,7,915
2023-10,member,Sunday,8,1673
2023-10,member,Sunday,9,2441
2023-10,member,Sunday,10,3113
2023-10,member,Sunday,11,3766
2023-10,member,Sunday,12,3714
2023-10,member,Sunday,13,3611
2023-10,member,Sunday,14,3598
2023-10,member,Sunday,15,3650
2023-10,member,Sunday,16,3327
2023-10,member,Sunday,17,3280
2023-10,member,Sunday,18,2950
2023-10,member,Sunday,19,2083
2023-10,member,Sunday,20,1502
2023-10,member,Sunday,21,1165
2023-10,member,Sunday,22,918
2023-10,member,Sunday,23,576
2023-10,member,Monday,0,325
2023-10,member,Monday,1,139
2023-10,member,Monday,2,105
2023-10,member,Monday,3,82
2023-10,member,Monday,4,128
2023-10,member,Monday,5,623
2023-10,member,Monday,6,1830
2023-10,member,Monday,7,3625
2023-10,member,Monday,8,4482
2023-10,member,Monday,9,2642
2023-10,member,Monday,10,2035
2023-10,member,Monday,11,2352
2023-10,member,Monday,12,2921
2023-10,member,Monday,13,2630
2023-10,member,Monday,14,2853
2023-10,member,Monday,15,3766
2023-10,member,Monday,16,5794
2023-10,member,Monday,17,7381
2023-10,member,Monday,18,5305
2023-10,member,Monday,19,3468
2023-10,member,Monday,20,2290
2023-10,member,Monday,21,1628
2023-10,member,Monday,22,1018
2023-10,member,Monday,23,555
2023-10,member,Tuesday,0,339
2023-10,member,Tuesday,1,151
2023-10,member,Tuesday,2,98
2023-10,member,Tuesday,3,60
2023-10,member,Tuesday,4,131
2023-10,member,Tuesday,5,691
2023-10,member,Tuesday,6,2324
2023-10,member,Tuesday,7,4746
2023-10,member,Tuesday,8,5952
2023-10,member,Tuesday,9,3086
2023-10,member,Tuesday,10,2085
2023-10,member,Tuesday,11,2440
2023-10,member,Tuesday,12,2914
2023-10,member,Tuesday,13,2960
2023-10,member,Tuesday,14,2873
2023-10,member,Tuesday,15,4310
2023-10,member,Tuesday,16,6772
2023-10,member,Tuesday,17,8651
2023-10,member,Tuesday,18,6088
2023-10,member,Tuesday,19,3989
2023-10,member,Tuesday,20,2604
2023-10,member,Tuesday,21,2014
2023-10,member,Tuesday,22,1317
2023-10,member,Tuesday,23,585
2023-10,member,Wednesday,0,296
2023-10,member,Wednesday,1,151
2023-10,member,Wednesday,2,73
2023-10,member,Wednesday,3,57
2023-10,member,Wednesday,4,103
2023-10,member,Wednesday,5,610
2023-10,member,Wednesday,6,1739
2023-10,member,Wednesday,7,3655
2023-10,member,Wednesday,8,4602
2023-10,member,Wednesday,9,2407
2023-10,member,Wednesday,10,1831
2023-10,member,Wednesday,11,2106
2023-10,member,Wednesday,12,2463
2023-10,member,Wednesday,13,2601
2023-10,member,Wednesday,14,2580
2023-10,member,Wednesday,15,3650
2023-10,member,Wednesday,16,5866
2023-10,member,Wednesday,17,7061
2023-10,member,Wednesday,18,4590
2023-10,member,Wednesday,19,2953
2023-10,member,Wednesday,20,1997
2023-10,member,Wednesday,21,1646
2023-10,member,Wednesday,22,1171
2023-10,member,Wednesday,23,547
2023-10,member,Thursday,0,231
2023-10,member,Thursday,1,114
2023-10,member,Thursday,2,70
2023-10,member,Thursday,3,44
2023-10,member,Thursday,4,81
2023-10,member,Thursday,5,456
2023-10,member,Thursday,6,1406
2023-10,member,Thursday,7,3061
2023-10,member,Thursday,8,3846
2023-10,member,Thursday,9,2285
2023-10,member,Thursday,10,1696
2023-10,member,Thursday,11,1922
2023-10,member,Thursday,12,2289
2023-10,member,Thursday,13,2527
2023-10,member,Thursday,14,2387
2023-10,member,Thursday,15,3056
2023-10,member,Thursday,16,4861
2023-10,member,Thursday,17,5943
2023-10,member,Thursday,18,4564
2023-10,member,Thursday,19,2832
2023-10,member,Thursday,20,1868
2023-10,member,Thursday,21,1586
2023-10,member,Thursday,22,1387
2023-10,member,Thursday,23,730
2023-10,member,Friday,0,502
2023-10,member,Friday,1,273
2023-10,member,Friday,2,128
2023-10,member,Friday,3,95
2023-10,member,Friday,4,113
2023-10,member,Friday,5,436
2023-10,member,Friday,6,1392
2023-10,member,Friday,7,2677
2023-10,member,Friday,8,3116
2023-10,member,Friday,9,2091
2023-10,member,Friday,10,1748
2023-10,member,Friday,11,2179
2023-10,member,Friday,12,2351
2023-10,member,Friday,13,2352
2023-10,member,Friday,14,2193
2023-10,member,Friday,15,2728
2023-10,member,Friday,16,3738
2023-10,member,Friday,17,4318
2023-10,member,Friday,18,3389
2023-10,member,Friday,19,2109
2023-10,member,Friday,20,1498
2023-10,member,Friday,21,1195
2023-10,member,Friday,22,961
2023-10,member,Friday,23,822
2023-10,member,Saturday,0,692
2023-10,member,Saturday,1,480
2023-10,member,Saturday,2,301
2023-10,member,Saturday,3,183
2023-10,member,Saturday,4,77
2023-10,member,Saturday,5,97
2023-10,member,Saturday,6,324
2023-10,member,Saturday,7,702
2023-10,member,Saturday,8,1187
2023-10,member,Saturday,9,1567
2023-10,member,Saturday,10,2025
2023-10,member,Saturday,11,2409
2023-10,member,Saturday,12,2675
2023-10,member,Saturday,13,2875
2023-10,member,Saturday,14,2864
2023-10,member,Saturday,15,2697
2023-10,member,Saturday,16,2668
2023-10,member,Saturday,17,2710
2023-10,member,Saturday,18,2479
2023-10,member,Saturday,19,1846
2023-10,member,Saturday,20,1209
2023-10,member,Saturday,21,1053
2023-10,member,Saturday,22,952
2023-10,member,Saturday,23,835
2023-11,casual,Sunday,0,419
2023-11,casual,Sunday,1,376
2023-11,casual,Sunday,2,183
2023-11,casual,Sunday,3,112
2023-11,casual,Sunday,4,72
2023-11,casual,Sunday,5,40
2023-11,casual,Sunday,6,138
2023-11,casual,Sunday,7,189
2023-11,casual,Sunday,8,281
2023-11,casual,Sunday,9,635
2023-11,casual,Sunday,10,882
2023-11,casual,Sunday,11,1173
2023-11,casual,Sunday,12,1187
2023-11,casual,Sunday,13,1333
2023-11,casual,Sunday,14,1355
2023-11,casual,Sunday,15,1256
2023-11,casual,Sunday,16,1041
2023-11,casual,Sunday,17,679
2023-11,casual,Sunday,18,533
2023-11,casual,Sunday,19,398
2023-11,casual,Sunday,20,356
2023-11,casual,Sunday,21,295
2023-11,casual,Sunday,22,245
2023-11,casual,Sunday,23,160
2023-11,casual,Monday,0,91
2023-11,casual,Monday,1,50
2023-11,casual,Monday,2,47
2023-11,casual,Monday,3,34
2023-11,casual,Monday,4,32
2023-11,casual,Monday,5,107
2023-11,casual,Monday,6,237
2023-11,casual,Monday,7,496
2023-11,casual,Monday,8,597
2023-11,casual,Monday,9,444
2023-11,casual,Monday,10,493
2023-11,casual,Monday,11,581
2023-11,casual,Monday,12,719
2023-11,casual,Monday,13,734
2023-11,casual,Monday,14,757
2023-11,casual,Monday,15,948
2023-11,casual,Monday,16,1042
2023-11,casual,Monday,17,1013
2023-11,casual,Monday,18,779
2023-11,casual,Monday,19,541
2023-11,casual,Monday,20,350
2023-11,casual,Monday,21,297
2023-11,casual,Monday,22,243
2023-11,casual,Monday,23,154
2023-11,casual,Tuesday,0,84
2023-11,casual,Tuesday,1,52
2023-11,casual,Tuesday,2,39
2023-11,casual,Tuesday,3,22
2023-11,casual,Tuesday,4,28
2023-11,casual,Tuesday,5,86
2023-11,casual,Tuesday,6,249
2023-11,casual,Tuesday,7,562
2023-11,casual,Tuesday,8,747
2023-11,casual,Tuesday,9,438
2023-11,casual,Tuesday,10,378
2023-11,casual,Tuesday,11,464
2023-11,casual,Tuesday,12,527
2023-11,casual,Tuesday,13,528
2023-11,casual,Tuesday,14,628
2023-11,casual,Tuesday,15,799
2023-11,casual,Tuesday,16,1179
2023-11,casual,Tuesday,17,1108
2023-11,casual,Tuesday,18,792
2023-11,casual,Tuesday,19,533
2023-11,casual,Tuesday,20,401
2023-11,casual,Tuesday,21,324
2023-11,casual,Tuesday,22,266
2023-11,casual,Tuesday,23,208
2023-11,casual,Wednesday,0,128
2023-11,casual,Wednesday,1,75
2023-11,casual,Wednesday,2,50
2023-11,casual,Wednesday,3,25
2023-11,casual,Wednesday,4,36
2023-11,casual,Wednesday,5,117
2023-11,casual,Wednesday,6,291
2023-11,casual,Wednesday,7,623
2023-11,casual,Wednesday,8,796
2023-11,casual,Wednesday,9,530
2023-11,casual,Wednesday,10,439
2023-11,casual,Wednesday,11,526
2023-11,casual,Wednesday,12,803
2023-11,casual,Wednesday,13,806
2023-11,casual,Wednesday,14,924
2023-11,casual,Wednesday,15,1098
2023-11,casual,Wednesday,16,1357
2023-11,casual,Wednesday,17,1298
2023-11,casual,Wednesday,18,1011
2023-11,casual,Wednesday,19,756
2023-11,casual,Wednesday,20,566
2023-11,casual,Wednesday,21,517
2023-11,casual,Wednesday,22,419
2023-11,casual,Wednesday,23,258
2023-11,casual,Thursday,0,171
2023-11,casual,Thursday,1,128
2023-11,casual,Thursday,2,99
2023-11,casual,Thursday,3,43
2023-11,casual,Thursday,4,31
2023-11,casual,Thursday,5,103
2023-11,casual,Thursday,6,305
2023-11,casual,Thursday,7,682
2023-11,casual,Thursday,8,918
2023-11,casual,Thursday,9,622
2023-11,casual,Thursday,10,672
2023-11,casual,Thursday,11,791
2023-11,casual,Thursday,12,907
2023-11,casual,Thursday,13,910
2023-11,casual,Thursday,14,971
2023-11,casual,Thursday,15,1311
2023-11,casual,Thursday,16,1759
2023-11,casual,Thursday,17,1953
2023-11,casual,Thursday,18,1580
2023-11,casual,Thursday,19,987
2023-11,casual,Thursday,20,556
2023-11,casual,Thursday,21,629
2023-11,casual,Thursday,22,984
2023-11,casual,Thursday,23,449
2023-11,casual,Friday,0,206
2023-11,casual,Friday,1,139
2023-11,casual,Friday,2,63
2023-11,casual,Friday,3,42
2023-11,casual,Friday,4,40
2023-11,casual,Friday,5,83
2023-11,casual,Friday,6,215
2023-11,casual,Friday,7,408
2023-11,casual,Friday,8,535
2023-11,casual,Friday,9,454
2023-11,casual,Friday,10,543
2023-11,casual,Friday,11,662
2023-11,casual,Friday,12,857
2023-11,casual,Friday,13,887
2023-11,casual,Friday,14,908
2023-11,casual,Friday,15,1044
2023-11,casual,Friday,16,1111
2023-11,casual,Friday,17,1116
2023-11,casual,Friday,18,882
2023-11,casual,Friday,19,699
2023-11,casual,Friday,20,461
2023-11,casual,Friday,21,402
2023-11,casual,Friday,22,394
2023-11,casual,Friday,23,373
2023-11,casual,Saturday,0,428
2023-11,casual,Saturday,1,315
2023-11,casual,Saturday,2,190
2023-11,casual,Saturday,3,93
2023-11,casual,Saturday,4,47
2023-11,casual,Saturday,5,49
2023-11,casual,Saturday,6,97
2023-11,casual,Saturday,7,220
2023-11,casual,Saturday,8,371
2023-11,casual,Saturday,9,718
2023-11,casual,Saturday,10,1050
2023-11,casual,Saturday,11,1294
2023-11,casual,Saturday,12,1593
2023-11,casual,Saturday,13,1465
2023-11,casual,Saturday,14,1651
2023-11,casual,Saturday,15,1709
2023-11,casual,Saturday,16,1486
2023-11,casual,Saturday,17,1228
2023-11,casual,Saturday,18,1075
2023-11,casual,Saturday,19,709
2023-11,casual,Saturday,20,554
2023-11,casual,Saturday,21,603
2023-11,casual,Saturday,22,495
2023-11,casual,Saturday,23,467
2023-11,member,Sunday,0,549
2023-11,member,Sunday,1,411
2023-11,member,Sunday,2,197
2023-11,member,Sunday,3,133
2023-11,member,Sunday,4,94
2023-11,member,Sunday,5,100
2023-11,member,Sunday,6,352
2023-11,member,Sunday,7,498
2023-11,member,Sunday,8,772
2023-11,member,Sunday,9,1309
2023-11,member,Sunday,10,1794
2023-11,member,Sunday,11,1931
2023-11,member,Sunday,12,2076
2023-11,member,Sunday,13,2099
2023-11,member,Sunday,14,2151
2023-11,member,Sunday,15,2149
2023-11,member,Sunday,16,2097
2023-11,member,Sunday,17,1658
2023-11,member,Sunday,18,1360
2023-11,member,Sunday,19,1018
2023-11,member,Sunday,20,868
2023-11,member,Sunday,21,601
2023-11,member,Sunday,22,487
2023-11,member,Sunday,23,278
2023-11,member,Monday,0,169
2023-11,member,Monday,1,77
2023-11,member,Monday,2,55
2023-11,member,Monday,3,41
2023-11,member,Monday,4,72
2023-11,member,Monday,5,456
2023-11,member,Monday,6,1373
2023-11,member,Monday,7,2597
2023-11,member,Monday,8,3077
2023-11,member,Monday,9,1692
2023-11,member,Monday,10,1228
2023-11,member,Monday,11,1541
2023-11,member,Monday,12,1967
2023-11,member,Monday,13,1837
2023-11,member,Monday,14,1983
2023-11,member,Monday,15,2631
2023-11,member,Monday,16,3756
2023-11,member,Monday,17,3976
2023-11,member,Monday,18,2897
2023-11,member,Monday,19,1814
2023-11,member,Monday,20,1180
2023-11,member,Monday,21,899
2023-11,member,Monday,22,564
2023-11,member,Monday,23,325
2023-11,member,Tuesday,0,185
2023-11,member,Tuesday,1,56
2023-11,member,Tuesday,2,38
2023-11,member,Tuesday,3,43
2023-11,member,Tuesday,4,68
2023-11,member,Tuesday,5,438
2023-11,member,Tuesday,6,1385
2023-11,member,Tuesday,7,2853
2023-11,member,Tuesday,8,3584
2023-11,member,Tuesday,9,1849
2023-11,member,Tuesday,10,1342
2023-11,member,Tuesday,11,1496
2023-11,member,Tuesday,12,1668
2023-11,member,Tuesday,13,1758
2023-11,member,Tuesday,14,1757
2023-11,member,Tuesday,15,2728
2023-11,member,Tuesday,16,3918
2023-11,member,Tuesday,17,4330
2023-11,member,Tuesday,18,2889
2023-11,member,Tuesday,19,1961
2023-11,member,Tuesday,20,1318
2023-11,member,Tuesday,21,1041
2023-11,member,Tuesday,22,644
2023-11,member,Tuesday,23,420
2023-11,member,Wednesday,0,218
2023-11,member,Wednesday,1,109
2023-11,member,Wednesday,2,68
2023-11,member,Wednesday,3,52
2023-11,member,Wednesday,4,100
2023-11,member,Wednesday,5,515
2023-11,member,Wednesday,6,1713
2023-11,member,Wednesday,7,3218
2023-11,member,Wednesday,8,4044
2023-11,member,Wednesday,9,2270
2023-11,member,Wednesday,10,1692
2023-11,member,Wednesday,11,2064
2023-11,member,Wednesday,12,2337
2023-11,member,Wednesday,13,2372
2023-11,member,Wednesday,14,2517
2023-11,member,Wednesday,15,3278
2023-11,member,Wednesday,16,4779
2023-11,member,Wednesday,17,5134
2023-11,member,Wednesday,18,3586
2023-11,member,Wednesday,19,2390
2023-11,member,Wednesday,20,1706
2023-11,member,Wednesday,21,1368
2023-11,member,Wednesday,22,900
2023-11,member,Wednesday,23,486
2023-11,member,Thursday,0,336
2023-11,member,Thursday,1,150
2023-11,member,Thursday,2,95
2023-11,member,Thursday,3,85
2023-11,member,Thursday,4,90
2023-11,member,Thursday,5,512
2023-11,member,Thursday,6,1614
2023-11,member,Thursday,7,3204
2023-11,member,Thursday,8,4202
2023-11,member,Thursday,9,2256
2023-11,member,Thursday,10,1761
2023-11,member,Thursday,11,2021
2023-11,member,Thursday,12,2428
2023-11,member,Thursday,13,2449
2023-11,member,Thursday,14,2515
2023-11,member,Thursday,15,3527
2023-11,member,Thursday,16,4870
2023-11,member,Thursday,17,5552
2023-11,member,Thursday,18,4156
2023-11,member,Thursday,19,2682
2023-11,member,Thursday,20,1752
2023-11,member,Thursday,21,1540
2023-11,member,Thursday,22,1412
2023-11,member,Thursday,23,769
2023-11,member,Friday,0,322
2023-11,member,Friday,1,187
2023-11,member,Friday,2,79
2023-11,member,Friday,3,81
2023-11,member,Friday,4,85
2023-11,member,Friday,5,274
2023-11,member,Friday,6,1021
2023-11,member,Friday,7,1785
2023-11,member,Friday,8,2062
2023-11,member,Friday,9,1606
2023-11,member,Friday,10,1352
2023-11,member,Friday,11,1731
2023-11,member,Friday,12,2025
2023-11,member,Friday,13,2073
2023-11,member,Friday,14,2092
2023-11,member,Friday,15,2541
2023-11,member,Friday,16,3101
2023-11,member,Friday,17,3215
2023-11,member,Friday,18,2382
2023-11,member,Friday,19,1733
2023-11,member,Friday,20,1081
2023-11,member,Friday,21,897
2023-11,member,Friday,22,769
2023-11,member,Friday,23,634
2023-11,member,Saturday,0,508
2023-11,member,Saturday,1,331
2023-11,member,Saturday,2,220
2023-11,member,Saturday,3,126
2023-11,member,Saturday,4,75
2023-11,member,Saturday,5,85
2023-11,member,Saturday,6,292
2023-11,member,Saturday,7,637
2023-11,member,Saturday,8,1104
2023-11,member,Saturday,9,1628
2023-11,member,Saturday,10,2037
2023-11,member,Saturday,11,2312
2023-11,member,Saturday,12,2370
2023-11,member,Saturday,13,2284
2023-11,member,Saturday,14,2517
2023-11,member,Saturday,15,2344
2023-11,member,Saturday,16,2289
2023-11,member,Saturday,17,2155
2023-11,member,Saturday,18,1855
2023-11,member,Saturday,19,1323
2023-11,member,Saturday,20,933
2023-11,member,Saturday,21,856
2023-11,member,Saturday,22,807
2023-11,member,Saturday,23,682
2023-12,casual,Sunday,0,342
2023-12,casual,Sunday,1,222
2023-12,casual,Sunday,2,125
2023-12,casual,Sunday,3,70
2023-12,casual,Sunday,4,68
2023-12,casual,Sunday,5,44
2023-12,casual,Sunday,6,65
2023-12,casual,Sunday,7,99
2023-12,casual,Sunday,8,137
2023-12,casual,Sunday,9,264
2023-12,casual,Sunday,10,435
2023-12,casual,Sunday,11,520
2023-12,casual,Sunday,12,549
2023-12,casual,Sunday,13,539
2023-12,casual,Sunday,14,638
2023-12,casual,Sunday,15,754
2023-12,casual,Sunday,16,580
2023-12,casual,Sunday,17,363
2023-12,casual,Sunday,18,373
2023-12,casual,Sunday,19,306
2023-12,casual,Sunday,20,216
2023-12,casual,Sunday,21,192
2023-12,casual,Sunday,22,179
2023-12,casual,Sunday,23,178
2023-12,casual,Monday,0,70
2023-12,casual,Monday,1,27
2023-12,casual,Monday,2,31
2023-12,casual,Monday,3,34
2023-12,casual,Monday,4,21
2023-12,casual,Monday,5,85
2023-12,casual,Monday,6,136
2023-12,casual,Monday,7,253
2023-12,casual,Monday,8,295
2023-12,casual,Monday,9,222
2023-12,casual,Monday,10,212
2023-12,casual,Monday,11,254
2023-12,casual,Monday,12,309
2023-12,casual,Monday,13,283
2023-12,casual,Monday,14,321
2023-12,casual,Monday,15,425
2023-12,casual,Monday,16,424
2023-12,casual,Monday,17,435
2023-12,casual,Monday,18,324
2023-12,casual,Monday,19,262
2023-12,casual,Monday,20,165
2023-12,casual,Monday,21,139
2023-12,casual,Monday,22,109
2023-12,casual,Monday,23,84
2023-12,casual,Tuesday,0,71
2023-12,casual,Tuesday,1,31
2023-12,casual,Tuesday,2,20
2023-12,casual,Tuesday,3,15
2023-12,casual,Tuesday,4,21
2023-12,casual,Tuesday,5,61
2023-12,casual,Tuesday,6,127
2023-12,casual,Tuesday,7,251
2023-12,casual,Tuesday,8,336
2023-12,casual,Tuesday,9,210
2023-12,casual,Tuesday,10,199
2023-12,casual,Tuesday,11,269
2023-12,casual,Tuesday,12,295
2023-12,casual,Tuesday,13,320
2023-12,casual,Tuesday,14,351
2023-12,casual,Tuesday,15,400
2023-12,casual,Tuesday,16,494
2023-12,casual,Tuesday,17,466
2023-12,casual,Tuesday,18,366
2023-12,casual,Tuesday,19,240
2023-12,casual,Tuesday,20,206
2023-12,casual,Tuesday,21,162
2023-12,casual,Tuesday,22,164
2023-12,casual,Tuesday,23,113
2023-12,casual,Wednesday,0,76
2023-12,casual,Wednesday,1,49
2023-12,casual,Wednesday,2,26
2023-12,casual,Wednesday,3,16
2023-12,casual,Wednesday,4,16
2023-12,casual,Wednesday,5,67
2023-12,casual,Wednesday,6,153
2023-12,casual,Wednesday,7,328
2023-12,casual,Wednesday,8,434
2023-12,casual,Wednesday,9,267
2023-12,casual,Wednesday,10,252
2023-12,casual,Wednesday,11,305
2023-12,casual,Wednesday,12,434
2023-12,casual,Wednesday,13,397
2023-12,casual,Wednesday,14,439
2023-12,casual,Wednesday,15,547
2023-12,casual,Wednesday,16,628
2023-12,casual,Wednesday,17,657
2023-12,casual,Wednesday,18,508
2023-12,casual,Wednesday,19,344
2023-12,casual,Wednesday,20,272
2023-12,casual,Wednesday,21,275
2023-12,casual,Wednesday,22,197
2023-12,casual,Wednesday,23,144
2023-12,casual,Thursday,0,98
2023-12,casual,Thursday,1,62
2023-12,casual,Thursday,2,37
2023-12,casual,Thursday,3,23
2023-12,casual,Thursday,4,9
2023-12,casual,Thursday,5,70
2023-12,casual,Thursday,6,176
2023-12,casual,Thursday,7,335
2023-12,casual,Thursday,8,427
2023-12,casual,Thursday,9,255
2023-12,casual,Thursday,10,281
2023-12,casual,Thursday,11,380
2023-12,casual,Thursday,12,437
2023-12,casual,Thursday,13,438
2023-12,casual,Thursday,14,472
2023-12,casual,Thursday,15,540
2023-12,casual,Thursday,16,702
2023-12,casual,Thursday,17,764
2023-12,casual,Thursday,18,581
2023-12,casual,Thursday,19,378
2023-12,casual,Thursday,20,280
2023-12,casual,Thursday,21,272
2023-12,casual,Thursday,22,259
2023-12,casual,Thursday,23,184
2023-12,casual,Friday,0,179
2023-12,casual,Friday,1,121
2023-12,casual,Friday,2,60
2023-12,casual,Friday,3,31
2023-12,casual,Friday,4,25
2023-12,casual,Friday,5,85
2023-12,casual,Friday,6,172
2023-12,casual,Friday,7,277
2023-12,casual,Friday,8,336
2023-12,casual,Friday,9,314
2023-12,casual,Friday,10,376
2023-12,casual,Friday,11,450
2023-12,casual,Friday,12,568
2023-12,casual,Friday,13,632
2023-12,casual,Friday,14,668
2023-12,casual,Friday,15,740
2023-12,casual,Friday,16,826
2023-12,casual,Friday,17,759
2023-12,casual,Friday,18,729
2023-12,casual,Friday,19,484
2023-12,casual,Friday,20,394
2023-12,casual,Friday,21,340
2023-12,casual,Friday,22,366
2023-12,casual,Friday,23,359
2023-12,casual,Saturday,0,365
2023-12,casual,Saturday,1,318
2023-12,casual,Saturday,2,208
2023-12,casual,Saturday,3,91
2023-12,casual,Saturday,4,47
2023-12,casual,Saturday,5,40
2023-12,casual,Saturday,6,76
2023-12,casual,Saturday,7,137
2023-12,casual,Saturday,8,268
2023-12,casual,Saturday,9,437
2023-12,casual,Saturday,10,583
2023-12,casual,Saturday,11,607
2023-12,casual,Saturday,12,730
2023-12,casual,Saturday,13,770
2023-12,casual,Saturday,14,743
2023-12,casual,Saturday,15,703
2023-12,casual,Saturday,16,644
2023-12,casual,Saturday,17,520
2023-12,casual,Saturday,18,510
2023-12,casual,Saturday,19,378
2023-12,casual,Saturday,20,301
2023-12,casual,Saturday,21,345
2023-12,casual,Saturday,22,286
2023-12,casual,Saturday,23,348
2023-12,member,Sunday,0,458
2023-12,member,Sunday,1,294
2023-12,member,Sunday,2,178
2023-12,member,Sunday,3,95
2023-12,member,Sunday,4,77
2023-12,member,Sunday,5,77
2023-12,member,Sunday,6,238
2023-12,member,Sunday,7,364
2023-12,member,Sunday,8,553
2023-12,member,Sunday,9,846
2023-12,member,Sunday,10,1159
2023-12,member,Sunday,11,1447
2023-12,member,Sunday,12,1441
2023-12,member,Sunday,13,1434
2023-12,member,Sunday,14,1490
2023-12,member,Sunday,15,1697
2023-12,member,Sunday,16,1398
2023-12,member,Sunday,17,1162
2023-12,member,Sunday,18,1039
2023-12,member,Sunday,19,769
2023-12,member,Sunday,20,618
2023-12,member,Sunday,21,478
2023-12,member,Sunday,22,371
2023-12,member,Sunday,23,278
2023-12,member,Monday,0,122
2023-12,member,Monday,1,65
2023-12,member,Monday,2,42
2023-12,member,Monday,3,34
2023-12,member,Monday,4,55
2023-12,member,Monday,5,306
2023-12,member,Monday,6,864
2023-12,member,Monday,7,1525
2023-12,member,Monday,8,1838
2023-12,member,Monday,9,1068
2023-12,member,Monday,10,816
2023-12,member,Monday,11,897
2023-12,member,Monday,12,1042
2023-12,member,Monday,13,1055
2023-12,member,Monday,14,1026
2023-12,member,Monday,15,1504
2023-12,member,Monday,16,2088
2023-12,member,Monday,17,2407
2023-12,member,Monday,18,1740
2023-12,member,Monday,19,995
2023-12,member,Monday,20,636
2023-12,member,Monday,21,531
2023-12,member,Monday,22,303
2023-12,member,Monday,23,184
2023-12,member,Tuesday,0,120
2023-12,member,Tuesday,1,45
2023-12,member,Tuesday,2,32
2023-12,member,Tuesday,3,24
2023-12,member,Tuesday,4,55
2023-12,member,Tuesday,5,324
2023-12,member,Tuesday,6,817
2023-12,member,Tuesday,7,1672
2023-12,member,Tuesday,8,2046
2023-12,member,Tuesday,9,1179
2023-12,member,Tuesday,10,829
2023-12,member,Tuesday,11,989
2023-12,member,Tuesday,12,1152
2023-12,member,Tuesday,13,1198
2023-12,member,Tuesday,14,1219
2023-12,member,Tuesday,15,1513
2023-12,member,Tuesday,16,2279
2023-12,member,Tuesday,17,2560
2023-12,member,Tuesday,18,1722
2023-12,member,Tuesday,19,1137
2023-12,member,Tuesday,20,735
2023-12,member,Tuesday,21,591
2023-12,member,Tuesday,22,406
2023-12,member,Tuesday,23,259
2023-12,member,Wednesday,0,171
2023-12,member,Wednesday,1,76
2023-12,member,Wednesday,2,37
2023-12,member,Wednesday,3,36
2023-12,member,Wednesday,4,55
2023-12,member,Wednesday,5,297
2023-12,member,Wednesday,6,1067
2023-12,member,Wednesday,7,1981
2023-12,member,Wednesday,8,2372
2023-12,member,Wednesday,9,1312
2023-12,member,Wednesday,10,1008
2023-12,member,Wednesday,11,1161
2023-12,member,Wednesday,12,1366
2023-12,member,Wednesday,13,1356
2023-12,member,Wednesday,14,1436
2023-12,member,Wednesday,15,1869
2023-12,member,Wednesday,16,2745
2023-12,member,Wednesday,17,3046
2023-12,member,Wednesday,18,2024
2023-12,member,Wednesday,19,1346
2023-12,member,Wednesday,20,941
2023-12,member,Wednesday,21,728
2023-12,member,Wednesday,22,471
2023-12,member,Wednesday,23,287
2023-12,member,Thursday,0,177
2023-12,member,Thursday,1,91
2023-12,member,Thursday,2,53
2023-12,member,Thursday,3,26
2023-12,member,Thursday,4,75
2023-12,member,Thursday,5,327
2023-12,member,Thursday,6,994
2023-12,member,Thursday,7,1898
2023-12,member,Thursday,8,2419
2023-12,member,Thursday,9,1388
2023-12,member,Thursday,10,1009
2023-12,member,Thursday,11,1179
2023-12,member,Thursday,12,1429
2023-12,member,Thursday,13,1457
2023-12,member,Thursday,14,1531
2023-12,member,Thursday,15,2053
2023-12,member,Thursday,16,2752
2023-12,member,Thursday,17,2900
2023-12,member,Thursday,18,2096
2023-12,member,Thursday,19,1338
2023-12,member,Thursday,20,996
2023-12,member,Thursday,21,784
2023-12,member,Thursday,22,602
2023-12,member,Thursday,23,389
2023-12,member,Friday,0,308
2023-12,member,Friday,1,178
2023-12,member,Friday,2,95
2023-12,member,Friday,3,84
2023-12,member,Friday,4,80
2023-12,member,Friday,5,295
2023-12,member,Friday,6,883
2023-12,member,Friday,7,1488
2023-12,member,Friday,8,1784
2023-12,member,Friday,9,1228
2023-12,member,Friday,10,1123
2023-12,member,Friday,11,1543
2023-12,member,Friday,12,1771
2023-12,member,Friday,13,1873
2023-12,member,Friday,14,1979
2023-12,member,Friday,15,2314
2023-12,member,Friday,16,2733
2023-12,member,Friday,17,2530
2023-12,member,Friday,18,1936
2023-12,member,Friday,19,1479
2023-12,member,Friday,20,1028
2023-12,member,Friday,21,759
2023-12,member,Friday,22,657
2023-12,member,Friday,23,582
2023-12,member,Saturday,0,478
2023-12,member,Saturday,1,417
2023-12,member,Saturday,2,202
2023-12,member,Saturday,3,115
2023-12,member,Saturday,4,69
2023-12,member,Saturday,5,110
2023-12,member,Saturday,6,255
2023-12,member,Saturday,7,539
2023-12,member,Saturday,8,903
2023-12,member,Saturday,9,1281
2023-12,member,Saturday,10,1576
2023-12,member,Saturday,11,1779
2023-12,member,Saturday,12,1867
2023-12,member,Saturday,13,1852
2023-12,member,Saturday,14,1847
2023-12,member,Saturday,15,1766
2023-12,member,Saturday,16,1581
2023-12,member,Saturday,17,1383
2023-12,member,Saturday,18,1212
2023-12,member,Saturday,19,989
2023-12,member,Saturday,20,762
2023-12,member,Saturday,21,613
2023-12,member,Saturday,22,637
2023-12,member,Saturday,23,523
2024-01,casual,Sunday,0,61
2024-01,casual,Sunday,1,44
2024-01,casual,Sunday,2,35
2024-01,casual,Sunday,3,24
2024-01,casual,Sunday,4,13
2024-01,casual,Sunday,5,11
2024-01,casual,Sunday,6,12
2024-01,casual,Sunday,7,23
2024-01,casual,Sunday,8,65
2024-01,casual,Sunday,9,102
2024-01,casual,Sunday,10,146
2024-01,casual,Sunday,11,180
2024-01,casual,Sunday,12,197
2024-01,casual,Sunday,13,206
2024-01,casual,Sunday,14,198
2024-01,casual,Sunday,15,180
2024-01,casual,Sunday,16,184
2024-01,casual,Sunday,17,127
2024-01,casual,Sunday,18,114
2024-01,casual,Sunday,19,81
2024-01,casual,Sunday,20,83
2024-01,casual,Sunday,21,77
2024-01,casual,Sunday,22,84
2024-01,casual,Sunday,23,51
2024-01,casual,Monday,0,110
2024-01,casual,Monday,1,199
2024-01,casual,Monday,2,133
2024-01,casual,Monday,3,23
2024-01,casual,Monday,4,23
2024-01,casual,Monday,5,45
2024-01,casual,Monday,6,81
2024-01,casual,Monday,7,140
2024-01,casual,Monday,8,176
2024-01,casual,Monday,9,122
2024-01,casual,Monday,10,143
2024-01,casual,Monday,11,211
2024-01,casual,Monday,12,242
2024-01,casual,Monday,13,212
2024-01,casual,Monday,14,240
2024-01,casual,Monday,15,298
2024-01,casual,Monday,16,364
2024-01,casual,Monday,17,325
2024-01,casual,Monday,18,262
2024-01,casual,Monday,19,178
2024-01,casual,Monday,20,125
2024-01,casual,Monday,21,101
2024-01,casual,Monday,22,93
2024-01,casual,Monday,23,63
2024-01,casual,Tuesday,0,27
2024-01,casual,Tuesday,1,11
2024-01,casual,Tuesday,2,9
2024-01,casual,Tuesday,3,9
2024-01,casual,Tuesday,4,6
2024-01,casual,Tuesday,5,23
2024-01,casual,Tuesday,6,80
2024-01,casual,Tuesday,7,132
2024-01,casual,Tuesday,8,217
2024-01,casual,Tuesday,9,138
2024-01,casual,Tuesday,10,124
2024-01,casual,Tuesday,11,137
2024-01,casual,Tuesday,12,144
2024-01,casual,Tuesday,13,185
2024-01,casual,Tuesday,14,217
2024-01,casual,Tuesday,15,276
2024-01,casual,Tuesday,16,316
2024-01,casual,Tuesday,17,339
2024-01,casual,Tuesday,18,281
2024-01,casual,Tuesday,19,192
2024-01,casual,Tuesday,20,156
2024-01,casual,Tuesday,21,121
2024-01,casual,Tuesday,22,105
2024-01,casual,Tuesday,23,61
2024-01,casual,Wednesday,0,45
2024-01,casual,Wednesday,1,34
2024-01,casual,Wednesday,2,13
2024-01,casual,Wednesday,3,14
2024-01,casual,Wednesday,4,9
2024-01,casual,Wednesday,5,55
2024-01,casual,Wednesday,6,102
2024-01,casual,Wednesday,7,230
2024-01,casual,Wednesday,8,315
2024-01,casual,Wednesday,9,163
2024-01,casual,Wednesday,10,151
2024-01,casual,Wednesday,11,199
2024-01,casual,Wednesday,12,256
2024-01,casual,Wednesday,13,245
2024-01,casual,Wednesday,14,266
2024-01,casual,Wednesday,15,339
2024-01,casual,Wednesday,16,426
2024-01,casual,Wednesday,17,486
2024-01,casual,Wednesday,18,317
2024-01,casual,Wednesday,19,227
2024-01,casual,Wednesday,20,193
2024-01,casual,Wednesday,21,142
2024-01,casual,Wednesday,22,107
2024-01,casual,Wednesday,23,97
2024-01,casual,Thursday,0,33
2024-01,casual,Thursday,1,24
2024-01,casual,Thursday,2,13
2024-01,casual,Thursday,3,9
2024-01,casual,Thursday,4,4
2024-01,casual,Thursday,5,40
2024-01,casual,Thursday,6,95
2024-01,casual,Thursday,7,217
2024-01,casual,Thursday,8,273
2024-01,casual,Thursday,9,187
2024-01,casual,Thursday,10,188
2024-01,casual,Thursday,11,188
2024-01,casual,Thursday,12,248
2024-01,casual,Thursday,13,268
2024-01,casual,Thursday,14,272
2024-01,casual,Thursday,15,325
2024-01,casual,Thursday,16,459
2024-01,casual,Thursday,17,457
2024-01,casual,Thursday,18,312
2024-01,casual,Thursday,19,185
2024-01,casual,Thursday,20,158
2024-01,casual,Thursday,21,117
2024-01,casual,Thursday,22,101
2024-01,casual,Thursday,23,75
2024-01,casual,Friday,0,49
2024-01,casual,Friday,1,24
2024-01,casual,Friday,2,13
2024-01,casual,Friday,3,13
2024-01,casual,Friday,4,9
2024-01,casual,Friday,5,31
2024-01,casual,Friday,6,69
2024-01,casual,Friday,7,127
2024-01,casual,Friday,8,136
2024-01,casual,Friday,9,104
2024-01,casual,Friday,10,105
2024-01,casual,Friday,11,154
2024-01,casual,Friday,12,183
2024-01,casual,Friday,13,213
2024-01,casual,Friday,14,212
2024-01,casual,Friday,15,227
2024-01,casual,Friday,16,247
2024-01,casual,Friday,17,252
2024-01,casual,Friday,18,216
2024-01,casual,Friday,19,178
2024-01,casual,Friday,20,120
2024-01,casual,Friday,21,126
2024-01,casual,Friday,22,106
2024-01,casual,Friday,23,110
2024-01,casual,Saturday,0,69
2024-01,casual,Saturday,1,69
2024-01,casual,Saturday,2,37
2024-01,casual,Saturday,3,21
2024-01,casual,Saturday,4,17
2024-01,casual,Saturday,5,9
2024-01,casual,Saturday,6,31
2024-01,casual,Saturday,7,37
2024-01,casual,Saturday,8,70
2024-01,casual,Saturday,9,115
2024-01,casual,Saturday,10,149
2024-01,casual,Saturday,11,157
2024-01,casual,Saturday,12,195
2024-01,casual,Saturday,13,179
2024-01,casual,Saturday,14,196
2024-01,casual,Saturday,15,222
2024-01,casual,Saturday,16,185
2024-01,casual,Saturday,17,152
2024-01,casual,Saturday,18,136
2024-01,casual,Saturday,19,120
2024-01,casual,Saturday,20,71
2024-01,casual,Saturday,21,70
2024-01,casual,Saturday,22,61
2024-01,casual,Saturday,23,63
2024-01,member,Sunday,0,138
2024-01,member,Sunday,1,84
2024-01,member,Sunday,2,53
2024-01,member,Sunday,3,36
2024-01,member,Sunday,4,20
2024-01,member,Sunday,5,35
2024-01,member,Sunday,6,70
2024-01,member,Sunday,7,153
2024-01,member,Sunday,8,284
2024-01,member,Sunday,9,447
2024-01,member,Sunday,10,575
2024-01,member,Sunday,11,639
2024-01,member,Sunday,12,727
2024-01,member,Sunday,13,792
2024-01,member,Sunday,14,821
2024-01,member,Sunday,15,758
2024-01,member,Sunday,16,667
2024-01,member,Sunday,17,653
2024-01,member,Sunday,18,479
2024-01,member,Sunday,19,396
2024-01,member,Sunday,20,343
2024-01,member,Sunday,21,273
2024-01,member,Sunday,22,166
2024-01,member,Sunday,23,94
2024-01,member,Monday,0,146
2024-01,member,Monday,1,216
2024-01,member,Monday,2,119
2024-01,member,Monday,3,50
2024-01,member,Monday,4,56
2024-01,member,Monday,5,268
2024-01,member,Monday,6,748
2024-01,member,Monday,7,1277
2024-01,member,Monday,8,1576
2024-01,member,Monday,9,861
2024-01,member,Monday,10,627
2024-01,member,Monday,11,857
2024-01,member,Monday,12,947
2024-01,member,Monday,13,944
2024-01,member,Monday,14,1022
2024-01,member,Monday,15,1407
2024-01,member,Monday,16,1904
2024-01,member,Monday,17,2202
2024-01,member,Monday,18,1579
2024-01,member,Monday,19,886
2024-01,member,Monday,20,655
2024-01,member,Monday,21,441
2024-01,member,Monday,22,244
2024-01,member,Monday,23,147
2024-01,member,Tuesday,0,87
2024-01,member,Tuesday,1,22
2024-01,member,Tuesday,2,21
2024-01,member,Tuesday,3,22
2024-01,member,Tuesday,4,60
2024-01,member,Tuesday,5,273
2024-01,member,Tuesday,6,703
2024-01,member,Tuesday,7,1329
2024-01,member,Tuesday,8,1638
2024-01,member,Tuesday,9,874
2024-01,member,Tuesday,10,592
2024-01,member,Tuesday,11,616
2024-01,member,Tuesday,12,800
2024-01,member,Tuesday,13,807
2024-01,member,Tuesday,14,859
2024-01,member,Tuesday,15,1227
2024-01,member,Tuesday,16,1940
2024-01,member,Tuesday,17,2367
2024-01,member,Tuesday,18,1546
2024-01,member,Tuesday,19,937
2024-01,member,Tuesday,20,644
2024-01,member,Tuesday,21,546
2024-01,member,Tuesday,22,312
2024-01,member,Tuesday,23,194
2024-01,member,Wednesday,0,85
2024-01,member,Wednesday,1,51
2024-01,member,Wednesday,2,26
2024-01,member,Wednesday,3,35
2024-01,member,Wednesday,4,72
2024-01,member,Wednesday,5,375
2024-01,member,Wednesday,6,1123
2024-01,member,Wednesday,7,1981
2024-01,member,Wednesday,8,2466
2024-01,member,Wednesday,9,1244
2024-01,member,Wednesday,10,832
2024-01,member,Wednesday,11,944
2024-01,member,Wednesday,12,1200
2024-01,member,Wednesday,13,1149
2024-01,member,Wednesday,14,1225
2024-01,member,Wednesday,15,1607
2024-01,member,Wednesday,16,2603
2024-01,member,Wednesday,17,3082
2024-01,member,Wednesday,18,1952
2024-01,member,Wednesday,19,1339
2024-01,member,Wednesday,20,903
2024-01,member,Wednesday,21,637
2024-01,member,Wednesday,22,432
2024-01,member,Wednesday,23,265
2024-01,member,Thursday,0,86
2024-01,member,Thursday,1,33
2024-01,member,Thursday,2,25
2024-01,member,Thursday,3,41
2024-01,member,Thursday,4,69
2024-01,member,Thursday,5,293
2024-01,member,Thursday,6,833
2024-01,member,Thursday,7,1614
2024-01,member,Thursday,8,2140
2024-01,member,Thursday,9,1172
2024-01,member,Thursday,10,761
2024-01,member,Thursday,11,865
2024-01,member,Thursday,12,1047
2024-01,member,Thursday,13,1115
2024-01,member,Thursday,14,1076
2024-01,member,Thursday,15,1576
2024-01,member,Thursday,16,2278
2024-01,member,Thursday,17,2623
2024-01,member,Thursday,18,1610
2024-01,member,Thursday,19,1040
2024-01,member,Thursday,20,700
2024-01,member,Thursday,21,459
2024-01,member,Thursday,22,313
2024-01,member,Thursday,23,188
2024-01,member,Friday,0,105
2024-01,member,Friday,1,55
2024-01,member,Friday,2,26
2024-01,member,Friday,3,38
2024-01,member,Friday,4,57
2024-01,member,Friday,5,219
2024-01,member,Friday,6,579
2024-01,member,Friday,7,846
2024-01,member,Friday,8,941
2024-01,member,Friday,9,642
2024-01,member,Friday,10,485
2024-01,member,Friday,11,661
2024-01,member,Friday,12,759
2024-01,member,Friday,13,766
2024-01,member,Friday,14,807
2024-01,member,Friday,15,959
2024-01,member,Friday,16,1234
2024-01,member,Friday,17,1275
2024-01,member,Friday,18,946
2024-01,member,Friday,19,620
2024-01,member,Friday,20,480
2024-01,member,Friday,21,370
2024-01,member,Friday,22,268
2024-01,member,Friday,23,198
2024-01,member,Saturday,0,166
2024-01,member,Saturday,1,118
2024-01,member,Saturday,2,84
2024-01,member,Saturday,3,30
2024-01,member,Saturday,4,22
2024-01,member,Saturday,5,42
2024-01,member,Saturday,6,135
2024-01,member,Saturday,7,246
2024-01,member,Saturday,8,352
2024-01,member,Saturday,9,554
2024-01,member,Saturday,10,628
2024-01,member,Saturday,11,784
2024-01,member,Saturday,12,798
2024-01,member,Saturday,13,755
2024-01,member,Saturday,14,749
2024-01,member,Saturday,15,738
2024-01,member,Saturday,16,747
2024-01,member,Saturday,17,688
2024-01,member,Saturday,18,534
2024-01,member,Saturday,19,391
2024-01,member,Saturday,20,270
2024-01,member,Saturday,21,207
2024-01,member,Saturday,22,164
2024-01,member,Saturday,23,140
2024-02,casual,Sunday,0,112
2024-02,casual,Sunday,1,54
2024-02,casual,Sunday,2,64
2024-02,casual,Sunday,3,40
2024-02,casual,Sunday,4,23
2024-02,casual,Sunday,5,15
2024-02,casual,Sunday,6,36
2024-02,casual,Sunday,7,67
2024-02,casual,Sunday,8,86
2024-02,casual,Sunday,9,237
2024-02,casual,Sunday,10,332
2024-02,casual,Sunday,11,476
2024-02,casual,Sunday,12,628
2024-02,casual,Sunday,13,699
2024-02,casual,Sunday,14,789
2024-02,casual,Sunday,15,780
2024-02,casual,Sunday,16,801
2024-02,casual,Sunday,17,557
2024-02,casual,Sunday,18,301
2024-02,casual,Sunday,19,228
2024-02,casual,Sunday,20,172
2024-02,casual,Sunday,21,135
2024-02,casual,Sunday,22,222
2024-02,casual,Sunday,23,83
2024-02,casual,Monday,0,41
2024-02,casual,Monday,1,22
2024-02,casual,Monday,2,19
2024-02,casual,Monday,3,16
2024-02,casual,Monday,4,12
2024-02,casual,Monday,5,60
2024-02,casual,Monday,6,81
2024-02,casual,Monday,7,214
2024-02,casual,Monday,8,260
2024-02,casual,Monday,9,233
2024-02,casual,Monday,10,218
2024-02,casual,Monday,11,291
2024-02,casual,Monday,12,408
2024-02,casual,Monday,13,434
2024-02,casual,Monday,14,459
2024-02,casual,Monday,15,619
2024-02,casual,Monday,16,708
2024-02,casual,Monday,17,731
2024-02,casual,Monday,18,471
2024-02,casual,Monday,19,340
2024-02,casual,Monday,20,211
2024-02,casual,Monday,21,170
2024-02,casual,Monday,22,135
2024-02,casual,Monday,23,97
2024-02,casual,Tuesday,0,35
2024-02,casual,Tuesday,1,18
2024-02,casual,Tuesday,2,24
2024-02,casual,Tuesday,3,15
2024-02,casual,Tuesday,4,16
2024-02,casual,Tuesday,5,48
2024-02,casual,Tuesday,6,147
2024-02,casual,Tuesday,7,298
2024-02,casual,Tuesday,8,418
2024-02,casual,Tuesday,9,288
2024-02,casual,Tuesday,10,268
2024-02,casual,Tuesday,11,332
2024-02,casual,Tuesday,12,460
2024-02,casual,Tuesday,13,460
2024-02,casual,Tuesday,14,525
2024-02,casual,Tuesday,15,693
2024-02,casual,Tuesday,16,941
2024-02,casual,Tuesday,17,967
2024-02,casual,Tuesday,18,541
2024-02,casual,Tuesday,19,348
2024-02,casual,Tuesday,20,186
2024-02,casual,Tuesday,21,168
2024-02,casual,Tuesday,22,124
2024-02,casual,Tuesday,23,86
2024-02,casual,Wednesday,0,40
2024-02,casual,Wednesday,1,24
2024-02,casual,Wednesday,2,22
2024-02,casual,Wednesday,3,12
2024-02,casual,Wednesday,4,12
2024-02,casual,Wednesday,5,59
2024-02,casual,Wednesday,6,131
2024-02,casual,Wednesday,7,259
2024-02,casual,Wednesday,8,361
2024-02,casual,Wednesday,9,219
2024-02,casual,Wednesday,10,246
2024-02,casual,Wednesday,11,290
2024-02,casual,Wednesday,12,350
2024-02,casual,Wednesday,13,378
2024-02,casual,Wednesday,14,402
2024-02,casual,Wednesday,15,504
2024-02,casual,Wednesday,16,686
2024-02,casual,Wednesday,17,781
2024-02,casual,Wednesday,18,472
2024-02,casual,Wednesday,19,339
2024-02,casual,Wednesday,20,243
2024-02,casual,Wednesday,21,205
2024-02,casual,Wednesday,22,149
2024-02,casual,Wednesday,23,109
2024-02,casual,Thursday,0,83
2024-02,casual,Thursday,1,37
2024-02,casual,Thursday,2,33
2024-02,casual,Thursday,3,18
2024-02,casual,Thursday,4,17
2024-02,casual,Thursday,5,57
2024-02,casual,Thursday,6,140
2024-02,casual,Thursday,7,358
2024-02,casual,Thursday,8,494
2024-02,casual,Thursday,9,334
2024-02,casual,Thursday,10,276
2024-02,casual,Thursday,11,382
2024-02,casual,Thursday,12,514
2024-02,casual,Thursday,13,492
2024-02,casual,Thursday,14,479
2024-02,casual,Thursday,15,607
2024-02,casual,Thursday,16,859
2024-02,casual,Thursday,17,931
2024-02,casual,Thursday,18,547
2024-02,casual,Thursday,19,358
2024-02,casual,Thursday,20,263
2024-02,casual,Thursday,21,230
2024-02,casual,Thursday,22,226
2024-02,casual,Thursday,23,155
2024-02,casual,Friday,0,81
2024-02,casual,Friday,1,58
2024-02,casual,Friday,2,20
2024-02,casual,Friday,3,21
2024-02,casual,Friday,4,17
2024-02,casual,Friday,5,61
2024-02,casual,Friday,6,118
2024-02,casual,Friday,7,210
2024-02,casual,Friday,8,264
2024-02,casual,Friday,9,250
2024-02,casual,Friday,10,318
2024-02,casual,Friday,11,378
2024-02,casual,Friday,12,425
2024-02,casual,Friday,13,494
2024-02,casual,Friday,14,502
2024-02,casual,Friday,15,545
2024-02,casual,Friday,16,607
2024-02,casual,Friday,17,581
2024-02,casual,Friday,18,397
2024-02,casual,Friday,19,308
2024-02,casual,Friday,20,192
2024-02,casual,Friday,21,176
2024-02,casual,Friday,22,145
2024-02,casual,Friday,23,114
2024-02,casual,Saturday,0,99
2024-02,casual,Saturday,1,87
2024-02,casual,Saturday,2,41
2024-02,casual,Saturday,3,21
2024-02,casual,Saturday,4,12
2024-02,casual,Saturday,5,19
2024-02,casual,Saturday,6,28
2024-02,casual,Saturday,7,61
2024-02,casual,Saturday,8,129
2024-02,casual,Saturday,9,216
2024-02,casual,Saturday,10,284
2024-02,casual,Saturday,11,335
2024-02,casual,Saturday,12,469
2024-02,casual,Saturday,13,415
2024-02,casual,Saturday,14,432
2024-02,casual,Saturday,15,424
2024-02,casual,Saturday,16,452
2024-02,casual,Saturday,17,365
2024-02,casual,Saturday,18,290
2024-02,casual,Saturday,19,212
2024-02,casual,Saturday,20,142
2024-02,casual,Saturday,21,158
2024-02,casual,Saturday,22,135
2024-02,casual,Saturday,23,135
2024-02,member,Sunday,0,235
2024-02,member,Sunday,1,154
2024-02,member,Sunday,2,105
2024-02,member,Sunday,3,57
2024-02,member,Sunday,4,40
2024-02,member,Sunday,5,45
2024-02,member,Sunday,6,154
2024-02,member,Sunday,7,295
2024-02,member,Sunday,8,498
2024-02,member,Sunday,9,802
2024-02,member,Sunday,10,1018
2024-02,member,Sunday,11,1279
2024-02,member,Sunday,12,1442
2024-02,member,Sunday,13,1429
2024-02,member,Sunday,14,1579
2024-02,member,Sunday,15,1648
2024-02,member,Sunday,16,1547
2024-02,member,Sunday,17,1327
2024-02,member,Sunday,18,826
2024-02,member,Sunday,19,618
2024-02,member,Sunday,20,493
2024-02,member,Sunday,21,468
2024-02,member,Sunday,22,441
2024-02,member,Sunday,23,209
2024-02,member,Monday,0,103
2024-02,member,Monday,1,65
2024-02,member,Monday,2,31
2024-02,member,Monday,3,28
2024-02,member,Monday,4,59
2024-02,member,Monday,5,276
2024-02,member,Monday,6,920
2024-02,member,Monday,7,1585
2024-02,member,Monday,8,1918
2024-02,member,Monday,9,1027
2024-02,member,Monday,10,860
2024-02,member,Monday,11,1137
2024-02,member,Monday,12,1294
2024-02,member,Monday,13,1376
2024-02,member,Monday,14,1351
2024-02,member,Monday,15,1892
2024-02,member,Monday,16,2684
2024-02,member,Monday,17,3204
2024-02,member,Monday,18,2022
2024-02,member,Monday,19,1300
2024-02,member,Monday,20,907
2024-02,member,Monday,21,687
2024-02,member,Monday,22,361
2024-02,member,Monday,23,204
2024-02,member,Tuesday,0,115
2024-02,member,Tuesday,1,52
2024-02,member,Tuesday,2,14
2024-02,member,Tuesday,3,18
2024-02,member,Tuesday,4,73
2024-02,member,Tuesday,5,355
2024-02,member,Tuesday,6,1280
2024-02,member,Tuesday,7,2418
2024-02,member,Tuesday,8,2940
2024-02,member,Tuesday,9,1491
2024-02,member,Tuesday,10,951
2024-02,member,Tuesday,11,1158
2024-02,member,Tuesday,12,1471
2024-02,member,Tuesday,13,1399
2024-02,member,Tuesday,14,1541
2024-02,member,Tuesday,15,2220
2024-02,member,Tuesday,16,3444
2024-02,member,Tuesday,17,3872
2024-02,member,Tuesday,18,2415
2024-02,member,Tuesday,19,1376
2024-02,member,Tuesday,20,803
2024-02,member,Tuesday,21,691
2024-02,member,Tuesday,22,396
2024-02,member,Tuesday,23,205
2024-02,member,Wednesday,0,105
2024-02,member,Wednesday,1,51
2024-02,member,Wednesday,2,49
2024-02,member,Wednesday,3,34
2024-02,member,Wednesday,4,57
2024-02,member,Wednesday,5,356
2024-02,member,Wednesday,6,1189
2024-02,member,Wednesday,7,2172
2024-02,member,Wednesday,8,2682
2024-02,member,Wednesday,9,1315
2024-02,member,Wednesday,10,919
2024-02,member,Wednesday,11,1063
2024-02,member,Wednesday,12,1357
2024-02,member,Wednesday,13,1275
2024-02,member,Wednesday,14,1431
2024-02,member,Wednesday,15,1950
2024-02,member,Wednesday,16,3104
2024-02,member,Wednesday,17,3572
2024-02,member,Wednesday,18,2101
2024-02,member,Wednesday,19,1322
2024-02,member,Wednesday,20,964
2024-02,member,Wednesday,21,703
2024-02,member,Wednesday,22,455
2024-02,member,Wednesday,23,252
2024-02,member,Thursday,0,159
2024-02,member,Thursday,1,66
2024-02,member,Thursday,2,40
2024-02,member,Thursday,3,38
2024-02,member,Thursday,4,90
2024-02,member,Thursday,5,365
2024-02,member,Thursday,6,1190
2024-02,member,Thursday,7,2465
2024-02,member,Thursday,8,3204
2024-02,member,Thursday,9,1697
2024-02,member,Thursday,10,1322
2024-02,member,Thursday,11,1486
2024-02,member,Thursday,12,1794
2024-02,member,Thursday,13,1815
2024-02,member,Thursday,14,1767
2024-02,member,Thursday,15,2464
2024-02,member,Thursday,16,3662
2024-02,member,Thursday,17,4284
2024-02,member,Thursday,18,2559
2024-02,member,Thursday,19,1599
2024-02,member,Thursday,20,1151
2024-02,member,Thursday,21,846
2024-02,member,Thursday,22,648
2024-02,member,Thursday,23,406
2024-02,member,Friday,0,152
2024-02,member,Friday,1,91
2024-02,member,Friday,2,53
2024-02,member,Friday,3,31
2024-02,member,Friday,4,62
2024-02,member,Friday,5,274
2024-02,member,Friday,6,808
2024-02,member,Friday,7,1473
2024-02,member,Friday,8,1653
2024-02,member,Friday,9,1175
2024-02,member,Friday,10,953
2024-02,member,Friday,11,1174
2024-02,member,Friday,12,1375
2024-02,member,Friday,13,1401
2024-02,member,Friday,14,1470
2024-02,member,Friday,15,1846
2024-02,member,Friday,16,2168
2024-02,member,Friday,17,2229
2024-02,member,Friday,18,1511
2024-02,member,Friday,19,945
2024-02,member,Friday,20,582
2024-02,member,Friday,21,443
2024-02,member,Friday,22,300
2024-02,member,Friday,23,268
2024-02,member,Saturday,0,199
2024-02,member,Saturday,1,136
2024-02,member,Saturday,2,65
2024-02,member,Saturday,3,46
2024-02,member,Saturday,4,39
2024-02,member,Saturday,5,47
2024-02,member,Saturday,6,148
2024-02,member,Saturday,7,320
2024-02,member,Saturday,8,563
2024-02,member,Saturday,9,823
2024-02,member,Saturday,10,1039
2024-02,member,Saturday,11,1038
2024-02,member,Saturday,12,1133
2024-02,member,Saturday,13,1201
2024-02,member,Saturday,14,1152
2024-02,member,Saturday,15,1088
2024-02,member,Saturday,16,1190
2024-02,member,Saturday,17,999
2024-02,member,Saturday,18,807
2024-02,member,Saturday,19,599
2024-02,member,Saturday,20,420
2024-02,member,Saturday,21,411
2024-02,member,Saturday,22,310
2024-02,member,Saturday,23,293
2024-03,casual,Sunday,0,329
2024-03,casual,Sunday,1,230
2024-03,casual,Sunday,2,112
2024-03,casual,Sunday,3,106
2024-03,casual,Sunday,4,52
2024-03,casual,Sunday,5,58
2024-03,casual,Sunday,6,101
2024-03,casual,Sunday,7,175
2024-03,casual,Sunday,8,268
2024-03,casual,Sunday,9,551
2024-03,casual,Sunday,10,891
2024-03,casual,Sunday,11,1032
2024-03,casual,Sunday,12,1367
2024-03,casual,Sunday,13,1513
2024-03,casual,Sunday,14,1599
2024-03,casual,Sunday,15,1553
2024-03,casual,Sunday,16,1326
2024-03,casual,Sunday,17,1182
2024-03,casual,Sunday,18,677
2024-03,casual,Sunday,19,441
2024-03,casual,Sunday,20,315
2024-03,casual,Sunday,21,236
2024-03,casual,Sunday,22,199
2024-03,casual,Sunday,23,163
2024-03,casual,Monday,0,98
2024-03,casual,Monday,1,59
2024-03,casual,Monday,2,36
2024-03,casual,Monday,3,30
2024-03,casual,Monday,4,20
2024-03,casual,Monday,5,83
2024-03,casual,Monday,6,161
2024-03,casual,Monday,7,327
2024-03,casual,Monday,8,425
2024-03,casual,Monday,9,331
2024-03,casual,Monday,10,317
2024-03,casual,Monday,11,431
2024-03,casual,Monday,12,544
2024-03,casual,Monday,13,556
2024-03,casual,Monday,14,672
2024-03,casual,Monday,15,811
2024-03,casual,Monday,16,1165
2024-03,casual,Monday,17,1383
2024-03,casual,Monday,18,972
2024-03,casual,Monday,19,689
2024-03,casual,Monday,20,426
2024-03,casual,Monday,21,287
2024-03,casual,Monday,22,153
2024-03,casual,Monday,23,100
2024-03,casual,Tuesday,0,57
2024-03,casual,Tuesday,1,31
2024-03,casual,Tuesday,2,21
2024-03,casual,Tuesday,3,11
2024-03,casual,Tuesday,4,27
2024-03,casual,Tuesday,5,54
2024-03,casual,Tuesday,6,115
2024-03,casual,Tuesday,7,313
2024-03,casual,Tuesday,8,505
2024-03,casual,Tuesday,9,338
2024-03,casual,Tuesday,10,341
2024-03,casual,Tuesday,11,426
2024-03,casual,Tuesday,12,515
2024-03,casual,Tuesday,13,559
2024-03,casual,Tuesday,14,602
2024-03,casual,Tuesday,15,735
2024-03,casual,Tuesday,16,1077
2024-03,casual,Tuesday,17,1252
2024-03,casual,Tuesday,18,959
2024-03,casual,Tuesday,19,575
2024-03,casual,Tuesday,20,360
2024-03,casual,Tuesday,21,308
2024-03,casual,Tuesday,22,261
2024-03,casual,Tuesday,23,183
2024-03,casual,Wednesday,0,94
2024-03,casual,Wednesday,1,52
2024-03,casual,Wednesday,2,22
2024-03,casual,Wednesday,3,12
2024-03,casual,Wednesday,4,28
2024-03,casual,Wednesday,5,74
2024-03,casual,Wednesday,6,153
2024-03,casual,Wednesday,7,366
2024-03,casual,Wednesday,8,526
2024-03,casual,Wednesday,9,375
2024-03,casual,Wednesday,10,334
2024-03,casual,Wednesday,11,367
2024-03,casual,Wednesday,12,567
2024-03,casual,Wednesday,13,526
2024-03,casual,Wednesday,14,625
2024-03,casual,Wednesday,15,697
2024-03,casual,Wednesday,16,929
2024-03,casual,Wednesday,17,1021
2024-03,casual,Wednesday,18,733
2024-03,casual,Wednesday,19,399
2024-03,casual,Wednesday,20,290
2024-03,casual,Wednesday,21,250
2024-03,casual,Wednesday,22,194
2024-03,casual,Wednesday,23,141
2024-03,casual,Thursday,0,83
2024-03,casual,Thursday,1,49
2024-03,casual,Thursday,2,47
2024-03,casual,Thursday,3,16
2024-03,casual,Thursday,4,22
2024-03,casual,Thursday,5,61
2024-03,casual,Thursday,6,129
2024-03,casual,Thursday,7,261
2024-03,casual,Thursday,8,427
2024-03,casual,Thursday,9,266
2024-03,casual,Thursday,10,249
2024-03,casual,Thursday,11,341
2024-03,casual,Thursday,12,512
2024-03,casual,Thursday,13,543
2024-03,casual,Thursday,14,552
2024-03,casual,Thursday,15,645
2024-03,casual,Thursday,16,847
2024-03,casual,Thursday,17,1024
2024-03,casual,Thursday,18,784
2024-03,casual,Thursday,19,509
2024-03,casual,Thursday,20,336
2024-03,casual,Thursday,21,307
2024-03,casual,Thursday,22,233
2024-03,casual,Thursday,23,237
2024-03,casual,Friday,0,176
2024-03,casual,Friday,1,76
2024-03,casual,Friday,2,65
2024-03,casual,Friday,3,27
2024-03,casual,Friday,4,32
2024-03,casual,Friday,5,73
2024-03,casual,Friday,6,127
2024-03,casual,Friday,7,239
2024-03,casual,Friday,8,355
2024-03,casual,Friday,9,297
2024-03,casual,Friday,10,392
2024-03,casual,Friday,11,480
2024-03,casual,Friday,12,642
2024-03,casual,Friday,13,702
2024-03,casual,Friday,14,789
2024-03,casual,Friday,15,859
2024-03,casual,Friday,16,829
2024-03,casual,Friday,17,894
2024-03,casual,Friday,18,791
2024-03,casual,Friday,19,487
2024-03,casual,Friday,20,325
2024-03,casual,Friday,21,256
2024-03,casual,Friday,22,251
2024-03,casual,Friday,23,312
2024-03,casual,Saturday,0,255
2024-03,casual,Saturday,1,175
2024-03,casual,Saturday,2,103
2024-03,casual,Saturday,3,46
2024-03,casual,Saturday,4,35
2024-03,casual,Saturday,5,42
2024-03,casual,Saturday,6,51
2024-03,casual,Saturday,7,156
2024-03,casual,Saturday,8,455
2024-03,casual,Saturday,9,793
2024-03,casual,Saturday,10,1122
2024-03,casual,Saturday,11,1540
2024-03,casual,Saturday,12,1815
2024-03,casual,Saturday,13,1945
2024-03,casual,Saturday,14,2150
2024-03,casual,Saturday,15,1970
2024-03,casual,Saturday,16,1683
2024-03,casual,Saturday,17,1445
2024-03,casual,Saturday,18,1037
2024-03,casual,Saturday,19,794
2024-03,casual,Saturday,20,488
2024-03,casual,Saturday,21,511
2024-03,casual,Saturday,22,430
2024-03,casual,Saturday,23,368
2024-03,member,Sunday,0,504
2024-03,member,Sunday,1,313
2024-03,member,Sunday,2,154
2024-03,member,Sunday,3,120
2024-03,member,Sunday,4,84
2024-03,member,Sunday,5,89
2024-03,member,Sunday,6,233
2024-03,member,Sunday,7,518
2024-03,member,Sunday,8,823
2024-03,member,Sunday,9,1229
2024-03,member,Sunday,10,1767
2024-03,member,Sunday,11,1907
2024-03,member,Sunday,12,2138
2024-03,member,Sunday,13,2244
2024-03,member,Sunday,14,2331
2024-03,member,Sunday,15,2241
2024-03,member,Sunday,16,2187
2024-03,member,Sunday,17,1950
2024-03,member,Sunday,18,1634
2024-03,member,Sunday,19,1166
2024-03,member,Sunday,20,749
2024-03,member,Sunday,21,600
2024-03,member,Sunday,22,401
2024-03,member,Sunday,23,227
2024-03,member,Monday,0,136
2024-03,member,Monday,1,77
2024-03,member,Monday,2,30
2024-03,member,Monday,3,39
2024-03,member,Monday,4,101
2024-03,member,Monday,5,336
2024-03,member,Monday,6,1144
2024-03,member,Monday,7,2066
2024-03,member,Monday,8,2610
2024-03,member,Monday,9,1338
2024-03,member,Monday,10,1066
2024-03,member,Monday,11,1222
2024-03,member,Monday,12,1434
2024-03,member,Monday,13,1449
2024-03,member,Monday,14,1518
2024-03,member,Monday,15,2083
2024-03,member,Monday,16,3337
2024-03,member,Monday,17,4526
2024-03,member,Monday,18,3182
2024-03,member,Monday,19,1953
2024-03,member,Monday,20,1205
2024-03,member,Monday,21,776
2024-03,member,Monday,22,342
2024-03,member,Monday,23,182
2024-03,member,Tuesday,0,88
2024-03,member,Tuesday,1,55
2024-03,member,Tuesday,2,30
2024-03,member,Tuesday,3,28
2024-03,member,Tuesday,4,88
2024-03,member,Tuesday,5,340
2024-03,member,Tuesday,6,1003
2024-03,member,Tuesday,7,2268
2024-03,member,Tuesday,8,3247
2024-03,member,Tuesday,9,1678
2024-03,member,Tuesday,10,1071
2024-03,member,Tuesday,11,1179
2024-03,member,Tuesday,12,1438
2024-03,member,Tuesday,13,1407
2024-03,member,Tuesday,14,1532
2024-03,member,Tuesday,15,2171
2024-03,member,Tuesday,16,3634
2024-03,member,Tuesday,17,4557
2024-03,member,Tuesday,18,3145
2024-03,member,Tuesday,19,1810
2024-03,member,Tuesday,20,1269
2024-03,member,Tuesday,21,982
2024-03,member,Tuesday,22,622
2024-03,member,Tuesday,23,311
2024-03,member,Wednesday,0,126
2024-03,member,Wednesday,1,69
2024-03,member,Wednesday,2,32
2024-03,member,Wednesday,3,39
2024-03,member,Wednesday,4,59
2024-03,member,Wednesday,5,352
2024-03,member,Wednesday,6,1182
2024-03,member,Wednesday,7,2410
2024-03,member,Wednesday,8,3206
2024-03,member,Wednesday,9,1617
2024-03,member,Wednesday,10,1047
2024-03,member,Wednesday,11,1296
2024-03,member,Wednesday,12,1490
2024-03,member,Wednesday,13,1453
2024-03,member,Wednesday,14,1515
2024-03,member,Wednesday,15,2026
2024-03,member,Wednesday,16,3351
2024-03,member,Wednesday,17,4184
2024-03,member,Wednesday,18,2839
2024-03,member,Wednesday,19,1743
2024-03,member,Wednesday,20,1192
2024-03,member,Wednesday,21,835
2024-03,member,Wednesday,22,558
2024-03,member,Wednesday,23,331
2024-03,member,Thursday,0,155
2024-03,member,Thursday,1,74
2024-03,member,Thursday,2,48
2024-03,member,Thursday,3,47
2024-03,member,Thursday,4,64
2024-03,member,Thursday,5,278
2024-03,member,Thursday,6,899
2024-03,member,Thursday,7,1800
2024-03,member,Thursday,8,2301
2024-03,member,Thursday,9,1385
2024-03,member,Thursday,10,937
2024-03,member,Thursday,11,1129
2024-03,member,Thursday,12,1429
2024-03,member,Thursday,13,1528
2024-03,member,Thursday,14,1484
2024-03,member,Thursday,15,2021
2024-03,member,Thursday,16,2872
2024-03,member,Thursday,17,3826
2024-03,member,Thursday,18,2646
2024-03,member,Thursday,19,1757
2024-03,member,Thursday,20,1151
2024-03,member,Thursday,21,869
2024-03,member,Thursday,22,668
2024-03,member,Thursday,23,481
2024-03,member,Friday,0,293
2024-03,member,Friday,1,119
2024-03,member,Friday,2,78
2024-03,member,Friday,3,67
2024-03,member,Friday,4,96
2024-03,member,Friday,5,333
2024-03,member,Friday,6,1005
2024-03,member,Friday,7,1507
2024-03,member,Friday,8,1938
2024-03,member,Friday,9,1297
2024-03,member,Friday,10,1073
2024-03,member,Friday,11,1347
2024-03,member,Friday,12,1511
2024-03,member,Friday,13,1694
2024-03,member,Friday,14,1784
2024-03,member,Friday,15,2085
2024-03,member,Friday,16,2502
2024-03,member,Friday,17,2737
2024-03,member,Friday,18,2205
2024-03,member,Friday,19,1372
2024-03,member,Friday,20,948
2024-03,member,Friday,21,734
2024-03,member,Friday,22,627
2024-03,member,Friday,23,581
2024-03,member,Saturday,0,450
2024-03,member,Saturday,1,261
2024-03,member,Saturday,2,122
2024-03,member,Saturday,3,73
2024-03,member,Saturday,4,63
2024-03,member,Saturday,5,81
2024-03,member,Saturday,6,274
2024-03,member,Saturday,7,650
2024-03,member,Saturday,8,1171
2024-03,member,Saturday,9,1854
2024-03,member,Saturday,10,2176
2024-03,member,Saturday,11,2465
2024-03,member,Saturday,12,2822
2024-03,member,Saturday,13,2897
2024-03,member,Saturday,14,2817
2024-03,member,Saturday,15,2676
2024-03,member,Saturday,16,2375
2024-03,member,Saturday,17,2240
2024-03,member,Saturday,18,1877
2024-03,member,Saturday,19,1396
2024-03,member,Saturday,20,991
2024-03,member,Saturday,21,823
2024-03,member,Saturday,22,778
2024-03,member,Saturday,23,587
2024-04,casual,Sunday,0,622
2024-04,casual,Sunday,1,377
2024-04,casual,Sunday,2,191
2024-04,casual,Sunday,3,117
2024-04,casual,Sunday,4,63
2024-04,casual,Sunday,5,57
2024-04,casual,Sunday,6,84
2024-04,casual,Sunday,7,174
2024-04,casual,Sunday,8,367
2024-04,casual,Sunday,9,814
2024-04,casual,Sunday,10,1273
2024-04,casual,Sunday,11,1720
2024-04,casual,Sunday,12,2229
2024-04,casual,Sunday,13,2501
2024-04,casual,Sunday,14,2389
2024-04,casual,Sunday,15,2511
2024-04,casual,Sunday,16,2462
2024-04,casual,Sunday,17,1927
2024-04,casual,Sunday,18,1623
2024-04,casual,Sunday,19,1097
2024-04,casual,Sunday,20,738
2024-04,casual,Sunday,21,480
2024-04,casual,Sunday,22,398
2024-04,casual,Sunday,23,247
2024-04,casual,Monday,0,169
2024-04,casual,Monday,1,93
2024-04,casual,Monday,2,45
2024-04,casual,Monday,3,44
2024-04,casual,Monday,4,26
2024-04,casual,Monday,5,75
2024-04,casual,Monday,6,207
2024-04,casual,Monday,7,473
2024-04,casual,Monday,8,717
2024-04,casual,Monday,9,601
2024-04,casual,Monday,10,785
2024-04,casual,Monday,11,1029
2024-04,casual,Monday,12,1281
2024-04,casual,Monday,13,1524
2024-04,casual,Monday,14,1444
2024-04,casual,Monday,15,1495
2024-04,casual,Monday,16,1797
2024-04,casual,Monday,17,2219
2024-04,casual,Monday,18,1871
2024-04,casual,Monday,19,1344
2024-04,casual,Monday,20,839
2024-04,casual,Monday,21,549
2024-04,casual,Monday,22,425
2024-04,casual,Monday,23,259
2024-04,casual,Tuesday,0,166
2024-04,casual,Tuesday,1,96
2024-04,casual,Tuesday,2,56
2024-04,casual,Tuesday,3,39
2024-04,casual,Tuesday,4,37
2024-04,casual,Tuesday,5,114
2024-04,casual,Tuesday,6,353
2024-04,casual,Tuesday,7,728
2024-04,casual,Tuesday,8,936
2024-04,casual,Tuesday,9,671
2024-04,casual,Tuesday,10,685
2024-04,casual,Tuesday,11,752
2024-04,casual,Tuesday,12,909
2024-04,casual,Tuesday,13,1048
2024-04,casual,Tuesday,14,1054
2024-04,casual,Tuesday,15,1344
2024-04,casual,Tuesday,16,2385
2024-04,casual,Tuesday,17,2233
2024-04,casual,Tuesday,18,1777
2024-04,casual,Tuesday,19,1160
2024-04,casual,Tuesday,20,747
2024-04,casual,Tuesday,21,659
2024-04,casual,Tuesday,22,427
2024-04,casual,Tuesday,23,223
2024-04,casual,Wednesday,0,110
2024-04,casual,Wednesday,1,74
2024-04,casual,Wednesday,2,42
2024-04,casual,Wednesday,3,24
2024-04,casual,Wednesday,4,31
2024-04,casual,Wednesday,5,83
2024-04,casual,Wednesday,6,236
2024-04,casual,Wednesday,7,483
2024-04,casual,Wednesday,8,673
2024-04,casual,Wednesday,9,420
2024-04,casual,Wednesday,10,372
2024-04,casual,Wednesday,11,458
2024-04,casual,Wednesday,12,481
2024-04,casual,Wednesday,13,547
2024-04,casual,Wednesday,14,637
2024-04,casual,Wednesday,15,791
2024-04,casual,Wednesday,16,1089
2024-04,casual,Wednesday,17,1308
2024-04,casual,Wednesday,18,1031
2024-04,casual,Wednesday,19,683
2024-04,casual,Wednesday,20,491
2024-04,casual,Wednesday,21,374
2024-04,casual,Wednesday,22,274
2024-04,casual,Wednesday,23,214
2024-04,casual,Thursday,0,116
2024-04,casual,Thursday,1,62
2024-04,casual,Thursday,2,43
2024-04,casual,Thursday,3,28
2024-04,casual,Thursday,4,33
2024-04,casual,Thursday,5,78
2024-04,casual,Thursday,6,196
2024-04,casual,Thursday,7,424
2024-04,casual,Thursday,8,592
2024-04,casual,Thursday,9,464
2024-04,casual,Thursday,10,371
2024-04,casual,Thursday,11,416
2024-04,casual,Thursday,12,591
2024-04,casual,Thursday,13,503
2024-04,casual,Thursday,14,582
2024-04,casual,Thursday,15,844
2024-04,casual,Thursday,16,1093
2024-04,casual,Thursday,17,1353
2024-04,casual,Thursday,18,986
2024-04,casual,Thursday,19,596
2024-04,casual,Thursday,20,404
2024-04,casual,Thursday,21,348
2024-04,casual,Thursday,22,335
2024-04,casual,Thursday,23,209
2024-04,casual,Friday,0,173
2024-04,casual,Friday,1,86
2024-04,casual,Friday,2,55
2024-04,casual,Friday,3,36
2024-04,casual,Friday,4,36
2024-04,casual,Friday,5,79
2024-04,casual,Friday,6,192
2024-04,casual,Friday,7,357
2024-04,casual,Friday,8,569
2024-04,casual,Friday,9,502
2024-04,casual,Friday,10,623
2024-04,casual,Friday,11,770
2024-04,casual,Friday,12,1043
2024-04,casual,Friday,13,1047
2024-04,casual,Friday,14,839
2024-04,casual,Friday,15,1107
2024-04,casual,Friday,16,1084
2024-04,casual,Friday,17,1221
2024-04,casual,Friday,18,1131
2024-04,casual,Friday,19,892
2024-04,casual,Friday,20,586
2024-04,casual,Friday,21,468
2024-04,casual,Friday,22,474
2024-04,casual,Friday,23,408
2024-04,casual,Saturday,0,329
2024-04,casual,Saturday,1,233
2024-04,casual,Saturday,2,154
2024-04,casual,Saturday,3,90
2024-04,casual,Saturday,4,52
2024-04,casual,Saturday,5,47
2024-04,casual,Saturday,6,117
2024-04,casual,Saturday,7,237
2024-04,casual,Saturday,8,639
2024-04,casual,Saturday,9,1077
2024-04,casual,Saturday,10,1616
2024-04,casual,Saturday,11,2033
2024-04,casual,Saturday,12,2527
2024-04,casual,Saturday,13,2639
2024-04,casual,Saturday,14,2912
2024-04,casual,Saturday,15,2792
2024-04,casual,Saturday,16,2797
2024-04,casual,Saturday,17,2507
2024-04,casual,Saturday,18,2084
2024-04,casual,Saturday,19,1594
2024-04,casual,Saturday,20,937
2024-04,casual,Saturday,21,961
2024-04,casual,Saturday,22,801
2024-04,casual,Saturday,23,682
2024-04,member,Sunday,0,599
2024-04,member,Sunday,1,383
2024-04,member,Sunday,2,195
2024-04,member,Sunday,3,99
2024-04,member,Sunday,4,79
2024-04,member,Sunday,5,105
2024-04,member,Sunday,6,220
2024-04,member,Sunday,7,435
2024-04,member,Sunday,8,901
2024-04,member,Sunday,9,1376
2024-04,member,Sunday,10,2013
2024-04,member,Sunday,11,2165
2024-04,member,Sunday,12,2724
2024-04,member,Sunday,13,2705
2024-04,member,Sunday,14,2628
2024-04,member,Sunday,15,2449
2024-04,member,Sunday,16,2481
2024-04,member,Sunday,17,2373
2024-04,member,Sunday,18,2164
2024-04,member,Sunday,19,1709
2024-04,member,Sunday,20,1114
2024-04,member,Sunday,21,771
2024-04,member,Sunday,22,511
2024-04,member,Sunday,23,367
2024-04,member,Monday,0,195
2024-04,member,Monday,1,92
2024-04,member,Monday,2,60
2024-04,member,Monday,3,52
2024-04,member,Monday,4,106
2024-04,member,Monday,5,388
2024-04,member,Monday,6,1468
2024-04,member,Monday,7,2720
2024-04,member,Monday,8,3794
2024-04,member,Monday,9,2150
2024-04,member,Monday,10,1726
2024-04,member,Monday,11,2157
2024-04,member,Monday,12,2748
2024-04,member,Monday,13,2631
2024-04,member,Monday,14,2592
2024-04,member,Monday,15,3046
2024-04,member,Monday,16,4673
2024-04,member,Monday,17,6115
2024-04,member,Monday,18,4737
2024-04,member,Monday,19,2929
2024-04,member,Monday,20,1911
2024-04,member,Monday,21,1305
2024-04,member,Monday,22,776
2024-04,member,Monday,23,431
2024-04,member,Tuesday,0,222
2024-04,member,Tuesday,1,96
2024-04,member,Tuesday,2,64
2024-04,member,Tuesday,3,49
2024-04,member,Tuesday,4,116
2024-04,member,Tuesday,5,583
2024-04,member,Tuesday,6,1962
2024-04,member,Tuesday,7,4233
2024-04,member,Tuesday,8,4979
2024-04,member,Tuesday,9,2502
2024-04,member,Tuesday,10,1713
2024-04,member,Tuesday,11,1942
2024-04,member,Tuesday,12,2369
2024-04,member,Tuesday,13,2342
2024-04,member,Tuesday,14,2306
2024-04,member,Tuesday,15,3522
2024-04,member,Tuesday,16,6043
2024-04,member,Tuesday,17,6282
2024-04,member,Tuesday,18,4556
2024-04,member,Tuesday,19,3056
2024-04,member,Tuesday,20,2031
2024-04,member,Tuesday,21,1591
2024-04,member,Tuesday,22,967
2024-04,member,Tuesday,23,492
2024-04,member,Wednesday,0,186
2024-04,member,Wednesday,1,90
2024-04,member,Wednesday,2,46
2024-04,member,Wednesday,3,45
2024-04,member,Wednesday,4,77
2024-04,member,Wednesday,5,389
2024-04,member,Wednesday,6,1361
2024-04,member,Wednesday,7,2706
2024-04,member,Wednesday,8,3143
2024-04,member,Wednesday,9,1751
2024-04,member,Wednesday,10,1237
2024-04,member,Wednesday,11,1436
2024-04,member,Wednesday,12,1564
2024-04,member,Wednesday,13,1507
2024-04,member,Wednesday,14,1602
2024-04,member,Wednesday,15,2142
2024-04,member,Wednesday,16,3509
2024-04,member,Wednesday,17,4404
2024-04,member,Wednesday,18,3235
2024-04,member,Wednesday,19,2117
2024-04,member,Wednesday,20,1459
2024-04,member,Wednesday,21,1050
2024-04,member,Wednesday,22,715
2024-04,member,Wednesday,23,385
2024-04,member,Thursday,0,230
2024-04,member,Thursday,1,65
2024-04,member,Thursday,2,49
2024-04,member,Thursday,3,31
2024-04,member,Thursday,4,56
2024-04,member,Thursday,5,354
2024-04,member,Thursday,6,1204
2024-04,member,Thursday,7,2467
2024-04,member,Thursday,8,3200
2024-04,member,Thursday,9,1838
2024-04,member,Thursday,10,1194
2024-04,member,Thursday,11,1436
2024-04,member,Thursday,12,1677
2024-04,member,Thursday,13,1652
2024-04,member,Thursday,14,1623
2024-04,member,Thursday,15,2461
2024-04,member,Thursday,16,3737
2024-04,member,Thursday,17,4537
2024-04,member,Thursday,18,3183
2024-04,member,Thursday,19,1850
2024-04,member,Thursday,20,1314
2024-04,member,Thursday,21,1050
2024-04,member,Thursday,22,776
2024-04,member,Thursday,23,433
2024-04,member,Friday,0,253
2024-04,member,Friday,1,142
2024-04,member,Friday,2,64
2024-04,member,Friday,3,63
2024-04,member,Friday,4,74
2024-04,member,Friday,5,329
2024-04,member,Friday,6,1146
2024-04,member,Friday,7,2014
2024-04,member,Friday,8,2346
2024-04,member,Friday,9,1585
2024-04,member,Friday,10,1441
2024-04,member,Friday,11,1686
2024-04,member,Friday,12,2017
2024-04,member,Friday,13,2058
2024-04,member,Friday,14,1811
2024-04,member,Friday,15,2205
2024-04,member,Friday,16,2625
2024-04,member,Friday,17,3105
2024-04,member,Friday,18,2773
2024-04,member,Friday,19,2083
2024-04,member,Friday,20,1396
2024-04,member,Friday,21,1050
2024-04,member,Friday,22,811
2024-04,member,Friday,23,630
2024-04,member,Saturday,0,467
2024-04,member,Saturday,1,319
2024-04,member,Saturday,2,188
2024-04,member,Saturday,3,96
2024-04,member,Saturday,4,85
2024-04,member,Saturday,5,104
2024-04,member,Saturday,6,353
2024-04,member,Saturday,7,647
2024-04,member,Saturday,8,1214
2024-04,member,Saturday,9,1966
2024-04,member,Saturday,10,2345
2024-04,member,Saturday,11,2652
2024-04,member,Saturday,12,2953
2024-04,member,Saturday,13,3063
2024-04,member,Saturday,14,2965
2024-04,member,Saturday,15,2894
2024-04,member,Saturday,16,2932
2024-04,member,Saturday,17,2865
2024-04,member,Saturday,18,2582
2024-04,member,Saturday,19,2054
2024-04,member,Saturday,20,1339
2024-04,member,Saturday,21,1198
2024-04,member,Saturday,22,1016
2024-04,member,Saturday,23,751
2024-05,casual,Sunday,0,971
2024-05,casual,Sunday,1,659
2024-05,casual,Sunday,2,490
2024-05,casual,Sunday,3,219
2024-05,casual,Sunday,4,151
2024-05,casual,Sunday,5,155
2024-05,casual,Sunday,6,280
2024-05,casual,Sunday,7,476
2024-05,casual,Sunday,8,814
2024-05,casual,Sunday,9,1224
2024-05,casual,Sunday,10,1643
2024-05,casual,Sunday,11,1961
2024-05,casual,Sunday,12,2426
2024-05,casual,Sunday,13,2622
2024-05,casual,Sunday,14,2737
2024-05,casual,Sunday,15,3055
2024-05,casual,Sunday,16,3052
2024-05,casual,Sunday,17,2902
2024-05,casual,Sunday,18,2391
2024-05,casual,Sunday,19,1910
2024-05,casual,Sunday,20,1156
2024-05,casual,Sunday,21,890
2024-05,casual,Sunday,22,651
2024-05,casual,Sunday,23,481
2024-05,casual,Monday,0,335
2024-05,casual,Monday,1,231
2024-05,casual,Monday,2,180
2024-05,casual,Monday,3,107
2024-05,casual,Monday,4,63
2024-05,casual,Monday,5,118
2024-05,casual,Monday,6,323
2024-05,casual,Monday,7,589
2024-05,casual,Monday,8,809
2024-05,casual,Monday,9,910
2024-05,casual,Monday,10,1027
2024-05,casual,Monday,11,1468
2024-05,casual,Monday,12,1681
2024-05,casual,Monday,13,1939
2024-05,casual,Monday,14,1846
2024-05,casual,Monday,15,1811
2024-05,casual,Monday,16,1938
2024-05,casual,Monday,17,2170
2024-05,casual,Monday,18,1942
2024-05,casual,Monday,19,1408
2024-05,casual,Monday,20,923
2024-05,casual,Monday,21,788
2024-05,casual,Monday,22,549
2024-05,casual,Monday,23,315
2024-05,casual,Tuesday,0,212
2024-05,casual,Tuesday,1,138
2024-05,casual,Tuesday,2,75
2024-05,casual,Tuesday,3,44
2024-05,casual,Tuesday,4,41
2024-05,casual,Tuesday,5,144
2024-05,casual,Tuesday,6,394
2024-05,casual,Tuesday,7,795
2024-05,casual,Tuesday,8,887
2024-05,casual,Tuesday,9,569
2024-05,casual,Tuesday,10,657
2024-05,casual,Tuesday,11,878
2024-05,casual,Tuesday,12,1129
2024-05,casual,Tuesday,13,1137
2024-05,casual,Tuesday,14,967
2024-05,casual,Tuesday,15,1167
2024-05,casual,Tuesday,16,1671
2024-05,casual,Tuesday,17,2243
2024-05,casual,Tuesday,18,1862
2024-05,casual,Tuesday,19,1432
2024-05,casual,Tuesday,20,1003
2024-05,casual,Tuesday,21,849
2024-05,casual,Tuesday,22,594
2024-05,casual,Tuesday,23,300
2024-05,casual,Wednesday,0,284
2024-05,casual,Wednesday,1,142
2024-05,casual,Wednesday,2,82
2024-05,casual,Wednesday,3,49
2024-05,casual,Wednesday,4,45
2024-05,casual,Wednesday,5,184
2024-05,casual,Wednesday,6,536
2024-05,casual,Wednesday,7,1118
2024-05,casual,Wednesday,8,1423
2024-05,casual,Wednesday,9,935
2024-05,casual,Wednesday,10,1041
2024-05,casual,Wednesday,11,1397
2024-05,casual,Wednesday,12,1736
2024-05,casual,Wednesday,13,1570
2024-05,casual,Wednesday,14,1917
2024-05,casual,Wednesday,15,2206
2024-05,casual,Wednesday,16,3275
2024-05,casual,Wednesday,17,4095
2024-05,casual,Wednesday,18,3508
2024-05,casual,Wednesday,19,2428
2024-05,casual,Wednesday,20,1830
2024-05,casual,Wednesday,21,1332
2024-05,casual,Wednesday,22,886
2024-05,casual,Wednesday,23,416
2024-05,casual,Thursday,0,335
2024-05,casual,Thursday,1,219
2024-05,casual,Thursday,2,114
2024-05,casual,Thursday,3,59
2024-05,casual,Thursday,4,50
2024-05,casual,Thursday,5,161
2024-05,casual,Thursday,6,428
2024-05,casual,Thursday,7,856
2024-05,casual,Thursday,8,1196
2024-05,casual,Thursday,9,1001
2024-05,casual,Thursday,10,989
2024-05,casual,Thursday,11,1343
2024-05,casual,Thursday,12,1549
2024-05,casual,Thursday,13,1560
2024-05,casual,Thursday,14,1585
2024-05,casual,Thursday,15,1600
2024-05,casual,Thursday,16,2470
2024-05,casual,Thursday,17,3253
2024-05,casual,Thursday,18,2815
2024-05,casual,Thursday,19,2045
2024-05,casual,Thursday,20,1526
2024-05,casual,Thursday,21,1213
2024-05,casual,Thursday,22,938
2024-05,casual,Thursday,23,565
2024-05,casual,Friday,0,412
2024-05,casual,Friday,1,268
2024-05,casual,Friday,2,152
2024-05,casual,Friday,3,89
2024-05,casual,Friday,4,82
2024-05,casual,Friday,5,169
2024-05,casual,Friday,6,473
2024-05,casual,Friday,7,799
2024-05,casual,Friday,8,988
2024-05,casual,Friday,9,1152
2024-05,casual,Friday,10,1459
2024-05,casual,Friday,11,1934
2024-05,casual,Friday,12,2509
2024-05,casual,Friday,13,2244
2024-05,casual,Friday,14,2396
2024-05,casual,Friday,15,3016
2024-05,casual,Friday,16,3696
2024-05,casual,Friday,17,4089
2024-05,casual,Friday,18,3672
2024-05,casual,Friday,19,2745
2024-05,casual,Friday,20,1919
2024-05,casual,Friday,21,1299
2024-05,casual,Friday,22,1474
2024-05,casual,Friday,23,1148
2024-05,casual,Saturday,0,646
2024-05,casual,Saturday,1,505
2024-05,casual,Saturday,2,371
2024-05,casual,Saturday,3,185
2024-05,casual,Saturday,4,97
2024-05,casual,Saturday,5,121
2024-05,casual,Saturday,6,221
2024-05,casual,Saturday,7,496
2024-05,casual,Saturday,8,1067
2024-05,casual,Saturday,9,1792
2024-05,casual,Saturday,10,2801
2024-05,casual,Saturday,11,3540
2024-05,casual,Saturday,12,4136
2024-05,casual,Saturday,13,4372
2024-05,casual,Saturday,14,4283
2024-05,casual,Saturday,15,4543
2024-05,casual,Saturday,16,4460
2024-05,casual,Saturday,17,4033
2024-05,casual,Saturday,18,3273
2024-05,casual,Saturday,19,2083
2024-05,casual,Saturday,20,1539
2024-05,casual,Saturday,21,1383
2024-05,casual,Saturday,22,1593
2024-05,casual,Saturday,23,1119
2024-05,member,Sunday,0,834
2024-05,member,Sunday,1,557
2024-05,member,Sunday,2,342
2024-05,member,Sunday,3,191
2024-05,member,Sunday,4,124
2024-05,member,Sunday,5,204
2024-05,member,Sunday,6,468
2024-05,member,Sunday,7,694
2024-05,member,Sunday,8,1171
2024-05,member,Sunday,9,1841
2024-05,member,Sunday,10,2044
2024-05,member,Sunday,11,2207
2024-05,member,Sunday,12,2630
2024-05,member,Sunday,13,2766
2024-05,member,Sunday,14,2876
2024-05,member,Sunday,15,2915
2024-05,member,Sunday,16,3153
2024-05,member,Sunday,17,3015
2024-05,member,Sunday,18,2851
2024-05,member,Sunday,19,2338
2024-05,member,Sunday,20,1512
2024-05,member,Sunday,21,1056
2024-05,member,Sunday,22,762
2024-05,member,Sunday,23,495
2024-05,member,Monday,0,345
2024-05,member,Monday,1,206
2024-05,member,Monday,2,111
2024-05,member,Monday,3,78
2024-05,member,Monday,4,109
2024-05,member,Monday,5,451
2024-05,member,Monday,6,1341
2024-05,member,Monday,7,2376
2024-05,member,Monday,8,3067
2024-05,member,Monday,9,1963
2024-05,member,Monday,10,1616
2024-05,member,Monday,11,2103
2024-05,member,Monday,12,2355
2024-05,member,Monday,13,2368
2024-05,member,Monday,14,2397
2024-05,member,Monday,15,2545
2024-05,member,Monday,16,3748
2024-05,member,Monday,17,4500
2024-05,member,Monday,18,3774
2024-05,member,Monday,19,2547
2024-05,member,Monday,20,1709
2024-05,member,Monday,21,1306
2024-05,member,Monday,22,819
2024-05,member,Monday,23,403
2024-05,member,Tuesday,0,191
2024-05,member,Tuesday,1,131
2024-05,member,Tuesday,2,58
2024-05,member,Tuesday,3,62
2024-05,member,Tuesday,4,105
2024-05,member,Tuesday,5,607
2024-05,member,Tuesday,6,1915
2024-05,member,Tuesday,7,3682
2024-05,member,Tuesday,8,3847
2024-05,member,Tuesday,9,1705
2024-05,member,Tuesday,10,1278
2024-05,member,Tuesday,11,1858
2024-05,member,Tuesday,12,2165
2024-05,member,Tuesday,13,2094
2024-05,member,Tuesday,14,1756
2024-05,member,Tuesday,15,2657
2024-05,member,Tuesday,16,4603
2024-05,member,Tuesday,17,5937
2024-05,member,Tuesday,18,4099
2024-05,member,Tuesday,19,3024
2024-05,member,Tuesday,20,2096
2024-05,member,Tuesday,21,1512
2024-05,member,Tuesday,22,937
2024-05,member,Tuesday,23,479
2024-05,member,Wednesday,0,289
2024-05,member,Wednesday,1,159
2024-05,member,Wednesday,2,63
2024-05,member,Wednesday,3,92
2024-05,member,Wednesday,4,110
2024-05,member,Wednesday,5,722
2024-05,member,Wednesday,6,2433
2024-05,member,Wednesday,7,4784
2024-05,member,Wednesday,8,5726
2024-05,member,Wednesday,9,3173
2024-05,member,Wednesday,10,2306
2024-05,member,Wednesday,11,2708
2024-05,member,Wednesday,12,3202
2024-05,member,Wednesday,13,3181
2024-05,member,Wednesday,14,3213
2024-05,member,Wednesday,15,4409
2024-05,member,Wednesday,16,7234
2024-05,member,Wednesday,17,8985
2024-05,member,Wednesday,18,6574
2024-05,member,Wednesday,19,4557
2024-05,member,Wednesday,20,3213
2024-05,member,Wednesday,21,2322
2024-05,member,Wednesday,22,1504
2024-05,member,Wednesday,23,676
2024-05,member,Thursday,0,367
2024-05,member,Thursday,1,209
2024-05,member,Thursday,2,90
2024-05,member,Thursday,3,70
2024-05,member,Thursday,4,99
2024-05,member,Thursday,5,623
2024-05,member,Thursday,6,1957
2024-05,member,Thursday,7,3884
2024-05,member,Thursday,8,4889
2024-05,member,Thursday,9,2944
2024-05,member,Thursday,10,2064
2024-05,member,Thursday,11,2581
2024-05,member,Thursday,12,2946
2024-05,member,Thursday,13,3015
2024-05,member,Thursday,14,2691
2024-05,member,Thursday,15,3455
2024-05,member,Thursday,16,5457
2024-05,member,Thursday,17,6861
2024-05,member,Thursday,18,5421
2024-05,member,Thursday,19,3861
2024-05,member,Thursday,20,2919
2024-05,member,Thursday,21,2157
2024-05,member,Thursday,22,1399
2024-05,member,Thursday,23,802
2024-05,member,Friday,0,485
2024-05,member,Friday,1,267
2024-05,member,Friday,2,137
2024-05,member,Friday,3,97
2024-05,member,Friday,4,143
2024-05,member,Friday,5,599
2024-05,member,Friday,6,1779
2024-05,member,Friday,7,3077
2024-05,member,Friday,8,3469
2024-05,member,Friday,9,2551
2024-05,member,Friday,10,2374
2024-05,member,Friday,11,3007
2024-05,member,Friday,12,3408
2024-05,member,Friday,13,3250
2024-05,member,Friday,14,3566
2024-05,member,Friday,15,4566
2024-05,member,Friday,16,5891
2024-05,member,Friday,17,6453
2024-05,member,Friday,18,5772
2024-05,member,Friday,19,4032
2024-05,member,Friday,20,2792
2024-05,member,Friday,21,1890
2024-05,member,Friday,22,1661
2024-05,member,Friday,23,1259
2024-05,member,Saturday,0,693
2024-05,member,Saturday,1,452
2024-05,member,Saturday,2,268
2024-05,member,Saturday,3,202
2024-05,member,Saturday,4,113
2024-05,member,Saturday,5,183
2024-05,member,Saturday,6,468
2024-05,member,Saturday,7,1010
2024-05,member,Saturday,8,1817
2024-05,member,Saturday,9,2531
2024-05,member,Saturday,10,3162
2024-05,member,Saturday,11,3625
2024-05,member,Saturday,12,3874
2024-05,member,Saturday,13,3963
2024-05,member,Saturday,14,3773
2024-05,member,Saturday,15,3864
2024-05,member,Saturday,16,3803
2024-05,member,Saturday,17,3612
2024-05,member,Saturday,18,3420
2024-05,member,Saturday,19,2368
2024-05,member,Saturday,20,1733
2024-05,member,Saturday,21,1509
2024-05,member,Saturday,22,1404
2024-05,member,Saturday,23,1123
2024-06,casual,Sunday,0,1287
2024-06,casual,Sunday,1,850
2024-06,casual,Sunday,2,657
2024-06,casual,Sunday,3,401
2024-06,casual,Sunday,4,280
2024-06,casual,Sunday,5,253
2024-06,casual,Sunday,6,403
2024-06,casual,Sunday,7,597
2024-06,casual,Sunday,8,1259
2024-06,casual,Sunday,9,2209
2024-06,casual,Sunday,10,3524
2024-06,casual,Sunday,11,4397
2024-06,casual,Sunday,12,5136
2024-06,casual,Sunday,13,5588
2024-06,casual,Sunday,14,5807
2024-06,casual,Sunday,15,5858
2024-06,casual,Sunday,16,5770
2024-06,casual,Sunday,17,5045
2024-06,casual,Sunday,18,3954
2024-06,casual,Sunday,19,2980
2024-06,casual,Sunday,20,2370
2024-06,casual,Sunday,21,1607
2024-06,casual,Sunday,22,1232
2024-06,casual,Sunday,23,816
2024-06,casual,Monday,0,414
2024-06,casual,Monday,1,252
2024-06,casual,Monday,2,122
2024-06,casual,Monday,3,102
2024-06,casual,Monday,4,79
2024-06,casual,Monday,5,189
2024-06,casual,Monday,6,500
2024-06,casual,Monday,7,889
2024-06,casual,Monday,8,1150
2024-06,casual,Monday,9,959
2024-06,casual,Monday,10,1102
2024-06,casual,Monday,11,1382
2024-06,casual,Monday,12,1536
2024-06,casual,Monday,13,1560
2024-06,casual,Monday,14,1775
2024-06,casual,Monday,15,2027
2024-06,casual,Monday,16,2558
2024-06,casual,Monday,17,3300
2024-06,casual,Monday,18,3147
2024-06,casual,Monday,19,2325
2024-06,casual,Monday,20,1879
2024-06,casual,Monday,21,1051
2024-06,casual,Monday,22,756
2024-06,casual,Monday,23,432
2024-06,casual,Tuesday,0,320
2024-06,casual,Tuesday,1,176
2024-06,casual,Tuesday,2,106
2024-06,casual,Tuesday,3,63
2024-06,casual,Tuesday,4,49
2024-06,casual,Tuesday,5,187
2024-06,casual,Tuesday,6,518
2024-06,casual,Tuesday,7,934
2024-06,casual,Tuesday,8,1109
2024-06,casual,Tuesday,9,750
2024-06,casual,Tuesday,10,872
2024-06,casual,Tuesday,11,1142
2024-06,casual,Tuesday,12,1304
2024-06,casual,Tuesday,13,1457
2024-06,casual,Tuesday,14,1631
2024-06,casual,Tuesday,15,1930
2024-06,casual,Tuesday,16,2687
2024-06,casual,Tuesday,17,3393
2024-06,casual,Tuesday,18,3371
2024-06,casual,Tuesday,19,2481
2024-06,casual,Tuesday,20,1667
2024-06,casual,Tuesday,21,1378
2024-06,casual,Tuesday,22,1104
2024-06,casual,Tuesday,23,589
2024-06,casual,Wednesday,0,384
2024-06,casual,Wednesday,1,194
2024-06,casual,Wednesday,2,99
2024-06,casual,Wednesday,3,81
2024-06,casual,Wednesday,4,87
2024-06,casual,Wednesday,5,221
2024-06,casual,Wednesday,6,559
2024-06,casual,Wednesday,7,950
2024-06,casual,Wednesday,8,1290
2024-06,casual,Wednesday,9,997
2024-06,casual,Wednesday,10,1163
2024-06,casual,Wednesday,11,1673
2024-06,casual,Wednesday,12,1868
2024-06,casual,Wednesday,13,1941
2024-06,casual,Wednesday,14,2115
2024-06,casual,Wednesday,15,2420
2024-06,casual,Wednesday,16,3399
2024-06,casual,Wednesday,17,4258
2024-06,casual,Wednesday,18,4258
2024-06,casual,Wednesday,19,3270
2024-06,casual,Wednesday,20,2543
2024-06,casual,Wednesday,21,1912
2024-06,casual,Wednesday,22,1487
2024-06,casual,Wednesday,23,651
2024-06,casual,Thursday,0,452
2024-06,casual,Thursday,1,290
2024-06,casual,Thursday,2,181
2024-06,casual,Thursday,3,78
2024-06,casual,Thursday,4,93
2024-06,casual,Thursday,5,217
2024-06,casual,Thursday,6,579
2024-06,casual,Thursday,7,1045
2024-06,casual,Thursday,8,1289
2024-06,casual,Thursday,9,1010
2024-06,casual,Thursday,10,1162
2024-06,casual,Thursday,11,1565
2024-06,casual,Thursday,12,1749
2024-06,casual,Thursday,13,1886
2024-06,casual,Thursday,14,1987
2024-06,casual,Thursday,15,2251
2024-06,casual,Thursday,16,2944
2024-06,casual,Thursday,17,3904
2024-06,casual,Thursday,18,3409
2024-06,casual,Thursday,19,2581
2024-06,casual,Thursday,20,1989
2024-06,casual,Thursday,21,1494
2024-06,casual,Thursday,22,1236
2024-06,casual,Thursday,23,820
2024-06,casual,Friday,0,606
2024-06,casual,Friday,1,353
2024-06,casual,Friday,2,244
2024-06,casual,Friday,3,96
2024-06,casual,Friday,4,94
2024-06,casual,Friday,5,253
2024-06,casual,Friday,6,551
2024-06,casual,Friday,7,887
2024-06,casual,Friday,8,1070
2024-06,casual,Friday,9,1122
2024-06,casual,Friday,10,1363
2024-06,casual,Friday,11,1810
2024-06,casual,Friday,12,2292
2024-06,casual,Friday,13,2353
2024-06,casual,Friday,14,2486
2024-06,casual,Friday,15,2761
2024-06,casual,Friday,16,3522
2024-06,casual,Friday,17,3927
2024-06,casual,Friday,18,3456
2024-06,casual,Friday,19,2530
2024-06,casual,Friday,20,2068
2024-06,casual,Friday,21,1596
2024-06,casual,Friday,22,1601
2024-06,casual,Friday,23,1441
2024-06,casual,Saturday,0,1558
2024-06,casual,Saturday,1,1165
2024-06,casual,Saturday,2,674
2024-06,casual,Saturday,3,312
2024-06,casual,Saturday,4,174
2024-06,casual,Saturday,5,212
2024-06,casual,Saturday,6,402
2024-06,casual,Saturday,7,883
2024-06,casual,Saturday,8,1511
2024-06,casual,Saturday,9,2456
2024-06,casual,Saturday,10,3392
2024-06,casual,Saturday,11,4192
2024-06,casual,Saturday,12,4569
2024-06,casual,Saturday,13,4929
2024-06,casual,Saturday,14,4610
2024-06,casual,Saturday,15,4781
2024-06,casual,Saturday,16,4423
2024-06,casual,Saturday,17,3832
2024-06,casual,Saturday,18,3292
2024-06,casual,Saturday,19,2799
2024-06,casual,Saturday,20,2454
2024-06,casual,Saturday,21,2081
2024-06,casual,Saturday,22,2093
2024-06,casual,Saturday,23,1616
2024-06,member,Sunday,0,1003
2024-06,member,Sunday,1,629
2024-06,member,Sunday,2,466
2024-06,member,Sunday,3,298
2024-06,member,Sunday,4,181
2024-06,member,Sunday,5,288
2024-06,member,Sunday,6,604
2024-06,member,Sunday,7,1012
2024-06,member,Sunday,8,1801
2024-06,member,Sunday,9,2789
2024-06,member,Sunday,10,3815
2024-06,member,Sunday,11,4136
2024-06,member,Sunday,12,4843
2024-06,member,Sunday,13,4888
2024-06,member,Sunday,14,4746
2024-06,member,Sunday,15,4771
2024-06,member,Sunday,16,4917
2024-06,member,Sunday,17,4726
2024-06,member,Sunday,18,4118
2024-06,member,Sunday,19,3411
2024-06,member,Sunday,20,2491
2024-06,member,Sunday,21,1874
2024-06,member,Sunday,22,1143
2024-06,member,Sunday,23,654
2024-06,member,Monday,0,272
2024-06,member,Monday,1,165
2024-06,member,Monday,2,76
2024-06,member,Monday,3,100
2024-06,member,Monday,4,130
2024-06,member,Monday,5,617
2024-06,member,Monday,6,1944
2024-06,member,Monday,7,3415
2024-06,member,Monday,8,4050
2024-06,member,Monday,9,2229
2024-06,member,Monday,10,1716
2024-06,member,Monday,11,2007
2024-06,member,Monday,12,2032
2024-06,member,Monday,13,2076
2024-06,member,Monday,14,2254
2024-06,member,Monday,15,3090
2024-06,member,Monday,16,4966
2024-06,member,Monday,17,6699
2024-06,member,Monday,18,5343
2024-06,member,Monday,19,3964
2024-06,member,Monday,20,2819
2024-06,member,Monday,21,1617
2024-06,member,Monday,22,953
2024-06,member,Monday,23,482
2024-06,member,Tuesday,0,202
2024-06,member,Tuesday,1,130
2024-06,member,Tuesday,2,75
2024-06,member,Tuesday,3,43
2024-06,member,Tuesday,4,112
2024-06,member,Tuesday,5,702
2024-06,member,Tuesday,6,2187
2024-06,member,Tuesday,7,3582
2024-06,member,Tuesday,8,4078
2024-06,member,Tuesday,9,2296
2024-06,member,Tuesday,10,1583
2024-06,member,Tuesday,11,1963
2024-06,member,Tuesday,12,2345
2024-06,member,Tuesday,13,2365
2024-06,member,Tuesday,14,2371
2024-06,member,Tuesday,15,3262
2024-06,member,Tuesday,16,5636
2024-06,member,Tuesday,17,7113
2024-06,member,Tuesday,18,5693
2024-06,member,Tuesday,19,4039
2024-06,member,Tuesday,20,2697
2024-06,member,Tuesday,21,1990
2024-06,member,Tuesday,22,1290
2024-06,member,Tuesday,23,673
2024-06,member,Wednesday,0,279
2024-06,member,Wednesday,1,142
2024-06,member,Wednesday,2,64
2024-06,member,Wednesday,3,72
2024-06,member,Wednesday,4,102
2024-06,member,Wednesday,5,651
2024-06,member,Wednesday,6,1959
2024-06,member,Wednesday,7,3587
2024-06,member,Wednesday,8,4329
2024-06,member,Wednesday,9,2500
2024-06,member,Wednesday,10,2073
2024-06,member,Wednesday,11,2462
2024-06,member,Wednesday,12,2861
2024-06,member,Wednesday,13,2806
2024-06,member,Wednesday,14,2704
2024-06,member,Wednesday,15,3581
2024-06,member,Wednesday,16,5824
2024-06,member,Wednesday,17,7325
2024-06,member,Wednesday,18,5869
2024-06,member,Wednesday,19,4458
2024-06,member,Wednesday,20,3409
2024-06,member,Wednesday,21,2566
2024-06,member,Wednesday,22,1702
2024-06,member,Wednesday,23,792
2024-06,member,Thursday,0,339
2024-06,member,Thursday,1,148
2024-06,member,Thursday,2,103
2024-06,member,Thursday,3,70
2024-06,member,Thursday,4,120
2024-06,member,Thursday,5,705
2024-06,member,Thursday,6,2112
2024-06,member,Thursday,7,4117
2024-06,member,Thursday,8,4435
2024-06,member,Thursday,9,2642
2024-06,member,Thursday,10,1935
2024-06,member,Thursday,11,2247
2024-06,member,Thursday,12,2689
2024-06,member,Thursday,13,2657
2024-06,member,Thursday,14,2543
2024-06,member,Thursday,15,3458
2024-06,member,Thursday,16,5630
2024-06,member,Thursday,17,7327
2024-06,member,Thursday,18,5476
2024-06,member,Thursday,19,3930
2024-06,member,Thursday,20,2895
2024-06,member,Thursday,21,2200
2024-06,member,Thursday,22,1630
2024-06,member,Thursday,23,906
2024-06,member,Friday,0,519
2024-06,member,Friday,1,265
2024-06,member,Friday,2,145
2024-06,member,Friday,3,90
2024-06,member,Friday,4,140
2024-06,member,Friday,5,601
2024-06,member,Friday,6,1740
2024-06,member,Friday,7,2857
2024-06,member,Friday,8,3124
2024-06,member,Friday,9,2203
2024-06,member,Friday,10,1869
2024-06,member,Friday,11,2157
2024-06,member,Friday,12,2877
2024-06,member,Friday,13,2912
2024-06,member,Friday,14,2933
2024-06,member,Friday,15,3827
2024-06,member,Friday,16,4925
2024-06,member,Friday,17,5592
2024-06,member,Friday,18,4416
2024-06,member,Friday,19,3359
2024-06,member,Friday,20,2611
2024-06,member,Friday,21,1989
2024-06,member,Friday,22,1675
2024-06,member,Friday,23,1338
2024-06,member,Saturday,0,1166
2024-06,member,Saturday,1,719
2024-06,member,Saturday,2,430
2024-06,member,Saturday,3,247
2024-06,member,Saturday,4,175
2024-06,member,Saturday,5,357
2024-06,member,Saturday,6,776
2024-06,member,Saturday,7,1522
2024-06,member,Saturday,8,2457
2024-06,member,Saturday,9,3205
2024-06,member,Saturday,10,3837
2024-06,member,Saturday,11,4067
2024-06,member,Saturday,12,4232
2024-06,member,Saturday,13,4319
2024-06,member,Saturday,14,4065
2024-06,member,Saturday,15,3922
2024-06,member,Saturday,16,3778
2024-06,member,Saturday,17,3552
2024-06,member,Saturday,18,3200
2024-06,member,Saturday,19,2730
2024-06,member,Saturday,20,2381
2024-06,member,Saturday,21,1987
2024-06,member,Saturday,22,1904
2024-06,member,Saturday,23,1367
2024-07,casual,Sunday,0,1222
2024-07,casual,Sunday,1,815
2024-07,casual,Sunday,2,514
2024-07,casual,Sunday,3,289
2024-07,casual,Sunday,4,208
2024-07,casual,Sunday,5,178
2024-07,casual,Sunday,6,278
2024-07,casual,Sunday,7,407
2024-07,casual,Sunday,8,622
2024-07,casual,Sunday,9,1183
2024-07,casual,Sunday,10,1923
2024-07,casual,Sunday,11,2941
2024-07,casual,Sunday,12,3702
2024-07,casual,Sunday,13,3767
2024-07,casual,Sunday,14,4083
2024-07,casual,Sunday,15,3276
2024-07,casual,Sunday,16,3173
2024-07,casual,Sunday,17,2661
2024-07,casual,Sunday,18,2504
2024-07,casual,Sunday,19,2126
2024-07,casual,Sunday,20,1743
2024-07,casual,Sunday,21,1333
2024-07,casual,Sunday,22,886
2024-07,casual,Sunday,23,551
2024-07,casual,Monday,0,560
2024-07,casual,Monday,1,301
2024-07,casual,Monday,2,235
2024-07,casual,Monday,3,119
2024-07,casual,Monday,4,118
2024-07,casual,Monday,5,264
2024-07,casual,Monday,6,556
2024-07,casual,Monday,7,1015
2024-07,casual,Monday,8,1378
2024-07,casual,Monday,9,1042
2024-07,casual,Monday,10,1305
2024-07,casual,Monday,11,1635
2024-07,casual,Monday,12,2061
2024-07,casual,Monday,13,2197
2024-07,casual,Monday,14,2313
2024-07,casual,Monday,15,2610
2024-07,casual,Monday,16,3248
2024-07,casual,Monday,17,3879
2024-07,casual,Monday,18,3555
2024-07,casual,Monday,19,2947
2024-07,casual,Monday,20,2219
2024-07,casual,Monday,21,1527
2024-07,casual,Monday,22,863
2024-07,casual,Monday,23,512
2024-07,casual,Tuesday,0,348
2024-07,casual,Tuesday,1,269
2024-07,casual,Tuesday,2,106
2024-07,casual,Tuesday,3,80
2024-07,casual,Tuesday,4,92
2024-07,casual,Tuesday,5,282
2024-07,casual,Tuesday,6,741
2024-07,casual,Tuesday,7,1276
2024-07,casual,Tuesday,8,1790
2024-07,casual,Tuesday,9,1419
2024-07,casual,Tuesday,10,1386
2024-07,casual,Tuesday,11,1598
2024-07,casual,Tuesday,12,1891
2024-07,casual,Tuesday,13,2001
2024-07,casual,Tuesday,14,2079
2024-07,casual,Tuesday,15,2398
2024-07,casual,Tuesday,16,3095
2024-07,casual,Tuesday,17,3942
2024-07,casual,Tuesday,18,3610
2024-07,casual,Tuesday,19,2504
2024-07,casual,Tuesday,20,1917
2024-07,casual,Tuesday,21,1373
2024-07,casual,Tuesday,22,998
2024-07,casual,Tuesday,23,627
2024-07,casual,Wednesday,0,387
2024-07,casual,Wednesday,1,246
2024-07,casual,Wednesday,2,144
2024-07,casual,Wednesday,3,94
2024-07,casual,Wednesday,4,88
2024-07,casual,Wednesday,5,241
2024-07,casual,Wednesday,6,590
2024-07,casual,Wednesday,7,1151
2024-07,casual,Wednesday,8,1537
2024-07,casual,Wednesday,9,1188
2024-07,casual,Wednesday,10,1293
2024-07,casual,Wednesday,11,1582
2024-07,casual,Wednesday,12,2066
2024-07,casual,Wednesday,13,2326
2024-07,casual,Wednesday,14,2323
2024-07,casual,Wednesday,15,2883
2024-07,casual,Wednesday,16,3866
2024-07,casual,Wednesday,17,4995
2024-07,casual,Wednesday,18,4851
2024-07,casual,Wednesday,19,3946
2024-07,casual,Wednesday,20,3199
2024-07,casual,Wednesday,21,2755
2024-07,casual,Wednesday,22,2016
2024-07,casual,Wednesday,23,944
2024-07,casual,Thursday,0,565
2024-07,casual,Thursday,1,312
2024-07,casual,Thursday,2,195
2024-07,casual,Thursday,3,95
2024-07,casual,Thursday,4,86
2024-07,casual,Thursday,5,232
2024-07,casual,Thursday,6,533
2024-07,casual,Thursday,7,911
2024-07,casual,Thursday,8,1200
2024-07,casual,Thursday,9,1108
2024-07,casual,Thursday,10,1143
2024-07,casual,Thursday,11,1678
2024-07,casual,Thursday,12,2098
2024-07,casual,Thursday,13,2320
2024-07,casual,Thursday,14,2439
2024-07,casual,Thursday,15,2940
2024-07,casual,Thursday,16,3496
2024-07,casual,Thursday,17,4147
2024-07,casual,Thursday,18,3895
2024-07,casual,Thursday,19,3228
2024-07,casual,Thursday,20,2533
2024-07,casual,Thursday,21,1873
2024-07,casual,Thursday,22,1485
2024-07,casual,Thursday,23,928
2024-07,casual,Friday,0,699
2024-07,casual,Friday,1,453
2024-07,casual,Friday,2,285
2024-07,casual,Friday,3,155
2024-07,casual,Friday,4,108
2024-07,casual,Friday,5,291
2024-07,casual,Friday,6,530
2024-07,casual,Friday,7,929
2024-07,casual,Friday,8,1223
2024-07,casual,Friday,9,1376
2024-07,casual,Friday,10,1961
2024-07,casual,Friday,11,2415
2024-07,casual,Friday,12,3080
2024-07,casual,Friday,13,3263
2024-07,casual,Friday,14,3464
2024-07,casual,Friday,15,3663
2024-07,casual,Friday,16,4181
2024-07,casual,Friday,17,4496
2024-07,casual,Friday,18,3950
2024-07,casual,Friday,19,3302
2024-07,casual,Friday,20,2678
2024-07,casual,Friday,21,1899
2024-07,casual,Friday,22,1687
2024-07,casual,Friday,23,1419
2024-07,casual,Saturday,0,1321
2024-07,casual,Saturday,1,966
2024-07,casual,Saturday,2,565
2024-07,casual,Saturday,3,269
2024-07,casual,Saturday,4,156
2024-07,casual,Saturday,5,251
2024-07,casual,Saturday,6,397
2024-07,casual,Saturday,7,751
2024-07,casual,Saturday,8,1507
2024-07,casual,Saturday,9,2451
2024-07,casual,Saturday,10,3486
2024-07,casual,Saturday,11,4570
2024-07,casual,Saturday,12,5024
2024-07,casual,Saturday,13,5308
2024-07,casual,Saturday,14,5562
2024-07,casual,Saturday,15,5393
2024-07,casual,Saturday,16,5384
2024-07,casual,Saturday,17,4825
2024-07,casual,Saturday,18,4118
2024-07,casual,Saturday,19,3361
2024-07,casual,Saturday,20,2832
2024-07,casual,Saturday,21,2552
2024-07,casual,Saturday,22,2611
2024-07,casual,Saturday,23,1515
2024-07,member,Sunday,0,929
2024-07,member,Sunday,1,584
2024-07,member,Sunday,2,356
2024-07,member,Sunday,3,215
2024-07,member,Sunday,4,158
2024-07,member,Sunday,5,224
2024-07,member,Sunday,6,386
2024-07,member,Sunday,7,667
2024-07,member,Sunday,8,1041
2024-07,member,Sunday,9,1652
2024-07,member,Sunday,10,2511
2024-07,member,Sunday,11,2985
2024-07,member,Sunday,12,3557
2024-07,member,Sunday,13,3625
2024-07,member,Sunday,14,3583
2024-07,member,Sunday,15,2973
2024-07,member,Sunday,16,3196
2024-07,member,Sunday,17,2698
2024-07,member,Sunday,18,2528
2024-07,member,Sunday,19,2425
2024-07,member,Sunday,20,1909
2024-07,member,Sunday,21,1445
2024-07,member,Sunday,22,871
2024-07,member,Sunday,23,482
2024-07,member,Monday,0,387
2024-07,member,Monday,1,167
2024-07,member,Monday,2,121
2024-07,member,Monday,3,88
2024-07,member,Monday,4,147
2024-07,member,Monday,5,872
2024-07,member,Monday,6,2393
2024-07,member,Monday,7,3970
2024-07,member,Monday,8,4609
2024-07,member,Monday,9,2547
2024-07,member,Monday,10,1876
2024-07,member,Monday,11,2286
2024-07,member,Monday,12,2841
2024-07,member,Monday,13,2819
2024-07,member,Monday,14,2863
2024-07,member,Monday,15,3783
2024-07,member,Monday,16,6126
2024-07,member,Monday,17,8314
2024-07,member,Monday,18,6652
2024-07,member,Monday,19,4788
2024-07,member,Monday,20,3436
2024-07,member,Monday,21,2208
2024-07,member,Monday,22,1097
2024-07,member,Monday,23,602
2024-07,member,Tuesday,0,318
2024-07,member,Tuesday,1,167
2024-07,member,Tuesday,2,95
2024-07,member,Tuesday,3,90
2024-07,member,Tuesday,4,131
2024-07,member,Tuesday,5,944
2024-07,member,Tuesday,6,2703
2024-07,member,Tuesday,7,5281
2024-07,member,Tuesday,8,6418
2024-07,member,Tuesday,9,3309
2024-07,member,Tuesday,10,2242
2024-07,member,Tuesday,11,2460
2024-07,member,Tuesday,12,2799
2024-07,member,Tuesday,13,2804
2024-07,member,Tuesday,14,3055
2024-07,member,Tuesday,15,4132
2024-07,member,Tuesday,16,6675
2024-07,member,Tuesday,17,8322
2024-07,member,Tuesday,18,6440
2024-07,member,Tuesday,19,4261
2024-07,member,Tuesday,20,3198
2024-07,member,Tuesday,21,2277
2024-07,member,Tuesday,22,1433
2024-07,member,Tuesday,23,769
2024-07,member,Wednesday,0,328
2024-07,member,Wednesday,1,165
2024-07,member,Wednesday,2,87
2024-07,member,Wednesday,3,90
2024-07,member,Wednesday,4,136
2024-07,member,Wednesday,5,769
2024-07,member,Wednesday,6,2220
2024-07,member,Wednesday,7,4380
2024-07,member,Wednesday,8,5648
2024-07,member,Wednesday,9,3212
2024-07,member,Wednesday,10,2386
2024-07,member,Wednesday,11,2790
2024-07,member,Wednesday,12,3245
2024-07,member,Wednesday,13,3331
2024-07,member,Wednesday,14,3304
2024-07,member,Wednesday,15,4507
2024-07,member,Wednesday,16,7522
2024-07,member,Wednesday,17,9458
2024-07,member,Wednesday,18,7241
2024-07,member,Wednesday,19,5510
2024-07,member,Wednesday,20,4163
2024-07,member,Wednesday,21,3282
2024-07,member,Wednesday,22,2109
2024-07,member,Wednesday,23,1065
2024-07,member,Thursday,0,435
2024-07,member,Thursday,1,224
2024-07,member,Thursday,2,136
2024-07,member,Thursday,3,85
2024-07,member,Thursday,4,76
2024-07,member,Thursday,5,570
2024-07,member,Thursday,6,1722
2024-07,member,Thursday,7,3285
2024-07,member,Thursday,8,4021
2024-07,member,Thursday,9,2267
2024-07,member,Thursday,10,1790
2024-07,member,Thursday,11,2175
2024-07,member,Thursday,12,2571
2024-07,member,Thursday,13,2659
2024-07,member,Thursday,14,2694
2024-07,member,Thursday,15,3392
2024-07,member,Thursday,16,5270
2024-07,member,Thursday,17,6298
2024-07,member,Thursday,18,5115
2024-07,member,Thursday,19,3921
2024-07,member,Thursday,20,3095
2024-07,member,Thursday,21,2348
2024-07,member,Thursday,22,1791
2024-07,member,Thursday,23,975
2024-07,member,Friday,0,541
2024-07,member,Friday,1,290
2024-07,member,Friday,2,159
2024-07,member,Friday,3,103
2024-07,member,Friday,4,146
2024-07,member,Friday,5,604
2024-07,member,Friday,6,1483
2024-07,member,Friday,7,2588
2024-07,member,Friday,8,3066
2024-07,member,Friday,9,2306
2024-07,member,Friday,10,2113
2024-07,member,Friday,11,2607
2024-07,member,Friday,12,3142
2024-07,member,Friday,13,3252
2024-07,member,Friday,14,3298
2024-07,member,Friday,15,4077
2024-07,member,Friday,16,4993
2024-07,member,Friday,17,5658
2024-07,member,Friday,18,4816
2024-07,member,Friday,19,3668
2024-07,member,Friday,20,2860
2024-07,member,Friday,21,2186
2024-07,member,Friday,22,1723
2024-07,member,Friday,23,1232
2024-07,member,Saturday,0,864
2024-07,member,Saturday,1,669
2024-07,member,Saturday,2,329
2024-07,member,Saturday,3,217
2024-07,member,Saturday,4,152
2024-07,member,Saturday,5,328
2024-07,member,Saturday,6,656
2024-07,member,Saturday,7,1211
2024-07,member,Saturday,8,2140
2024-07,member,Saturday,9,2830
2024-07,member,Saturday,10,3469
2024-07,member,Saturday,11,3866
2024-07,member,Saturday,12,4073
2024-07,member,Saturday,13,4002
2024-07,member,Saturday,14,3922
2024-07,member,Saturday,15,3873
2024-07,member,Saturday,16,3922
2024-07,member,Saturday,17,3953
2024-07,member,Saturday,18,3429
2024-07,member,Saturday,19,3145
2024-07,member,Saturday,20,2550
2024-07,member,Saturday,21,2057
2024-07,member,Saturday,22,1936
2024-07,member,Saturday,23,1199
2024-08,casual,Sunday,0,1411
2024-08,casual,Sunday,1,1049
2024-08,casual,Sunday,2,642
2024-08,casual,Sunday,3,351
2024-08,casual,Sunday,4,253
2024-08,casual,Sunday,5,213
2024-08,casual,Sunday,6,394
2024-08,casual,Sunday,7,572
2024-08,casual,Sunday,8,1004
2024-08,casual,Sunday,9,1900
2024-08,casual,Sunday,10,2888
2024-08,casual,Sunday,11,3552
2024-08,casual,Sunday,12,4193
2024-08,casual,Sunday,13,4303
2024-08,casual,Sunday,14,4246
2024-08,casual,Sunday,15,4602
2024-08,casual,Sunday,16,4138
2024-08,casual,Sunday,17,3664
2024-08,casual,Sunday,18,3148
2024-08,casual,Sunday,19,2483
2024-08,casual,Sunday,20,1818
2024-08,casual,Sunday,21,1466
2024-08,casual,Sunday,22,1235
2024-08,casual,Sunday,23,873
2024-08,casual,Monday,0,519
2024-08,casual,Monday,1,248
2024-08,casual,Monday,2,219
2024-08,casual,Monday,3,109
2024-08,casual,Monday,4,99
2024-08,casual,Monday,5,200
2024-08,casual,Monday,6,551
2024-08,casual,Monday,7,742
2024-08,casual,Monday,8,992
2024-08,casual,Monday,9,920
2024-08,casual,Monday,10,1043
2024-08,casual,Monday,11,1355
2024-08,casual,Monday,12,1657
2024-08,casual,Monday,13,1792
2024-08,casual,Monday,14,1815
2024-08,casual,Monday,15,2173
2024-08,casual,Monday,16,2400
2024-08,casual,Monday,17,3232
2024-08,casual,Monday,18,2907
2024-08,casual,Monday,19,2237
2024-08,casual,Monday,20,1566
2024-08,casual,Monday,21,1116
2024-08,casual,Monday,22,691
2024-08,casual,Monday,23,438
2024-08,casual,Tuesday,0,363
2024-08,casual,Tuesday,1,218
2024-08,casual,Tuesday,2,131
2024-08,casual,Tuesday,3,65
2024-08,casual,Tuesday,4,88
2024-08,casual,Tuesday,5,221
2024-08,casual,Tuesday,6,622
2024-08,casual,Tuesday,7,1090
2024-08,casual,Tuesday,8,1250
2024-08,casual,Tuesday,9,899
2024-08,casual,Tuesday,10,962
2024-08,casual,Tuesday,11,1259
2024-08,casual,Tuesday,12,1457
2024-08,casual,Tuesday,13,1519
2024-08,casual,Tuesday,14,1617
2024-08,casual,Tuesday,15,1881
2024-08,casual,Tuesday,16,2545
2024-08,casual,Tuesday,17,3368
2024-08,casual,Tuesday,18,3042
2024-08,casual,Tuesday,19,1866
2024-08,casual,Tuesday,20,1268
2024-08,casual,Tuesday,21,1227
2024-08,casual,Tuesday,22,905
2024-08,casual,Tuesday,23,508
2024-08,casual,Wednesday,0,320
2024-08,casual,Wednesday,1,168
2024-08,casual,Wednesday,2,91
2024-08,casual,Wednesday,3,65
2024-08,casual,Wednesday,4,77
2024-08,casual,Wednesday,5,211
2024-08,casual,Wednesday,6,611
2024-08,casual,Wednesday,7,1096
2024-08,casual,Wednesday,8,1361
2024-08,casual,Wednesday,9,1066
2024-08,casual,Wednesday,10,1133
2024-08,casual,Wednesday,11,1456
2024-08,casual,Wednesday,12,1769
2024-08,casual,Wednesday,13,1698
2024-08,casual,Wednesday,14,1859
2024-08,casual,Wednesday,15,2090
2024-08,casual,Wednesday,16,2792
2024-08,casual,Wednesday,17,3918
2024-08,casual,Wednesday,18,3468
2024-08,casual,Wednesday,19,2722
2024-08,casual,Wednesday,20,2009
2024-08,casual,Wednesday,21,1637
2024-08,casual,Wednesday,22,1212
2024-08,casual,Wednesday,23,796
2024-08,casual,Thursday,0,590
2024-08,casual,Thursday,1,315
2024-08,casual,Thursday,2,157
2024-08,casual,Thursday,3,102
2024-08,casual,Thursday,4,96
2024-08,casual,Thursday,5,285
2024-08,casual,Thursday,6,685
2024-08,casual,Thursday,7,1195
2024-08,casual,Thursday,8,1468
2024-08,casual,Thursday,9,1202
2024-08,casual,Thursday,10,1288
2024-08,casual,Thursday,11,1468
2024-08,casual,Thursday,12,2063
2024-08,casual,Thursday,13,2106
2024-08,casual,Thursday,14,2175
2024-08,casual,Thursday,15,2609
2024-08,casual,Thursday,16,3261
2024-08,casual,Thursday,17,4399
2024-08,casual,Thursday,18,3988
2024-08,casual,Thursday,19,3212
2024-08,casual,Thursday,20,2322
2024-08,casual,Thursday,21,1960
2024-08,casual,Thursday,22,1756
2024-08,casual,Thursday,23,1064
2024-08,casual,Friday,0,731
2024-08,casual,Friday,1,480
2024-08,casual,Friday,2,241
2024-08,casual,Friday,3,173
2024-08,casual,Friday,4,123
2024-08,casual,Friday,5,294
2024-08,casual,Friday,6,685
2024-08,casual,Friday,7,1105
2024-08,casual,Friday,8,1474
2024-08,casual,Friday,9,1681
2024-08,casual,Friday,10,2032
2024-08,casual,Friday,11,2875
2024-08,casual,Friday,12,3435
2024-08,casual,Friday,13,3592
2024-08,casual,Friday,14,3715
2024-08,casual,Friday,15,4098
2024-08,casual,Friday,16,4790
2024-08,casual,Friday,17,4835
2024-08,casual,Friday,18,4231
2024-08,casual,Friday,19,3338
2024-08,casual,Friday,20,2137
2024-08,casual,Friday,21,1921
2024-08,casual,Friday,22,2065
2024-08,casual,Friday,23,1702
2024-08,casual,Saturday,0,1692
2024-08,casual,Saturday,1,1321
2024-08,casual,Saturday,2,812
2024-08,casual,Saturday,3,452
2024-08,casual,Saturday,4,230
2024-08,casual,Saturday,5,264
2024-08,casual,Saturday,6,422
2024-08,casual,Saturday,7,866
2024-08,casual,Saturday,8,1685
2024-08,casual,Saturday,9,2937
2024-08,casual,Saturday,10,4097
2024-08,casual,Saturday,11,5264
2024-08,casual,Saturday,12,5882
2024-08,casual,Saturday,13,6144
2024-08,casual,Saturday,14,5917
2024-08,casual,Saturday,15,6500
2024-08,casual,Saturday,16,5820
2024-08,casual,Saturday,17,5297
2024-08,casual,Saturday,18,4534
2024-08,casual,Saturday,19,3786
2024-08,casual,Saturday,20,2670
2024-08,casual,Saturday,21,2650
2024-08,casual,Saturday,22,3021
2024-08,casual,Saturday,23,2211
2024-08,member,Sunday,0,1002
2024-08,member,Sunday,1,749
2024-08,member,Sunday,2,361
2024-08,member,Sunday,3,230
2024-08,member,Sunday,4,228
2024-08,member,Sunday,5,257
2024-08,member,Sunday,6,490
2024-08,member,Sunday,7,956
2024-08,member,Sunday,8,1626
2024-08,member,Sunday,9,2360
2024-08,member,Sunday,10,3110
2024-08,member,Sunday,11,3327
2024-08,member,Sunday,12,3717
2024-08,member,Sunday,13,3736
2024-08,member,Sunday,14,3618
2024-08,member,Sunday,15,3824
2024-08,member,Sunday,16,3779
2024-08,member,Sunday,17,3715
2024-08,member,Sunday,18,3556
2024-08,member,Sunday,19,2830
2024-08,member,Sunday,20,2121
2024-08,member,Sunday,21,1559
2024-08,member,Sunday,22,1088
2024-08,member,Sunday,23,662
2024-08,member,Monday,0,354
2024-08,member,Monday,1,197
2024-08,member,Monday,2,93
2024-08,member,Monday,3,103
2024-08,member,Monday,4,136
2024-08,member,Monday,5,618
2024-08,member,Monday,6,1826
2024-08,member,Monday,7,3003
2024-08,member,Monday,8,3579
2024-08,member,Monday,9,2187
2024-08,member,Monday,10,1662
2024-08,member,Monday,11,2016
2024-08,member,Monday,12,2508
2024-08,member,Monday,13,2448
2024-08,member,Monday,14,2416
2024-08,member,Monday,15,3095
2024-08,member,Monday,16,4971
2024-08,member,Monday,17,6612
2024-08,member,Monday,18,5315
2024-08,member,Monday,19,3858
2024-08,member,Monday,20,2506
2024-08,member,Monday,21,1854
2024-08,member,Monday,22,1040
2024-08,member,Monday,23,540
2024-08,member,Tuesday,0,267
2024-08,member,Tuesday,1,146
2024-08,member,Tuesday,2,77
2024-08,member,Tuesday,3,76
2024-08,member,Tuesday,4,126
2024-08,member,Tuesday,5,701
2024-08,member,Tuesday,6,2108
2024-08,member,Tuesday,7,4151
2024-08,member,Tuesday,8,4815
2024-08,member,Tuesday,9,2390
2024-08,member,Tuesday,10,1704
2024-08,member,Tuesday,11,2053
2024-08,member,Tuesday,12,2452
2024-08,member,Tuesday,13,2365
2024-08,member,Tuesday,14,2454
2024-08,member,Tuesday,15,3206
2024-08,member,Tuesday,16,5688
2024-08,member,Tuesday,17,7110
2024-08,member,Tuesday,18,5699
2024-08,member,Tuesday,19,3512
2024-08,member,Tuesday,20,2238
2024-08,member,Tuesday,21,1854
2024-08,member,Tuesday,22,1149
2024-08,member,Tuesday,23,649
2024-08,member,Wednesday,0,305
2024-08,member,Wednesday,1,142
2024-08,member,Wednesday,2,83
2024-08,member,Wednesday,3,70
2024-08,member,Wednesday,4,106
2024-08,member,Wednesday,5,720
2024-08,member,Wednesday,6,2076
2024-08,member,Wednesday,7,4192
2024-08,member,Wednesday,8,4952
2024-08,member,Wednesday,9,2713
2024-08,member,Wednesday,10,1938
2024-08,member,Wednesday,11,2363
2024-08,member,Wednesday,12,2802
2024-08,member,Wednesday,13,2582
2024-08,member,Wednesday,14,2622
2024-08,member,Wednesday,15,3560
2024-08,member,Wednesday,16,6000
2024-08,member,Wednesday,17,7673
2024-08,member,Wednesday,18,6027
2024-08,member,Wednesday,19,4487
2024-08,member,Wednesday,20,3168
2024-08,member,Wednesday,21,2329
2024-08,member,Wednesday,22,1520
2024-08,member,Wednesday,23,879
2024-08,member,Thursday,0,463
2024-08,member,Thursday,1,251
2024-08,member,Thursday,2,121
2024-08,member,Thursday,3,98
2024-08,member,Thursday,4,130
2024-08,member,Thursday,5,783
2024-08,member,Thursday,6,2242
2024-08,member,Thursday,7,4222
2024-08,member,Thursday,8,5052
2024-08,member,Thursday,9,3105
2024-08,member,Thursday,10,2322
2024-08,member,Thursday,11,2461
2024-08,member,Thursday,12,3105
2024-08,member,Thursday,13,3017
2024-08,member,Thursday,14,3025
2024-08,member,Thursday,15,4016
2024-08,member,Thursday,16,6769
2024-08,member,Thursday,17,8691
2024-08,member,Thursday,18,6872
2024-08,member,Thursday,19,4972
2024-08,member,Thursday,20,3687
2024-08,member,Thursday,21,2807
2024-08,member,Thursday,22,1999
2024-08,member,Thursday,23,1095
2024-08,member,Friday,0,630
2024-08,member,Friday,1,404
2024-08,member,Friday,2,160
2024-08,member,Friday,3,127
2024-08,member,Friday,4,161
2024-08,member,Friday,5,699
2024-08,member,Friday,6,1940
2024-08,member,Friday,7,3390
2024-08,member,Friday,8,4265
2024-08,member,Friday,9,3021
2024-08,member,Friday,10,2683
2024-08,member,Friday,11,3412
2024-08,member,Friday,12,3979
2024-08,member,Friday,13,4029
2024-08,member,Friday,14,4290
2024-08,member,Friday,15,5213
2024-08,member,Friday,16,6130
2024-08,member,Friday,17,6842
2024-08,member,Friday,18,5943
2024-08,member,Friday,19,4412
2024-08,member,Friday,20,2803
2024-08,member,Friday,21,2298
2024-08,member,Friday,22,2031
2024-08,member,Friday,23,1535
2024-08,member,Saturday,0,1209
2024-08,member,Saturday,1,904
2024-08,member,Saturday,2,508
2024-08,member,Saturday,3,284
2024-08,member,Saturday,4,201
2024-08,member,Saturday,5,409
2024-08,member,Saturday,6,829
2024-08,member,Saturday,7,1521
2024-08,member,Saturday,8,2650
2024-08,member,Saturday,9,3560
2024-08,member,Saturday,10,4214
2024-08,member,Saturday,11,4585
2024-08,member,Saturday,12,4867
2024-08,member,Saturday,13,4714
2024-08,member,Saturday,14,4377
2024-08,member,Saturday,15,4921
2024-08,member,Saturday,16,4757
2024-08,member,Saturday,17,4606
2024-08,member,Saturday,18,4448
2024-08,member,Saturday,19,3637
2024-08,member,Saturday,20,2807
2024-08,member,Saturday,21,2443
2024-08,member,Saturday,22,2267
2024-08,member,Saturday,23,1685
2024-09,casual,Sunday,0,1886
2024-09,casual,Sunday,1,1417
2024-09,casual,Sunday,2,775
2024-09,casual,Sunday,3,426
2024-09,casual,Sunday,4,293
2024-09,casual,Sunday,5,290
2024-09,casual,Sunday,6,533
2024-09,casual,Sunday,7,884
2024-09,casual,Sunday,8,1521
2024-09,casual,Sunday,9,2369
2024-09,casual,Sunday,10,3376
2024-09,casual,Sunday,11,4294
2024-09,casual,Sunday,12,4595
2024-09,casual,Sunday,13,4593
2024-09,casual,Sunday,14,4577
2024-09,casual,Sunday,15,5913
2024-09,casual,Sunday,16,5374
2024-09,casual,Sunday,17,4606
2024-09,casual,Sunday,18,4193
2024-09,casual,Sunday,19,2961
2024-09,casual,Sunday,20,1997
2024-09,casual,Sunday,21,1890
2024-09,casual,Sunday,22,1896
2024-09,casual,Sunday,23,1256
2024-09,casual,Monday,0,648
2024-09,casual,Monday,1,305
2024-09,casual,Monday,2,223
2024-09,casual,Monday,3,141
2024-09,casual,Monday,4,135
2024-09,casual,Monday,5,295
2024-09,casual,Monday,6,796
2024-09,casual,Monday,7,1574
2024-09,casual,Monday,8,1947
2024-09,casual,Monday,9,1847
2024-09,casual,Monday,10,2123
2024-09,casual,Monday,11,2789
2024-09,casual,Monday,12,3423
2024-09,casual,Monday,13,3497
2024-09,casual,Monday,14,3691
2024-09,casual,Monday,15,4020
2024-09,casual,Monday,16,4569
2024-09,casual,Monday,17,4854
2024-09,casual,Monday,18,4209
2024-09,casual,Monday,19,2827
2024-09,casual,Monday,20,2106
2024-09,casual,Monday,21,1733
2024-09,casual,Monday,22,1317
2024-09,casual,Monday,23,764
2024-09,casual,Tuesday,0,291
2024-09,casual,Tuesday,1,120
2024-09,casual,Tuesday,2,85
2024-09,casual,Tuesday,3,63
2024-09,casual,Tuesday,4,68
2024-09,casual,Tuesday,5,280
2024-09,casual,Tuesday,6,847
2024-09,casual,Tuesday,7,1663
2024-09,casual,Tuesday,8,2038
2024-09,casual,Tuesday,9,1262
2024-09,casual,Tuesday,10,1116
2024-09,casual,Tuesday,11,1367
2024-09,casual,Tuesday,12,1574
2024-09,casual,Tuesday,13,1615
2024-09,casual,Tuesday,14,1680
2024-09,casual,Tuesday,15,2171
2024-09,casual,Tuesday,16,3087
2024-09,casual,Tuesday,17,3931
2024-09,casual,Tuesday,18,3295
2024-09,casual,Tuesday,19,2380
2024-09,casual,Tuesday,20,1632
2024-09,casual,Tuesday,21,1616
2024-09,casual,Tuesday,22,1212
2024-09,casual,Tuesday,23,671
2024-09,casual,Wednesday,0,303
2024-09,casual,Wednesday,1,138
2024-09,casual,Wednesday,2,104
2024-09,casual,Wednesday,3,51
2024-09,casual,Wednesday,4,77
2024-09,casual,Wednesday,5,339
2024-09,casual,Wednesday,6,863
2024-09,casual,Wednesday,7,1752
2024-09,casual,Wednesday,8,2247
2024-09,casual,Wednesday,9,1494
2024-09,casual,Wednesday,10,1345
2024-09,casual,Wednesday,11,1728
2024-09,casual,Wednesday,12,1972
2024-09,casual,Wednesday,13,1864
2024-09,casual,Wednesday,14,2227
2024-09,casual,Wednesday,15,2638
2024-09,casual,Wednesday,16,3873
2024-09,casual,Wednesday,17,4858
2024-09,casual,Wednesday,18,3999
2024-09,casual,Wednesday,19,2893
2024-09,casual,Wednesday,20,1968
2024-09,casual,Wednesday,21,1736
2024-09,casual,Wednesday,22,1440
2024-09,casual,Wednesday,23,928
2024-09,casual,Thursday,0,365
2024-09,casual,Thursday,1,183
2024-09,casual,Thursday,2,119
2024-09,casual,Thursday,3,71
2024-09,casual,Thursday,4,75
2024-09,casual,Thursday,5,311
2024-09,casual,Thursday,6,906
2024-09,casual,Thursday,7,1811
2024-09,casual,Thursday,8,2269
2024-09,casual,Thursday,9,1584
2024-09,casual,Thursday,10,1329
2024-09,casual,Thursday,11,1669
2024-09,casual,Thursday,12,2105
2024-09,casual,Thursday,13,2107
2024-09,casual,Thursday,14,2267
2024-09,casual,Thursday,15,2804
2024-09,casual,Thursday,16,3876
2024-09,casual,Thursday,17,4867
2024-09,casual,Thursday,18,4126
2024-09,casual,Thursday,19,3046
2024-09,casual,Thursday,20,1794
2024-09,casual,Thursday,21,1805
2024-09,casual,Thursday,22,1700
2024-09,casual,Thursday,23,1229
2024-09,casual,Friday,0,550
2024-09,casual,Friday,1,297
2024-09,casual,Friday,2,165
2024-09,casual,Friday,3,94
2024-09,casual,Friday,4,100
2024-09,casual,Friday,5,250
2024-09,casual,Friday,6,740
2024-09,casual,Friday,7,1419
2024-09,casual,Friday,8,1662
2024-09,casual,Friday,9,1473
2024-09,casual,Friday,10,1636
2024-09,casual,Friday,11,2206
2024-09,casual,Friday,12,2792
2024-09,casual,Friday,13,2813
2024-09,casual,Friday,14,3038
2024-09,casual,Friday,15,3625
2024-09,casual,Friday,16,4047
2024-09,casual,Friday,17,4368
2024-09,casual,Friday,18,3996
2024-09,casual,Friday,19,2938
2024-09,casual,Friday,20,1965
2024-09,casual,Friday,21,1903
2024-09,casual,Friday,22,1902
2024-09,casual,Friday,23,1755
2024-09,casual,Saturday,0,1097
2024-09,casual,Saturday,1,819
2024-09,casual,Saturday,2,453
2024-09,casual,Saturday,3,239
2024-09,casual,Saturday,4,129
2024-09,casual,Saturday,5,258
2024-09,casual,Saturday,6,466
2024-09,casual,Saturday,7,813
2024-09,casual,Saturday,8,1473
2024-09,casual,Saturday,9,2161
2024-09,casual,Saturday,10,3165
2024-09,casual,Saturday,11,3948
2024-09,casual,Saturday,12,4437
2024-09,casual,Saturday,13,4711
2024-09,casual,Saturday,14,4698
2024-09,casual,Saturday,15,4883
2024-09,casual,Saturday,16,4715
2024-09,casual,Saturday,17,4384
2024-09,casual,Saturday,18,4030
2024-09,casual,Saturday,19,3058
2024-09,casual,Saturday,20,2283
2024-09,casual,Saturday,21,2344
2024-09,casual,Saturday,22,2613
2024-09,casual,Saturday,23,2506
2024-09,member,Sunday,0,1305
2024-09,member,Sunday,1,896
2024-09,member,Sunday,2,505
2024-09,member,Sunday,3,285
2024-09,member,Sunday,4,233
2024-09,member,Sunday,5,318
2024-09,member,Sunday,6,637
2024-09,member,Sunday,7,1139
2024-09,member,Sunday,8,1788
2024-09,member,Sunday,9,2664
2024-09,member,Sunday,10,3349
2024-09,member,Sunday,11,4163
2024-09,member,Sunday,12,3928
2024-09,member,Sunday,13,3712
2024-09,member,Sunday,14,3666
2024-09,member,Sunday,15,4633
2024-09,member,Sunday,16,4657
2024-09,member,Sunday,17,4432
2024-09,member,Sunday,18,4354
2024-09,member,Sunday,19,3332
2024-09,member,Sunday,20,2123
2024-09,member,Sunday,21,1655
2024-09,member,Sunday,22,1417
2024-09,member,Sunday,23,856
2024-09,member,Monday,0,464
2024-09,member,Monday,1,290
2024-09,member,Monday,2,159
2024-09,member,Monday,3,132
2024-09,member,Monday,4,167
2024-09,member,Monday,5,717
2024-09,member,Monday,6,2227
2024-09,member,Monday,7,4601
2024-09,member,Monday,8,5592
2024-09,member,Monday,9,3479
2024-09,member,Monday,10,2762
2024-09,member,Monday,11,3444
2024-09,member,Monday,12,3899
2024-09,member,Monday,13,3921
2024-09,member,Monday,14,3942
2024-09,member,Monday,15,5114
2024-09,member,Monday,16,7224
2024-09,member,Monday,17,8972
2024-09,member,Monday,18,7067
2024-09,member,Monday,19,4624
2024-09,member,Monday,20,2961
2024-09,member,Monday,21,2233
2024-09,member,Monday,22,1430
2024-09,member,Monday,23,694
2024-09,member,Tuesday,0,233
2024-09,member,Tuesday,1,131
2024-09,member,Tuesday,2,69
2024-09,member,Tuesday,3,52
2024-09,member,Tuesday,4,106
2024-09,member,Tuesday,5,703
2024-09,member,Tuesday,6,2391
2024-09,member,Tuesday,7,5215
2024-09,member,Tuesday,8,5978
2024-09,member,Tuesday,9,3022
2024-09,member,Tuesday,10,1892
2024-09,member,Tuesday,11,2256
2024-09,member,Tuesday,12,2510
2024-09,member,Tuesday,13,2361
2024-09,member,Tuesday,14,2274
2024-09,member,Tuesday,15,3706
2024-09,member,Tuesday,16,6605
2024-09,member,Tuesday,17,8263
2024-09,member,Tuesday,18,5961
2024-09,member,Tuesday,19,4130
2024-09,member,Tuesday,20,2590
2024-09,member,Tuesday,21,2175
2024-09,member,Tuesday,22,1377
2024-09,member,Tuesday,23,660
2024-09,member,Wednesday,0,266
2024-09,member,Wednesday,1,128
2024-09,member,Wednesday,2,72
2024-09,member,Wednesday,3,51
2024-09,member,Wednesday,4,126
2024-09,member,Wednesday,5,765
2024-09,member,Wednesday,6,2465
2024-09,member,Wednesday,7,5327
2024-09,member,Wednesday,8,6673
2024-09,member,Wednesday,9,3412
2024-09,member,Wednesday,10,2325
2024-09,member,Wednesday,11,2774
2024-09,member,Wednesday,12,3296
2024-09,member,Wednesday,13,3151
2024-09,member,Wednesday,14,3326
2024-09,member,Wednesday,15,4534
2024-09,member,Wednesday,16,7260
2024-09,member,Wednesday,17,9181
2024-09,member,Wednesday,18,6984
2024-09,member,Wednesday,19,4772
2024-09,member,Wednesday,20,3134
2024-09,member,Wednesday,21,2436
2024-09,member,Wednesday,22,1616
2024-09,member,Wednesday,23,923
2024-09,member,Thursday,0,343
2024-09,member,Thursday,1,140
2024-09,member,Thursday,2,99
2024-09,member,Thursday,3,70
2024-09,member,Thursday,4,129
2024-09,member,Thursday,5,677
2024-09,member,Thursday,6,2389
2024-09,member,Thursday,7,5112
2024-09,member,Thursday,8,6490
2024-09,member,Thursday,9,3365
2024-09,member,Thursday,10,2246
2024-09,member,Thursday,11,2839
2024-09,member,Thursday,12,3478
2024-09,member,Thursday,13,3083
2024-09,member,Thursday,14,3085
2024-09,member,Thursday,15,4376
2024-09,member,Thursday,16,6972
2024-09,member,Thursday,17,8795
2024-09,member,Thursday,18,6781
2024-09,member,Thursday,19,4556
2024-09,member,Thursday,20,2779
2024-09,member,Thursday,21,2464
2024-09,member,Thursday,22,1816
2024-09,member,Thursday,23,1151
2024-09,member,Friday,0,556
2024-09,member,Friday,1,244
2024-09,member,Friday,2,161
2024-09,member,Friday,3,98
2024-09,member,Friday,4,129
2024-09,member,Friday,5,551
2024-09,member,Friday,6,1776
2024-09,member,Friday,7,3487
2024-09,member,Friday,8,4101
2024-09,member,Friday,9,2822
2024-09,member,Friday,10,2285
2024-09,member,Friday,11,2964
2024-09,member,Friday,12,3579
2024-09,member,Friday,13,3521
2024-09,member,Friday,14,3463
2024-09,member,Friday,15,4615
2024-09,member,Friday,16,5898
2024-09,member,Friday,17,6591
2024-09,member,Friday,18,5538
2024-09,member,Friday,19,3898
2024-09,member,Friday,20,2530
2024-09,member,Friday,21,2111
2024-09,member,Friday,22,1809
2024-09,member,Friday,23,1369
2024-09,member,Saturday,0,923
2024-09,member,Saturday,1,665
2024-09,member,Saturday,2,371
2024-09,member,Saturday,3,199
2024-09,member,Saturday,4,118
2024-09,member,Saturday,5,304
2024-09,member,Saturday,6,771
2024-09,member,Saturday,7,1281
2024-09,member,Saturday,8,2101
2024-09,member,Saturday,9,2916
2024-09,member,Saturday,10,3602
2024-09,member,Saturday,11,3855
2024-09,member,Saturday,12,4168
2024-09,member,Saturday,13,4000
2024-09,member,Saturday,14,4139
2024-09,member,Saturday,15,3999
2024-09,member,Saturday,16,4153
2024-09,member,Saturday,17,4077
2024-09,member,Saturday,18,4050
2024-09,member,Saturday,19,3050
2024-09,member,Saturday,20,2213
2024-09,member,Saturday,21,1949
2024-09,member,Saturday,22,1969
2024-09,member,Saturday,23,1686
2024-10,casual,Sunday,0,1089
2024-10,casual,Sunday,1,814
2024-10,casual,Sunday,2,570
2024-10,casual,Sunday,3,280
2024-10,casual,Sunday,4,209
2024-10,casual,Sunday,5,381
2024-10,casual,Sunday,6,680
2024-10,casual,Sunday,7,958
2024-10,casual,Sunday,8,1479
2024-10,casual,Sunday,9,2309
2024-10,casual,Sunday,10,2991
2024-10,casual,Sunday,11,3425
2024-10,casual,Sunday,12,3297
2024-10,casual,Sunday,13,3329
2024-10,casual,Sunday,14,3183
2024-10,casual,Sunday,15,3262
2024-10,casual,Sunday,16,2775
2024-10,casual,Sunday,17,2209
2024-10,casual,Sunday,18,1617
2024-10,casual,Sunday,19,1016
2024-10,casual,Sunday,20,739
2024-10,casual,Sunday,21,570
2024-10,casual,Sunday,22,469
2024-10,casual,Sunday,23,292
2024-10,casual,Monday,0,238
2024-10,casual,Monday,1,136
2024-10,casual,Monday,2,76
2024-10,casual,Monday,3,53
2024-10,casual,Monday,4,45
2024-10,casual,Monday,5,156
2024-10,casual,Monday,6,351
2024-10,casual,Monday,7,711
2024-10,casual,Monday,8,949
2024-10,casual,Monday,9,805
2024-10,casual,Monday,10,980
2024-10,casual,Monday,11,1234
2024-10,casual,Monday,12,1261
2024-10,casual,Monday,13,1493
2024-10,casual,Monday,14,1513
2024-10,casual,Monday,15,1650
2024-10,casual,Monday,16,2039
2024-10,casual,Monday,17,2257
2024-10,casual,Monday,18,1698
2024-10,casual,Monday,19,947
2024-10,casual,Monday,20,767
2024-10,casual,Monday,21,581
2024-10,casual,Monday,22,447
2024-10,casual,Monday,23,306
2024-10,casual,Tuesday,0,287
2024-10,casual,Tuesday,1,142
2024-10,casual,Tuesday,2,109
2024-10,casual,Tuesday,3,78
2024-10,casual,Tuesday,4,83
2024-10,casual,Tuesday,5,188
2024-10,casual,Tuesday,6,584
2024-10,casual,Tuesday,7,1128
2024-10,casual,Tuesday,8,1511
2024-10,casual,Tuesday,9,1000
2024-10,casual,Tuesday,10,847
2024-10,casual,Tuesday,11,990
2024-10,casual,Tuesday,12,1315
2024-10,casual,Tuesday,13,1195
2024-10,casual,Tuesday,14,1251
2024-10,casual,Tuesday,15,1668
2024-10,casual,Tuesday,16,2346
2024-10,casual,Tuesday,17,2744
2024-10,casual,Tuesday,18,2139
2024-10,casual,Tuesday,19,1431
2024-10,casual,Tuesday,20,1089
2024-10,casual,Tuesday,21,845
2024-10,casual,Tuesday,22,663
2024-10,casual,Tuesday,23,415
2024-10,casual,Wednesday,0,259
2024-10,casual,Wednesday,1,153
2024-10,casual,Wednesday,2,106
2024-10,casual,Wednesday,3,56
2024-10,casual,Wednesday,4,95
2024-10,casual,Wednesday,5,217
2024-10,casual,Wednesday,6,589
2024-10,casual,Wednesday,7,1208
2024-10,casual,Wednesday,8,1623
2024-10,casual,Wednesday,9,1024
2024-10,casual,Wednesday,10,964
2024-10,casual,Wednesday,11,1227
2024-10,casual,Wednesday,12,1396
2024-10,casual,Wednesday,13,1409
2024-10,casual,Wednesday,14,1725
2024-10,casual,Wednesday,15,1883
2024-10,casual,Wednesday,16,2730
2024-10,casual,Wednesday,17,3168
2024-10,casual,Wednesday,18,2346
2024-10,casual,Wednesday,19,1484
2024-10,casual,Wednesday,20,1099
2024-10,casual,Wednesday,21,949
2024-10,casual,Wednesday,22,756
2024-10,casual,Wednesday,23,449
2024-10,casual,Thursday,0,316
2024-10,casual,Thursday,1,197
2024-10,casual,Thursday,2,101
2024-10,casual,Thursday,3,69
2024-10,casual,Thursday,4,72
2024-10,casual,Thursday,5,186
2024-10,casual,Thursday,6,565
2024-10,casual,Thursday,7,1082
2024-10,casual,Thursday,8,1433
2024-10,casual,Thursday,9,1057
2024-10,casual,Thursday,10,1025
2024-10,casual,Thursday,11,1232
2024-10,casual,Thursday,12,1533
2024-10,casual,Thursday,13,1618
2024-10,casual,Thursday,14,1849
2024-10,casual,Thursday,15,2265
2024-10,casual,Thursday,16,2780
2024-10,casual,Thursday,17,3187
2024-10,casual,Thursday,18,2589
2024-10,casual,Thursday,19,1561
2024-10,casual,Thursday,20,1138
2024-10,casual,Thursday,21,982
2024-10,casual,Thursday,22,1021
2024-10,casual,Thursday,23,740
2024-10,casual,Friday,0,378
2024-10,casual,Friday,1,209
2024-10,casual,Friday,2,133
2024-10,casual,Friday,3,52
2024-10,casual,Friday,4,70
2024-10,casual,Friday,5,132
2024-10,casual,Friday,6,326
2024-10,casual,Friday,7,661
2024-10,casual,Friday,8,989
2024-10,casual,Friday,9,1010
2024-10,casual,Friday,10,1288
2024-10,casual,Friday,11,1561
2024-10,casual,Friday,12,2087
2024-10,casual,Friday,13,2268
2024-10,casual,Friday,14,2395
2024-10,casual,Friday,15,2810
2024-10,casual,Friday,16,2932
2024-10,casual,Friday,17,3042
2024-10,casual,Friday,18,2519
2024-10,casual,Friday,19,1667
2024-10,casual,Friday,20,1062
2024-10,casual,Friday,21,972
2024-10,casual,Friday,22,1058
2024-10,casual,Friday,23,1027
2024-10,casual,Saturday,0,920
2024-10,casual,Saturday,1,729
2024-10,casual,Saturday,2,410
2024-10,casual,Saturday,3,206
2024-10,casual,Saturday,4,125
2024-10,casual,Saturday,5,114
2024-10,casual,Saturday,6,237
2024-10,casual,Saturday,7,552
2024-10,casual,Saturday,8,1192
2024-10,casual,Saturday,9,1755
2024-10,casual,Saturday,10,2625
2024-10,casual,Saturday,11,3223
2024-10,casual,Saturday,12,3600
2024-10,casual,Saturday,13,3783
2024-10,casual,Saturday,14,3852
2024-10,casual,Saturday,15,3478
2024-10,casual,Saturday,16,3416
2024-10,casual,Saturday,17,3020
2024-10,casual,Saturday,18,2290
2024-10,casual,Saturday,19,1577
2024-10,casual,Saturday,20,1236
2024-10,casual,Saturday,21,1033
2024-10,casual,Saturday,22,1033
2024-10,casual,Saturday,23,974
2024-10,member,Sunday,0,895
2024-10,member,Sunday,1,660
2024-10,member,Sunday,2,411
2024-10,member,Sunday,3,257
2024-10,member,Sunday,4,194
2024-10,member,Sunday,5,246
2024-10,member,Sunday,6,547
2024-10,member,Sunday,7,935
2024-10,member,Sunday,8,1570
2024-10,member,Sunday,9,2102
2024-10,member,Sunday,10,2786
2024-10,member,Sunday,11,3364
2024-10,member,Sunday,12,3236
2024-10,member,Sunday,13,3323
2024-10,member,Sunday,14,3198
2024-10,member,Sunday,15,3380
2024-10,member,Sunday,16,3276
2024-10,member,Sunday,17,3033
2024-10,member,Sunday,18,2560
2024-10,member,Sunday,19,1787
2024-10,member,Sunday,20,1252
2024-10,member,Sunday,21,884
2024-10,member,Sunday,22,661
2024-10,member,Sunday,23,393
2024-10,member,Monday,0,246
2024-10,member,Monday,1,142
2024-10,member,Monday,2,84
2024-10,member,Monday,3,74
2024-10,member,Monday,4,90
2024-10,member,Monday,5,420
2024-10,member,Monday,6,1522
2024-10,member,Monday,7,3051
2024-10,member,Monday,8,3725
2024-10,member,Monday,9,2317
2024-10,member,Monday,10,1717
2024-10,member,Monday,11,2073
2024-10,member,Monday,12,2494
2024-10,member,Monday,13,2345
2024-10,member,Monday,14,2555
2024-10,member,Monday,15,3243
2024-10,member,Monday,16,4831
2024-10,member,Monday,17,5856
2024-10,member,Monday,18,4448
2024-10,member,Monday,19,2766
2024-10,member,Monday,20,1809
2024-10,member,Monday,21,1327
2024-10,member,Monday,22,812
2024-10,member,Monday,23,416
2024-10,member,Tuesday,0,277
2024-10,member,Tuesday,1,153
2024-10,member,Tuesday,2,87
2024-10,member,Tuesday,3,66
2024-10,member,Tuesday,4,132
2024-10,member,Tuesday,5,654
2024-10,member,Tuesday,6,2212
2024-10,member,Tuesday,7,4906
2024-10,member,Tuesday,8,6563
2024-10,member,Tuesday,9,3299
2024-10,member,Tuesday,10,2016
2024-10,member,Tuesday,11,2339
2024-10,member,Tuesday,12,2957
2024-10,member,Tuesday,13,2830
2024-10,member,Tuesday,14,2526
2024-10,member,Tuesday,15,4069
2024-10,member,Tuesday,16,6939
2024-10,member,Tuesday,17,8310
2024-10,member,Tuesday,18,5759
2024-10,member,Tuesday,19,3641
2024-10,member,Tuesday,20,2488
2024-10,member,Tuesday,21,1844
2024-10,member,Tuesday,22,1204
2024-10,member,Tuesday,23,604
2024-10,member,Wednesday,0,313
2024-10,member,Wednesday,1,190
2024-10,member,Wednesday,2,81
2024-10,member,Wednesday,3,88
2024-10,member,Wednesday,4,126
2024-10,member,Wednesday,5,713
2024-10,member,Wednesday,6,2437
2024-10,member,Wednesday,7,5106
2024-10,member,Wednesday,8,6539
2024-10,member,Wednesday,9,3521
2024-10,member,Wednesday,10,2326
2024-10,member,Wednesday,11,2756
2024-10,member,Wednesday,12,3314
2024-10,member,Wednesday,13,3168
2024-10,member,Wednesday,14,3454
2024-10,member,Wednesday,15,4559
2024-10,member,Wednesday,16,7416
2024-10,member,Wednesday,17,8824
2024-10,member,Wednesday,18,6407
2024-10,member,Wednesday,19,3882
2024-10,member,Wednesday,20,2741
2024-10,member,Wednesday,21,2173
2024-10,member,Wednesday,22,1317
2024-10,member,Wednesday,23,714
2024-10,member,Thursday,0,328
2024-10,member,Thursday,1,194
2024-10,member,Thursday,2,87
2024-10,member,Thursday,3,72
2024-10,member,Thursday,4,101
2024-10,member,Thursday,5,606
2024-10,member,Thursday,6,2023
2024-10,member,Thursday,7,4534
2024-10,member,Thursday,8,5838
2024-10,member,Thursday,9,3293
2024-10,member,Thursday,10,2431
2024-10,member,Thursday,11,2641
2024-10,member,Thursday,12,3122
2024-10,member,Thursday,13,3301
2024-10,member,Thursday,14,3206
2024-10,member,Thursday,15,4816
2024-10,member,Thursday,16,6999
2024-10,member,Thursday,17,8225
2024-10,member,Thursday,18,5917
2024-10,member,Thursday,19,3719
2024-10,member,Thursday,20,2572
2024-10,member,Thursday,21,2072
2024-10,member,Thursday,22,1598
2024-10,member,Thursday,23,993
2024-10,member,Friday,0,471
2024-10,member,Friday,1,204
2024-10,member,Friday,2,121
2024-10,member,Friday,3,75
2024-10,member,Friday,4,99
2024-10,member,Friday,5,384
2024-10,member,Friday,6,1150
2024-10,member,Friday,7,2309
2024-10,member,Friday,8,3156
2024-10,member,Friday,9,2270
2024-10,member,Friday,10,2039
2024-10,member,Friday,11,2509
2024-10,member,Friday,12,2941
2024-10,member,Friday,13,3252
2024-10,member,Friday,14,3321
2024-10,member,Friday,15,4081
2024-10,member,Friday,16,5049
2024-10,member,Friday,17,5511
2024-10,member,Friday,18,4554
2024-10,member,Friday,19,2977
2024-10,member,Friday,20,1867
2024-10,member,Friday,21,1495
2024-10,member,Friday,22,1324
2024-10,member,Friday,23,1120
2024-10,member,Saturday,0,917
2024-10,member,Saturday,1,615
2024-10,member,Saturday,2,401
2024-10,member,Saturday,3,201
2024-10,member,Saturday,4,83
2024-10,member,Saturday,5,172
2024-10,member,Saturday,6,445
2024-10,member,Saturday,7,902
2024-10,member,Saturday,8,1815
2024-10,member,Saturday,9,2493
2024-10,member,Saturday,10,3033
2024-10,member,Saturday,11,3424
2024-10,member,Saturday,12,3497
2024-10,member,Saturday,13,3733
2024-10,member,Saturday,14,3693
2024-10,member,Saturday,15,3570
2024-10,member,Saturday,16,3625
2024-10,member,Saturday,17,3443
2024-10,member,Saturday,18,3052
2024-10,member,Saturday,19,2163
2024-10,member,Saturday,20,1556
2024-10,member,Saturday,21,1306
2024-10,member,Saturday,22,1168
2024-10,member,Saturday,23,1037
2024-11,casual,Sunday,0,434
2024-11,casual,Sunday,1,398
2024-11,casual,Sunday,2,206
2024-11,casual,Sunday,3,127
2024-11,casual,Sunday,4,111
2024-11,casual,Sunday,5,70
2024-11,casual,Sunday,6,194
2024-11,casual,Sunday,7,286
2024-11,casual,Sunday,8,498
2024-11,casual,Sunday,9,925
2024-11,casual,Sunday,10,1249
2024-11,casual,Sunday,11,1571
2024-11,casual,Sunday,12,1419
2024-11,casual,Sunday,13,1266
2024-11,casual,Sunday,14,1547
2024-11,casual,Sunday,15,1809
2024-11,casual,Sunday,16,1220
2024-11,casual,Sunday,17,763
2024-11,casual,Sunday,18,653
2024-11,casual,Sunday,19,417
2024-11,casual,Sunday,20,445
2024-11,casual,Sunday,21,334
2024-11,casual,Sunday,22,312
2024-11,casual,Sunday,23,235
2024-11,casual,Monday,0,166
2024-11,casual,Monday,1,97
2024-11,casual,Monday,2,51
2024-11,casual,Monday,3,38
2024-11,casual,Monday,4,37
2024-11,casual,Monday,5,85
2024-11,casual,Monday,6,280
2024-11,casual,Monday,7,477
2024-11,casual,Monday,8,679
2024-11,casual,Monday,9,493
2024-11,casual,Monday,10,577
2024-11,casual,Monday,11,618
2024-11,casual,Monday,12,676
2024-11,casual,Monday,13,692
2024-11,casual,Monday,14,756
2024-11,casual,Monday,15,739
2024-11,casual,Monday,16,879
2024-11,casual,Monday,17,955
2024-11,casual,Monday,18,740
2024-11,casual,Monday,19,468
2024-11,casual,Monday,20,336
2024-11,casual,Monday,21,276
2024-11,casual,Monday,22,200
2024-11,casual,Monday,23,140
2024-11,casual,Tuesday,0,95
2024-11,casual,Tuesday,1,46
2024-11,casual,Tuesday,2,33
2024-11,casual,Tuesday,3,23
2024-11,casual,Tuesday,4,36
2024-11,casual,Tuesday,5,90
2024-11,casual,Tuesday,6,299
2024-11,casual,Tuesday,7,557
2024-11,casual,Tuesday,8,762
2024-11,casual,Tuesday,9,457
2024-11,casual,Tuesday,10,425
2024-11,casual,Tuesday,11,498
2024-11,casual,Tuesday,12,625
2024-11,casual,Tuesday,13,633
2024-11,casual,Tuesday,14,635
2024-11,casual,Tuesday,15,711
2024-11,casual,Tuesday,16,926
2024-11,casual,Tuesday,17,953
2024-11,casual,Tuesday,18,771
2024-11,casual,Tuesday,19,495
2024-11,casual,Tuesday,20,345
2024-11,casual,Tuesday,21,329
2024-11,casual,Tuesday,22,334
2024-11,casual,Tuesday,23,166
2024-11,casual,Wednesday,0,137
2024-11,casual,Wednesday,1,70
2024-11,casual,Wednesday,2,62
2024-11,casual,Wednesday,3,39
2024-11,casual,Wednesday,4,51
2024-11,casual,Wednesday,5,103
2024-11,casual,Wednesday,6,263
2024-11,casual,Wednesday,7,590
2024-11,casual,Wednesday,8,735
2024-11,casual,Wednesday,9,457
2024-11,casual,Wednesday,10,417
2024-11,casual,Wednesday,11,483
2024-11,casual,Wednesday,12,575
2024-11,casual,Wednesday,13,539
2024-11,casual,Wednesday,14,681
2024-11,casual,Wednesday,15,783
2024-11,casual,Wednesday,16,953
2024-11,casual,Wednesday,17,888
2024-11,casual,Wednesday,18,604
2024-11,casual,Wednesday,19,387
2024-11,casual,Wednesday,20,277
2024-11,casual,Wednesday,21,280
2024-11,casual,Wednesday,22,233
2024-11,casual,Wednesday,23,124
2024-11,casual,Thursday,0,133
2024-11,casual,Thursday,1,100
2024-11,casual,Thursday,2,79
2024-11,casual,Thursday,3,37
2024-11,casual,Thursday,4,40
2024-11,casual,Thursday,5,80
2024-11,casual,Thursday,6,232
2024-11,casual,Thursday,7,447
2024-11,casual,Thursday,8,601
2024-11,casual,Thursday,9,399
2024-11,casual,Thursday,10,333
2024-11,casual,Thursday,11,348
2024-11,casual,Thursday,12,447
2024-11,casual,Thursday,13,441
2024-11,casual,Thursday,14,519
2024-11,casual,Thursday,15,577
2024-11,casual,Thursday,16,820
2024-11,casual,Thursday,17,844
2024-11,casual,Thursday,18,622
2024-11,casual,Thursday,19,387
2024-11,casual,Thursday,20,287
2024-11,casual,Thursday,21,318
2024-11,casual,Thursday,22,343
2024-11,casual,Thursday,23,194
2024-11,casual,Friday,0,222
2024-11,casual,Friday,1,147
2024-11,casual,Friday,2,99
2024-11,casual,Friday,3,58
2024-11,casual,Friday,4,68
2024-11,casual,Friday,5,95
2024-11,casual,Friday,6,260
2024-11,casual,Friday,7,439
2024-11,casual,Friday,8,686
2024-11,casual,Friday,9,582
2024-11,casual,Friday,10,720
2024-11,casual,Friday,11,896
2024-11,casual,Friday,12,1179
2024-11,casual,Friday,13,1205
2024-11,casual,Friday,14,1176
2024-11,casual,Friday,15,1366
2024-11,casual,Friday,16,1508
2024-11,casual,Friday,17,1405
2024-11,casual,Friday,18,1162
2024-11,casual,Friday,19,812
2024-11,casual,Friday,20,618
2024-11,casual,Friday,21,576
2024-11,casual,Friday,22,455
2024-11,casual,Friday,23,482
2024-11,casual,Saturday,0,551
2024-11,casual,Saturday,1,459
2024-11,casual,Saturday,2,287
2024-11,casual,Saturday,3,146
2024-11,casual,Saturday,4,100
2024-11,casual,Saturday,5,57
2024-11,casual,Saturday,6,127
2024-11,casual,Saturday,7,304
2024-11,casual,Saturday,8,543
2024-11,casual,Saturday,9,890
2024-11,casual,Saturday,10,1129
2024-11,casual,Saturday,11,1446
2024-11,casual,Saturday,12,1533
2024-11,casual,Saturday,13,1697
2024-11,casual,Saturday,14,1802
2024-11,casual,Saturday,15,1546
2024-11,casual,Saturday,16,1479
2024-11,casual,Saturday,17,1144
2024-11,casual,Saturday,18,963
2024-11,casual,Saturday,19,735
2024-11,casual,Saturday,20,587
2024-11,casual,Saturday,21,488
2024-11,casual,Saturday,22,438
2024-11,casual,Saturday,23,385
2024-11,member,Sunday,0,532
2024-11,member,Sunday,1,418
2024-11,member,Sunday,2,244
2024-11,member,Sunday,3,140
2024-11,member,Sunday,4,98
2024-11,member,Sunday,5,140
2024-11,member,Sunday,6,358
2024-11,member,Sunday,7,534
2024-11,member,Sunday,8,1045
2024-11,member,Sunday,9,1616
2024-11,member,Sunday,10,2197
2024-11,member,Sunday,11,2480
2024-11,member,Sunday,12,2290
2024-11,member,Sunday,13,2076
2024-11,member,Sunday,14,2117
2024-11,member,Sunday,15,2511
2024-11,member,Sunday,16,2216
2024-11,member,Sunday,17,1711
2024-11,member,Sunday,18,1530
2024-11,member,Sunday,19,1087
2024-11,member,Sunday,20,877
2024-11,member,Sunday,21,672
2024-11,member,Sunday,22,540
2024-11,member,Sunday,23,345
2024-11,member,Monday,0,213
2024-11,member,Monday,1,160
2024-11,member,Monday,2,75
2024-11,member,Monday,3,57
2024-11,member,Monday,4,72
2024-11,member,Monday,5,404
2024-11,member,Monday,6,1229
2024-11,member,Monday,7,2546
2024-11,member,Monday,8,3300
2024-11,member,Monday,9,1911
2024-11,member,Monday,10,1470
2024-11,member,Monday,11,1525
2024-11,member,Monday,12,1688
2024-11,member,Monday,13,1709
2024-11,member,Monday,14,1793
2024-11,member,Monday,15,2282
2024-11,member,Monday,16,3334
2024-11,member,Monday,17,3861
2024-11,member,Monday,18,2816
2024-11,member,Monday,19,1848
2024-11,member,Monday,20,1223
2024-11,member,Monday,21,887
2024-11,member,Monday,22,508
2024-11,member,Monday,23,271
2024-11,member,Tuesday,0,85
2024-11,member,Tuesday,1,62
2024-11,member,Tuesday,2,46
2024-11,member,Tuesday,3,30
2024-11,member,Tuesday,4,75
2024-11,member,Tuesday,5,462
2024-11,member,Tuesday,6,1376
2024-11,member,Tuesday,7,2949
2024-11,member,Tuesday,8,3666
2024-11,member,Tuesday,9,2062
2024-11,member,Tuesday,10,1440
2024-11,member,Tuesday,11,1603
2024-11,member,Tuesday,12,1968
2024-11,member,Tuesday,13,1879
2024-11,member,Tuesday,14,1856
2024-11,member,Tuesday,15,2363
2024-11,member,Tuesday,16,3585
2024-11,member,Tuesday,17,3864
2024-11,member,Tuesday,18,2724
2024-11,member,Tuesday,19,1800
2024-11,member,Tuesday,20,1243
2024-11,member,Tuesday,21,1052
2024-11,member,Tuesday,22,722
2024-11,member,Tuesday,23,382
2024-11,member,Wednesday,0,222
2024-11,member,Wednesday,1,102
2024-11,member,Wednesday,2,53
2024-11,member,Wednesday,3,65
2024-11,member,Wednesday,4,85
2024-11,member,Wednesday,5,456
2024-11,member,Wednesday,6,1325
2024-11,member,Wednesday,7,2824
2024-11,member,Wednesday,8,3578
2024-11,member,Wednesday,9,1972
2024-11,member,Wednesday,10,1423
2024-11,member,Wednesday,11,1669
2024-11,member,Wednesday,12,1799
2024-11,member,Wednesday,13,1837
2024-11,member,Wednesday,14,1957
2024-11,member,Wednesday,15,2558
2024-11,member,Wednesday,16,3765
2024-11,member,Wednesday,17,3542
2024-11,member,Wednesday,18,2247
2024-11,member,Wednesday,19,1302
2024-11,member,Wednesday,20,955
2024-11,member,Wednesday,21,726
2024-11,member,Wednesday,22,529
2024-11,member,Wednesday,23,307
2024-11,member,Thursday,0,196
2024-11,member,Thursday,1,97
2024-11,member,Thursday,2,55
2024-11,member,Thursday,3,54
2024-11,member,Thursday,4,59
2024-11,member,Thursday,5,321
2024-11,member,Thursday,6,1097
2024-11,member,Thursday,7,2308
2024-11,member,Thursday,8,2864
2024-11,member,Thursday,9,1506
2024-11,member,Thursday,10,1027
2024-11,member,Thursday,11,1163
2024-11,member,Thursday,12,1338
2024-11,member,Thursday,13,1270
2024-11,member,Thursday,14,1328
2024-11,member,Thursday,15,1627
2024-11,member,Thursday,16,2885
2024-11,member,Thursday,17,3076
2024-11,member,Thursday,18,2114
2024-11,member,Thursday,19,1377
2024-11,member,Thursday,20,1000
2024-11,member,Thursday,21,858
2024-11,member,Thursday,22,707
2024-11,member,Thursday,23,426
2024-11,member,Friday,0,346
2024-11,member,Friday,1,157
2024-11,member,Friday,2,86
2024-11,member,Friday,3,96
2024-11,member,Friday,4,86
2024-11,member,Friday,5,410
2024-11,member,Friday,6,1230
2024-11,member,Friday,7,2267
2024-11,member,Friday,8,2722
2024-11,member,Friday,9,2018
2024-11,member,Friday,10,1691
2024-11,member,Friday,11,2017
2024-11,member,Friday,12,2417
2024-11,member,Friday,13,2609
2024-11,member,Friday,14,2613
2024-11,member,Friday,15,3463
2024-11,member,Friday,16,4092
2024-11,member,Friday,17,4069
2024-11,member,Friday,18,3066
2024-11,member,Friday,19,2141
2024-11,member,Friday,20,1327
2024-11,member,Friday,21,1133
2024-11,member,Friday,22,926
2024-11,member,Friday,23,808
2024-11,member,Saturday,0,614
2024-11,member,Saturday,1,465
2024-11,member,Saturday,2,296
2024-11,member,Saturday,3,175
2024-11,member,Saturday,4,116
2024-11,member,Saturday,5,122
2024-11,member,Saturday,6,369
2024-11,member,Saturday,7,733
2024-11,member,Saturday,8,1342
2024-11,member,Saturday,9,1850
2024-11,member,Saturday,10,2345
2024-11,member,Saturday,11,2476
2024-11,member,Saturday,12,2692
2024-11,member,Saturday,13,2697
2024-11,member,Saturday,14,2791
2024-11,member,Saturday,15,2478
2024-11,member,Saturday,16,2319
2024-11,member,Saturday,17,2048
2024-11,member,Saturday,18,1926
2024-11,member,Saturday,19,1477
2024-11,member,Saturday,20,1132
2024-11,member,Saturday,21,828
2024-11,member,Saturday,22,787
2024-11,member,Saturday,23,619
2024-12,casual,Sunday,0,208
2024-12,casual,Sunday,1,196
2024-12,casual,Sunday,2,136
2024-12,casual,Sunday,3,83
2024-12,casual,Sunday,4,45
2024-12,casual,Sunday,5,29
2024-12,casual,Sunday,6,60
2024-12,casual,Sunday,7,72
2024-12,casual,Sunday,8,123
2024-12,casual,Sunday,9,215
2024-12,casual,Sunday,10,360
2024-12,casual,Sunday,11,483
2024-12,casual,Sunday,12,438
2024-12,casual,Sunday,13,476
2024-12,casual,Sunday,14,574
2024-12,casual,Sunday,15,619
2024-12,casual,Sunday,16,395
2024-12,casual,Sunday,17,337
2024-12,casual,Sunday,18,291
2024-12,casual,Sunday,19,239
2024-12,casual,Sunday,20,192
2024-12,casual,Sunday,21,140
2024-12,casual,Sunday,22,171
2024-12,casual,Sunday,23,91
2024-12,casual,Monday,0,83
2024-12,casual,Monday,1,67
2024-12,casual,Monday,2,41
2024-12,casual,Monday,3,28
2024-12,casual,Monday,4,32
2024-12,casual,Monday,5,60
2024-12,casual,Monday,6,152
2024-12,casual,Monday,7,264
2024-12,casual,Monday,8,371
2024-12,casual,Monday,9,239
2024-12,casual,Monday,10,282
2024-12,casual,Monday,11,324
2024-12,casual,Monday,12,447
2024-12,casual,Monday,13,467
2024-12,casual,Monday,14,508
2024-12,casual,Monday,15,599
2024-12,casual,Monday,16,668
2024-12,casual,Monday,17,669
2024-12,casual,Monday,18,513
2024-12,casual,Monday,19,323
2024-12,casual,Monday,20,263
2024-12,casual,Monday,21,214
2024-12,casual,Monday,22,177
2024-12,casual,Monday,23,128
2024-12,casual,Tuesday,0,98
2024-12,casual,Tuesday,1,57
2024-12,casual,Tuesday,2,39
2024-12,casual,Tuesday,3,32
2024-12,casual,Tuesday,4,42
2024-12,casual,Tuesday,5,50
2024-12,casual,Tuesday,6,170
2024-12,casual,Tuesday,7,284
2024-12,casual,Tuesday,8,381
2024-12,casual,Tuesday,9,236
2024-12,casual,Tuesday,10,222
2024-12,casual,Tuesday,11,240
2024-12,casual,Tuesday,12,281
2024-12,casual,Tuesday,13,312
2024-12,casual,Tuesday,14,340
2024-12,casual,Tuesday,15,414
2024-12,casual,Tuesday,16,469
2024-12,casual,Tuesday,17,499
2024-12,casual,Tuesday,18,369
2024-12,casual,Tuesday,19,273
2024-12,casual,Tuesday,20,224
2024-12,casual,Tuesday,21,178
2024-12,casual,Tuesday,22,202
2024-12,casual,Tuesday,23,172
2024-12,casual,Wednesday,0,43
2024-12,casual,Wednesday,1,43
2024-12,casual,Wednesday,2,35
2024-12,casual,Wednesday,3,21
2024-12,casual,Wednesday,4,24
2024-12,casual,Wednesday,5,40
2024-12,casual,Wednesday,6,123
2024-12,casual,Wednesday,7,263
2024-12,casual,Wednesday,8,392
2024-12,casual,Wednesday,9,216
2024-12,casual,Wednesday,10,174
2024-12,casual,Wednesday,11,228
2024-12,casual,Wednesday,12,274
2024-12,casual,Wednesday,13,264
2024-12,casual,Wednesday,14,287
2024-12,casual,Wednesday,15,308
2024-12,casual,Wednesday,16,370
2024-12,casual,Wednesday,17,372
2024-12,casual,Wednesday,18,251
2024-12,casual,Wednesday,19,161
2024-12,casual,Wednesday,20,119
2024-12,casual,Wednesday,21,92
2024-12,casual,Wednesday,22,80
2024-12,casual,Wednesday,23,76
2024-12,casual,Thursday,0,49
2024-12,casual,Thursday,1,29
2024-12,casual,Thursday,2,17
2024-12,casual,Thursday,3,14
2024-12,casual,Thursday,4,18
2024-12,casual,Thursday,5,40
2024-12,casual,Thursday,6,106
2024-12,casual,Thursday,7,220
2024-12,casual,Thursday,8,316
2024-12,casual,Thursday,9,168
2024-12,casual,Thursday,10,128
2024-12,casual,Thursday,11,164
2024-12,casual,Thursday,12,204
2024-12,casual,Thursday,13,233
2024-12,casual,Thursday,14,260
2024-12,casual,Thursday,15,317
2024-12,casual,Thursday,16,390
2024-12,casual,Thursday,17,467
2024-12,casual,Thursday,18,323
2024-12,casual,Thursday,19,182
2024-12,casual,Thursday,20,108
2024-12,casual,Thursday,21,153
2024-12,casual,Thursday,22,240
2024-12,casual,Thursday,23,120
2024-12,casual,Friday,0,74
2024-12,casual,Friday,1,71
2024-12,casual,Friday,2,45
2024-12,casual,Friday,3,20
2024-12,casual,Friday,4,33
2024-12,casual,Friday,5,28
2024-12,casual,Friday,6,96
2024-12,casual,Friday,7,152
2024-12,casual,Friday,8,192
2024-12,casual,Friday,9,153
2024-12,casual,Friday,10,172
2024-12,casual,Friday,11,203
2024-12,casual,Friday,12,220
2024-12,casual,Friday,13,247
2024-12,casual,Friday,14,248
2024-12,casual,Friday,15,371
2024-12,casual,Friday,16,442
2024-12,casual,Friday,17,394
2024-12,casual,Friday,18,342
2024-12,casual,Friday,19,206
2024-12,casual,Friday,20,128
2024-12,casual,Friday,21,128
2024-12,casual,Friday,22,112
2024-12,casual,Friday,23,144
2024-12,casual,Saturday,0,184
2024-12,casual,Saturday,1,132
2024-12,casual,Saturday,2,90
2024-12,casual,Saturday,3,59
2024-12,casual,Saturday,4,36
2024-12,casual,Saturday,5,16
2024-12,casual,Saturday,6,45
2024-12,casual,Saturday,7,80
2024-12,casual,Saturday,8,156
2024-12,casual,Saturday,9,218
2024-12,casual,Saturday,10,309
2024-12,casual,Saturday,11,386
2024-12,casual,Saturday,12,471
2024-12,casual,Saturday,13,527
2024-12,casual,Saturday,14,572
2024-12,casual,Saturday,15,622
2024-12,casual,Saturday,16,500
2024-12,casual,Saturday,17,367
2024-12,casual,Saturday,18,285
2024-12,casual,Saturday,19,256
2024-12,casual,Saturday,20,203
2024-12,casual,Saturday,21,188
2024-12,casual,Saturday,22,219
2024-12,casual,Saturday,23,186
2024-12,member,Sunday,0,312
2024-12,member,Sunday,1,208
2024-12,member,Sunday,2,163
2024-12,member,Sunday,3,88
2024-12,member,Sunday,4,64
2024-12,member,Sunday,5,73
2024-12,member,Sunday,6,182
2024-12,member,Sunday,7,279
2024-12,member,Sunday,8,488
2024-12,member,Sunday,9,741
2024-12,member,Sunday,10,1041
2024-12,member,Sunday,11,1229
2024-12,member,Sunday,12,1318
2024-12,member,Sunday,13,1277
2024-12,member,Sunday,14,1372
2024-12,member,Sunday,15,1489
2024-12,member,Sunday,16,1304
2024-12,member,Sunday,17,1065
2024-12,member,Sunday,18,974
2024-12,member,Sunday,19,802
2024-12,member,Sunday,20,563
2024-12,member,Sunday,21,441
2024-12,member,Sunday,22,352
2024-12,member,Sunday,23,213
2024-12,member,Monday,0,159
2024-12,member,Monday,1,81
2024-12,member,Monday,2,66
2024-12,member,Monday,3,55
2024-12,member,Monday,4,79
2024-12,member,Monday,5,331
2024-12,member,Monday,6,1019
2024-12,member,Monday,7,1877
2024-12,member,Monday,8,2309
2024-12,member,Monday,9,1294
2024-12,member,Monday,10,975
2024-12,member,Monday,11,1210
2024-12,member,Monday,12,1402
2024-12,member,Monday,13,1489
2024-12,member,Monday,14,1481
2024-12,member,Monday,15,2095
2024-12,member,Monday,16,2802
2024-12,member,Monday,17,2961
2024-12,member,Monday,18,2115
2024-12,member,Monday,19,1315
2024-12,member,Monday,20,863
2024-12,member,Monday,21,685
2024-12,member,Monday,22,427
2024-12,member,Monday,23,244
2024-12,member,Tuesday,0,152
2024-12,member,Tuesday,1,78
2024-12,member,Tuesday,2,47
2024-12,member,Tuesday,3,39
2024-12,member,Tuesday,4,59
2024-12,member,Tuesday,5,323
2024-12,member,Tuesday,6,976
2024-12,member,Tuesday,7,1984
2024-12,member,Tuesday,8,2524
2024-12,member,Tuesday,9,1280
2024-12,member,Tuesday,10,942
2024-12,member,Tuesday,11,1003
2024-12,member,Tuesday,12,1186
2024-12,member,Tuesday,13,1355
2024-12,member,Tuesday,14,1239
2024-12,member,Tuesday,15,1711
2024-12,member,Tuesday,16,2559
2024-12,member,Tuesday,17,2751
2024-12,member,Tuesday,18,1817
2024-12,member,Tuesday,19,1167
2024-12,member,Tuesday,20,826
2024-12,member,Tuesday,21,624
2024-12,member,Tuesday,22,469
2024-12,member,Tuesday,23,261
2024-12,member,Wednesday,0,109
2024-12,member,Wednesday,1,58
2024-12,member,Wednesday,2,31
2024-12,member,Wednesday,3,32
2024-12,member,Wednesday,4,48
2024-12,member,Wednesday,5,262
2024-12,member,Wednesday,6,834
2024-12,member,Wednesday,7,1644
2024-12,member,Wednesday,8,2165
2024-12,member,Wednesday,9,1130
2024-12,member,Wednesday,10,701
2024-12,member,Wednesday,11,878
2024-12,member,Wednesday,12,958
2024-12,member,Wednesday,13,898
2024-12,member,Wednesday,14,1008
2024-12,member,Wednesday,15,1315
2024-12,member,Wednesday,16,1975
2024-12,member,Wednesday,17,2059
2024-12,member,Wednesday,18,1337
2024-12,member,Wednesday,19,804
2024-12,member,Wednesday,20,571
2024-12,member,Wednesday,21,443
2024-12,member,Wednesday,22,286
2024-12,member,Wednesday,23,187
2024-12,member,Thursday,0,78
2024-12,member,Thursday,1,51
2024-12,member,Thursday,2,23
2024-12,member,Thursday,3,16
2024-12,member,Thursday,4,51
2024-12,member,Thursday,5,191
2024-12,member,Thursday,6,622
2024-12,member,Thursday,7,1300
2024-12,member,Thursday,8,1753
2024-12,member,Thursday,9,1026
2024-12,member,Thursday,10,619
2024-12,member,Thursday,11,718
2024-12,member,Thursday,12,863
2024-12,member,Thursday,13,849
2024-12,member,Thursday,14,828
2024-12,member,Thursday,15,1290
2024-12,member,Thursday,16,1841
2024-12,member,Thursday,17,1953
2024-12,member,Thursday,18,1292
2024-12,member,Thursday,19,731
2024-12,member,Thursday,20,457
2024-12,member,Thursday,21,394
2024-12,member,Thursday,22,355
2024-12,member,Thursday,23,228
2024-12,member,Friday,0,141
2024-12,member,Friday,1,86
2024-12,member,Friday,2,49
2024-12,member,Friday,3,31
2024-12,member,Friday,4,38
2024-12,member,Friday,5,188
2024-12,member,Friday,6,525
2024-12,member,Friday,7,914
2024-12,member,Friday,8,1235
2024-12,member,Friday,9,871
2024-12,member,Friday,10,654
2024-12,member,Friday,11,935
2024-12,member,Friday,12,891
2024-12,member,Friday,13,990
2024-12,member,Friday,14,990
2024-12,member,Friday,15,1356
2024-12,member,Friday,16,1643
2024-12,member,Friday,17,1607
2024-12,member,Friday,18,1208
2024-12,member,Friday,19,737
2024-12,member,Friday,20,505
2024-12,member,Friday,21,394
2024-12,member,Friday,22,340
2024-12,member,Friday,23,301
2024-12,member,Saturday,0,263
2024-12,member,Saturday,1,212
2024-12,member,Saturday,2,97
2024-12,member,Saturday,3,55
2024-12,member,Saturday,4,52
2024-12,member,Saturday,5,55
2024-12,member,Saturday,6,202
2024-12,member,Saturday,7,322
2024-12,member,Saturday,8,565
2024-12,member,Saturday,9,798
2024-12,member,Saturday,10,1029
2024-12,member,Saturday,11,1069
2024-12,member,Saturday,12,1168
2024-12,member,Saturday,13,1260
2024-12,member,Saturday,14,1316
2024-12,member,Saturday,15,1348
2024-12,member,Saturday,16,1284
2024-12,member,Saturday,17,941
2024-12,member,Saturday,18,785
2024-12,member,Saturday,19,622
2024-12,member,Saturday,20,424
2024-12,member,Saturday,21,388
2024-12,member,Saturday,22,336
2024-12,member,Saturday,23,333
2025-01,casual,Sunday,0,110
2025-01,casual,Sunday,1,61
2025-01,casual,Sunday,2,51
2025-01,casual,Sunday,3,28
2025-01,casual,Sunday,4,13
2025-01,casual,Sunday,5,10
2025-01,casual,Sunday,6,35
2025-01,casual,Sunday,7,28
2025-01,casual,Sunday,8,66
2025-01,casual,Sunday,9,88
2025-01,casual,Sunday,10,122
2025-01,casual,Sunday,11,171
2025-01,casual,Sunday,12,170
2025-01,casual,Sunday,13,161
2025-01,casual,Sunday,14,169
2025-01,casual,Sunday,15,178
2025-01,casual,Sunday,16,146
2025-01,casual,Sunday,17,155
2025-01,casual,Sunday,18,120
2025-01,casual,Sunday,19,81
2025-01,casual,Sunday,20,86
2025-01,casual,Sunday,21,61
2025-01,casual,Sunday,22,58
2025-01,casual,Sunday,23,33
2025-01,casual,Monday,0,33
2025-01,casual,Monday,1,10
2025-01,casual,Monday,2,4
2025-01,casual,Monday,3,15
2025-01,casual,Monday,4,10
2025-01,casual,Monday,5,23
2025-01,casual,Monday,6,65
2025-01,casual,Monday,7,130
2025-01,casual,Monday,8,151
2025-01,casual,Monday,9,102
2025-01,casual,Monday,10,87
2025-01,casual,Monday,11,115
2025-01,casual,Monday,12,135
2025-01,casual,Monday,13,146
2025-01,casual,Monday,14,154
2025-01,casual,Monday,15,161
2025-01,casual,Monday,16,219
2025-01,casual,Monday,17,183
2025-01,casual,Monday,18,152
2025-01,casual,Monday,19,114
2025-01,casual,Monday,20,81
2025-01,casual,Monday,21,61
2025-01,casual,Monday,22,53
2025-01,casual,Monday,23,42
2025-01,casual,Tuesday,0,22
2025-01,casual,Tuesday,1,16
2025-01,casual,Tuesday,2,10
2025-01,casual,Tuesday,3,5
2025-01,casual,Tuesday,4,17
2025-01,casual,Tuesday,5,25
2025-01,casual,Tuesday,6,73
2025-01,casual,Tuesday,7,142
2025-01,casual,Tuesday,8,190
2025-01,casual,Tuesday,9,124
2025-01,casual,Tuesday,10,102
2025-01,casual,Tuesday,11,124
2025-01,casual,Tuesday,12,140
2025-01,casual,Tuesday,13,115
2025-01,casual,Tuesday,14,163
2025-01,casual,Tuesday,15,202
2025-01,casual,Tuesday,16,273
2025-01,casual,Tuesday,17,295
2025-01,casual,Tuesday,18,179
2025-01,casual,Tuesday,19,100
2025-01,casual,Tuesday,20,85
2025-01,casual,Tuesday,21,64
2025-01,casual,Tuesday,22,50
2025-01,casual,Tuesday,23,77
2025-01,casual,Wednesday,0,206
2025-01,casual,Wednesday,1,264
2025-01,casual,Wednesday,2,140
2025-01,casual,Wednesday,3,32
2025-01,casual,Wednesday,4,27
2025-01,casual,Wednesday,5,40
2025-01,casual,Wednesday,6,92
2025-01,casual,Wednesday,7,203
2025-01,casual,Wednesday,8,251
2025-01,casual,Wednesday,9,165
2025-01,casual,Wednesday,10,144
2025-01,casual,Wednesday,11,218
2025-01,casual,Wednesday,12,226
2025-01,casual,Wednesday,13,207
2025-01,casual,Wednesday,14,251
2025-01,casual,Wednesday,15,339
2025-01,casual,Wednesday,16,405
2025-01,casual,Wednesday,17,398
2025-01,casual,Wednesday,18,290
2025-01,casual,Wednesday,19,193
2025-01,casual,Wednesday,20,142
2025-01,casual,Wednesday,21,127
2025-01,casual,Wednesday,22,77
2025-01,casual,Wednesday,23,80
2025-01,casual,Thursday,0,44
2025-01,casual,Thursday,1,32
2025-01,casual,Thursday,2,29
2025-01,casual,Thursday,3,16
2025-01,casual,Thursday,4,22
2025-01,casual,Thursday,5,44
2025-01,casual,Thursday,6,119
2025-01,casual,Thursday,7,248
2025-01,casual,Thursday,8,305
2025-01,casual,Thursday,9,244
2025-01,casual,Thursday,10,209
2025-01,casual,Thursday,11,252
2025-01,casual,Thursday,12,283
2025-01,casual,Thursday,13,311
2025-01,casual,Thursday,14,295
2025-01,casual,Thursday,15,371
2025-01,casual,Thursday,16,468
2025-01,casual,Thursday,17,454
2025-01,casual,Thursday,18,262
2025-01,casual,Thursday,19,143
2025-01,casual,Thursday,20,135
2025-01,casual,Thursday,21,107
2025-01,casual,Thursday,22,97
2025-01,casual,Thursday,23,57
2025-01,casual,Friday,0,53
2025-01,casual,Friday,1,51
2025-01,casual,Friday,2,33
2025-01,casual,Friday,3,13
2025-01,casual,Friday,4,33
2025-01,casual,Friday,5,38
2025-01,casual,Friday,6,87
2025-01,casual,Friday,7,151
2025-01,casual,Friday,8,155
2025-01,casual,Friday,9,144
2025-01,casual,Friday,10,111
2025-01,casual,Friday,11,159
2025-01,casual,Friday,12,192
2025-01,casual,Friday,13,229
2025-01,casual,Friday,14,246
2025-01,casual,Friday,15,333
2025-01,casual,Friday,16,361
2025-01,casual,Friday,17,344
2025-01,casual,Friday,18,303
2025-01,casual,Friday,19,196
2025-01,casual,Friday,20,148
2025-01,casual,Friday,21,167
2025-01,casual,Friday,22,127
2025-01,casual,Friday,23,138
2025-01,casual,Saturday,0,102
2025-01,casual,Saturday,1,79
2025-01,casual,Saturday,2,50
2025-01,casual,Saturday,3,34
2025-01,casual,Saturday,4,20
2025-01,casual,Saturday,5,12
2025-01,casual,Saturday,6,27
2025-01,casual,Saturday,7,46
2025-01,casual,Saturday,8,128
2025-01,casual,Saturday,9,129
2025-01,casual,Saturday,10,198
2025-01,casual,Saturday,11,225
2025-01,casual,Saturday,12,255
2025-01,casual,Saturday,13,299
2025-01,casual,Saturday,14,292
2025-01,casual,Saturday,15,298
2025-01,casual,Saturday,16,294
2025-01,casual,Saturday,17,234
2025-01,casual,Saturday,18,173
2025-01,casual,Saturday,19,130
2025-01,casual,Saturday,20,127
2025-01,casual,Saturday,21,121
2025-01,casual,Saturday,22,122
2025-01,casual,Saturday,23,123
2025-01,member,Sunday,0,191
2025-01,member,Sunday,1,114
2025-01,member,Sunday,2,80
2025-01,member,Sunday,3,50
2025-01,member,Sunday,4,36
2025-01,member,Sunday,5,46
2025-01,member,Sunday,6,89
2025-01,member,Sunday,7,191
2025-01,member,Sunday,8,303
2025-01,member,Sunday,9,457
2025-01,member,Sunday,10,582
2025-01,member,Sunday,11,661
2025-01,member,Sunday,12,676
2025-01,member,Sunday,13,766
2025-01,member,Sunday,14,721
2025-01,member,Sunday,15,758
2025-01,member,Sunday,16,708
2025-01,member,Sunday,17,618
2025-01,member,Sunday,18,552
2025-01,member,Sunday,19,382
2025-01,member,Sunday,20,304
2025-01,member,Sunday,21,245
2025-01,member,Sunday,22,172
2025-01,member,Sunday,23,89
2025-01,member,Monday,0,58
2025-01,member,Monday,1,31
2025-01,member,Monday,2,11
2025-01,member,Monday,3,22
2025-01,member,Monday,4,32
2025-01,member,Monday,5,212
2025-01,member,Monday,6,616
2025-01,member,Monday,7,1044
2025-01,member,Monday,8,1284
2025-01,member,Monday,9,690
2025-01,member,Monday,10,492
2025-01,member,Monday,11,597
2025-01,member,Monday,12,681
2025-01,member,Monday,13,724
2025-01,member,Monday,14,683
2025-01,member,Monday,15,949
2025-01,member,Monday,16,1377
2025-01,member,Monday,17,1536
2025-01,member,Monday,18,1025
2025-01,member,Monday,19,633
2025-01,member,Monday,20,427
2025-01,member,Monday,21,356
2025-01,member,Monday,22,222
2025-01,member,Monday,23,122
2025-01,member,Tuesday,0,55
2025-01,member,Tuesday,1,26
2025-01,member,Tuesday,2,13
2025-01,member,Tuesday,3,19
2025-01,member,Tuesday,4,50
2025-01,member,Tuesday,5,231
2025-01,member,Tuesday,6,656
2025-01,member,Tuesday,7,1237
2025-01,member,Tuesday,8,1585
2025-01,member,Tuesday,9,774
2025-01,member,Tuesday,10,552
2025-01,member,Tuesday,11,582
2025-01,member,Tuesday,12,714
2025-01,member,Tuesday,13,681
2025-01,member,Tuesday,14,647
2025-01,member,Tuesday,15,1046
2025-01,member,Tuesday,16,1714
2025-01,member,Tuesday,17,1942
2025-01,member,Tuesday,18,1267
2025-01,member,Tuesday,19,807
2025-01,member,Tuesday,20,491
2025-01,member,Tuesday,21,362
2025-01,member,Tuesday,22,200
2025-01,member,Tuesday,23,130
2025-01,member,Wednesday,0,193
2025-01,member,Wednesday,1,194
2025-01,member,Wednesday,2,106
2025-01,member,Wednesday,3,59
2025-01,member,Wednesday,4,51
2025-01,member,Wednesday,5,295
2025-01,member,Wednesday,6,758
2025-01,member,Wednesday,7,1412
2025-01,member,Wednesday,8,1906
2025-01,member,Wednesday,9,995
2025-01,member,Wednesday,10,727
2025-01,member,Wednesday,11,915
2025-01,member,Wednesday,12,970
2025-01,member,Wednesday,13,972
2025-01,member,Wednesday,14,1026
2025-01,member,Wednesday,15,1361
2025-01,member,Wednesday,16,2137
2025-01,member,Wednesday,17,2352
2025-01,member,Wednesday,18,1583
2025-01,member,Wednesday,19,1022
2025-01,member,Wednesday,20,681
2025-01,member,Wednesday,21,531
2025-01,member,Wednesday,22,327
2025-01,member,Wednesday,23,159
2025-01,member,Thursday,0,79
2025-01,member,Thursday,1,48
2025-01,member,Thursday,2,17
2025-01,member,Thursday,3,23
2025-01,member,Thursday,4,62
2025-01,member,Thursday,5,296
2025-01,member,Thursday,6,878
2025-01,member,Thursday,7,1794
2025-01,member,Thursday,8,2433
2025-01,member,Thursday,9,1333
2025-01,member,Thursday,10,893
2025-01,member,Thursday,11,1060
2025-01,member,Thursday,12,1246
2025-01,member,Thursday,13,1223
2025-01,member,Thursday,14,1216
2025-01,member,Thursday,15,1692
2025-01,member,Thursday,16,2638
2025-01,member,Thursday,17,2474
2025-01,member,Thursday,18,1537
2025-01,member,Thursday,19,1021
2025-01,member,Thursday,20,639
2025-01,member,Thursday,21,477
2025-01,member,Thursday,22,341
2025-01,member,Thursday,23,174
2025-01,member,Friday,0,123
2025-01,member,Friday,1,52
2025-01,member,Friday,2,39
2025-01,member,Friday,3,40
2025-01,member,Friday,4,64
2025-01,member,Friday,5,278
2025-01,member,Friday,6,659
2025-01,member,Friday,7,1076
2025-01,member,Friday,8,1124
2025-01,member,Friday,9,811
2025-01,member,Friday,10,621
2025-01,member,Friday,11,761
2025-01,member,Friday,12,896
2025-01,member,Friday,13,930
2025-01,member,Friday,14,995
2025-01,member,Friday,15,1315
2025-01,member,Friday,16,1836
2025-01,member,Friday,17,1793
2025-01,member,Friday,18,1400
2025-01,member,Friday,19,859
2025-01,member,Friday,20,515
2025-01,member,Friday,21,472
2025-01,member,Friday,22,349
2025-01,member,Friday,23,309
2025-01,member,Saturday,0,185
2025-01,member,Saturday,1,119
2025-01,member,Saturday,2,83
2025-01,member,Saturday,3,35
2025-01,member,Saturday,4,26
2025-01,member,Saturday,5,50
2025-01,member,Saturday,6,163
2025-01,member,Saturday,7,275
2025-01,member,Saturday,8,450
2025-01,member,Saturday,9,694
2025-01,member,Saturday,10,796
2025-01,member,Saturday,11,967
2025-01,member,Saturday,12,979
2025-01,member,Saturday,13,1050
2025-01,member,Saturday,14,1093
2025-01,member,Saturday,15,1031
2025-01,member,Saturday,16,967
2025-01,member,Saturday,17,866
2025-01,member,Saturday,18,689
2025-01,member,Saturday,19,538
2025-01,member,Saturday,20,390
2025-01,member,Saturday,21,306
2025-01,member,Saturday,22,325
2025-01,member,Saturday,23,224
2025-02,casual,Sunday,0,112
2025-02,casual,Sunday,1,91
2025-02,casual,Sunday,2,84
2025-02,casual,Sunday,3,38
2025-02,casual,Sunday,4,28
2025-02,casual,Sunday,5,16
2025-02,casual,Sunday,6,17
2025-02,casual,Sunday,7,35
2025-02,casual,Sunday,8,98
2025-02,casual,Sunday,9,158
2025-02,casual,Sunday,10,221
2025-02,casual,Sunday,11,243
2025-02,casual,Sunday,12,317
2025-02,casual,Sunday,13,294
2025-02,casual,Sunday,14,338
2025-02,casual,Sunday,15,326
2025-02,casual,Sunday,16,324
2025-02,casual,Sunday,17,340
2025-02,casual,Sunday,18,181
2025-02,casual,Sunday,19,111
2025-02,casual,Sunday,20,109
2025-02,casual,Sunday,21,100
2025-02,casual,Sunday,22,85
2025-02,casual,Sunday,23,49
2025-02,casual,Monday,0,34
2025-02,casual,Monday,1,30
2025-02,casual,Monday,2,17
2025-02,casual,Monday,3,20
2025-02,casual,Monday,4,26
2025-02,casual,Monday,5,35
2025-02,casual,Monday,6,79
2025-02,casual,Monday,7,196
2025-02,casual,Monday,8,217
2025-02,casual,Monday,9,163
2025-02,casual,Monday,10,127
2025-02,casual,Monday,11,194
2025-02,casual,Monday,12,194
2025-02,casual,Monday,13,207
2025-02,casual,Monday,14,212
2025-02,casual,Monday,15,259
2025-02,casual,Monday,16,381
2025-02,casual,Monday,17,371
2025-02,casual,Monday,18,262
2025-02,casual,Monday,19,171
2025-02,casual,Monday,20,133
2025-02,casual,Monday,21,113
2025-02,casual,Monday,22,87
2025-02,casual,Monday,23,43
2025-02,casual,Tuesday,0,25
2025-02,casual,Tuesday,1,18
2025-02,casual,Tuesday,2,17
2025-02,casual,Tuesday,3,9
2025-02,casual,Tuesday,4,30
2025-02,casual,Tuesday,5,48
2025-02,casual,Tuesday,6,92
2025-02,casual,Tuesday,7,183
2025-02,casual,Tuesday,8,323
2025-02,casual,Tuesday,9,167
2025-02,casual,Tuesday,10,142
2025-02,casual,Tuesday,11,170
2025-02,casual,Tuesday,12,229
2025-02,casual,Tuesday,13,209
2025-02,casual,Tuesday,14,231
2025-02,casual,Tuesday,15,320
2025-02,casual,Tuesday,16,410
2025-02,casual,Tuesday,17,505
2025-02,casual,Tuesday,18,266
2025-02,casual,Tuesday,19,164
2025-02,casual,Tuesday,20,132
2025-02,casual,Tuesday,21,98
2025-02,casual,Tuesday,22,91
2025-02,casual,Tuesday,23,45
2025-02,casual,Wednesday,0,32
2025-02,casual,Wednesday,1,24
2025-02,casual,Wednesday,2,15
2025-02,casual,Wednesday,3,11
2025-02,casual,Wednesday,4,19
2025-02,casual,Wednesday,5,38
2025-02,casual,Wednesday,6,93
2025-02,casual,Wednesday,7,183
2025-02,casual,Wednesday,8,276
2025-02,casual,Wednesday,9,165
2025-02,casual,Wednesday,10,135
2025-02,casual,Wednesday,11,178
2025-02,casual,Wednesday,12,157
2025-02,casual,Wednesday,13,142
2025-02,casual,Wednesday,14,179
2025-02,casual,Wednesday,15,243
2025-02,casual,Wednesday,16,342
2025-02,casual,Wednesday,17,378
2025-02,casual,Wednesday,18,225
2025-02,casual,Wednesday,19,175
2025-02,casual,Wednesday,20,131
2025-02,casual,Wednesday,21,106
2025-02,casual,Wednesday,22,67
2025-02,casual,Wednesday,23,44
2025-02,casual,Thursday,0,24
2025-02,casual,Thursday,1,7
2025-02,casual,Thursday,2,20
2025-02,casual,Thursday,3,14
2025-02,casual,Thursday,4,17
2025-02,casual,Thursday,5,31
2025-02,casual,Thursday,6,78
2025-02,casual,Thursday,7,203
2025-02,casual,Thursday,8,242
2025-02,casual,Thursday,9,180
2025-02,casual,Thursday,10,150
2025-02,casual,Thursday,11,165
2025-02,casual,Thursday,12,220
2025-02,casual,Thursday,13,195
2025-02,casual,Thursday,14,235
2025-02,casual,Thursday,15,310
2025-02,casual,Thursday,16,452
2025-02,casual,Thursday,17,467
2025-02,casual,Thursday,18,283
2025-02,casual,Thursday,19,187
2025-02,casual,Thursday,20,139
2025-02,casual,Thursday,21,122
2025-02,casual,Thursday,22,110
2025-02,casual,Thursday,23,90
2025-02,casual,Friday,0,62
2025-02,casual,Friday,1,41
2025-02,casual,Friday,2,31
2025-02,casual,Friday,3,15
2025-02,casual,Friday,4,16
2025-02,casual,Friday,5,48
2025-02,casual,Friday,6,71
2025-02,casual,Friday,7,178
2025-02,casual,Friday,8,195
2025-02,casual,Friday,9,202
2025-02,casual,Friday,10,168
2025-02,casual,Friday,11,269
2025-02,casual,Friday,12,252
2025-02,casual,Friday,13,312
2025-02,casual,Friday,14,371
2025-02,casual,Friday,15,471
2025-02,casual,Friday,16,493
2025-02,casual,Friday,17,538
2025-02,casual,Friday,18,338
2025-02,casual,Friday,19,223
2025-02,casual,Friday,20,138
2025-02,casual,Friday,21,120
2025-02,casual,Friday,22,137
2025-02,casual,Friday,23,110
2025-02,casual,Saturday,0,115
2025-02,casual,Saturday,1,95
2025-02,casual,Saturday,2,73
2025-02,casual,Saturday,3,35
2025-02,casual,Saturday,4,25
2025-02,casual,Saturday,5,14
2025-02,casual,Saturday,6,24
2025-02,casual,Saturday,7,61
2025-02,casual,Saturday,8,141
2025-02,casual,Saturday,9,157
2025-02,casual,Saturday,10,253
2025-02,casual,Saturday,11,261
2025-02,casual,Saturday,12,260
2025-02,casual,Saturday,13,260
2025-02,casual,Saturday,14,285
2025-02,casual,Saturday,15,339
2025-02,casual,Saturday,16,261
2025-02,casual,Saturday,17,241
2025-02,casual,Saturday,18,171
2025-02,casual,Saturday,19,146
2025-02,casual,Saturday,20,117
2025-02,casual,Saturday,21,111
2025-02,casual,Saturday,22,123
2025-02,casual,Saturday,23,128
2025-02,member,Sunday,0,229
2025-02,member,Sunday,1,142
2025-02,member,Sunday,2,112
2025-02,member,Sunday,3,51
2025-02,member,Sunday,4,49
2025-02,member,Sunday,5,55
2025-02,member,Sunday,6,102
2025-02,member,Sunday,7,184
2025-02,member,Sunday,8,356
2025-02,member,Sunday,9,611
2025-02,member,Sunday,10,797
2025-02,member,Sunday,11,922
2025-02,member,Sunday,12,939
2025-02,member,Sunday,13,1035
2025-02,member,Sunday,14,1109
2025-02,member,Sunday,15,1037
2025-02,member,Sunday,16,1105
2025-02,member,Sunday,17,1030
2025-02,member,Sunday,18,734
2025-02,member,Sunday,19,522
2025-02,member,Sunday,20,392
2025-02,member,Sunday,21,368
2025-02,member,Sunday,22,248
2025-02,member,Sunday,23,140
2025-02,member,Monday,0,79
2025-02,member,Monday,1,43
2025-02,member,Monday,2,19
2025-02,member,Monday,3,32
2025-02,member,Monday,4,46
2025-02,member,Monday,5,243
2025-02,member,Monday,6,739
2025-02,member,Monday,7,1523
2025-02,member,Monday,8,1839
2025-02,member,Monday,9,988
2025-02,member,Monday,10,651
2025-02,member,Monday,11,816
2025-02,member,Monday,12,1049
2025-02,member,Monday,13,968
2025-02,member,Monday,14,908
2025-02,member,Monday,15,1316
2025-02,member,Monday,16,1988
2025-02,member,Monday,17,2327
2025-02,member,Monday,18,1537
2025-02,member,Monday,19,1004
2025-02,member,Monday,20,658
2025-02,member,Monday,21,512
2025-02,member,Monday,22,249
2025-02,member,Monday,23,118
2025-02,member,Tuesday,0,60
2025-02,member,Tuesday,1,39
2025-02,member,Tuesday,2,17
2025-02,member,Tuesday,3,15
2025-02,member,Tuesday,4,45
2025-02,member,Tuesday,5,266
2025-02,member,Tuesday,6,830
2025-02,member,Tuesday,7,1736
2025-02,member,Tuesday,8,2152
2025-02,member,Tuesday,9,1091
2025-02,member,Tuesday,10,714
2025-02,member,Tuesday,11,831
2025-02,member,Tuesday,12,1020
2025-02,member,Tuesday,13,891
2025-02,member,Tuesday,14,890
2025-02,member,Tuesday,15,1376
2025-02,member,Tuesday,16,2333
2025-02,member,Tuesday,17,2603
2025-02,member,Tuesday,18,1698
2025-02,member,Tuesday,19,985
2025-02,member,Tuesday,20,616
2025-02,member,Tuesday,21,470
2025-02,member,Tuesday,22,307
2025-02,member,Tuesday,23,158
2025-02,member,Wednesday,0,69
2025-02,member,Wednesday,1,26
2025-02,member,Wednesday,2,20
2025-02,member,Wednesday,3,18
2025-02,member,Wednesday,4,52
2025-02,member,Wednesday,5,256
2025-02,member,Wednesday,6,817
2025-02,member,Wednesday,7,1384
2025-02,member,Wednesday,8,1922
2025-02,member,Wednesday,9,1125
2025-02,member,Wednesday,10,767
2025-02,member,Wednesday,11,713
2025-02,member,Wednesday,12,901
2025-02,member,Wednesday,13,763
2025-02,member,Wednesday,14,809
2025-02,member,Wednesday,15,1158
2025-02,member,Wednesday,16,1814
2025-02,member,Wednesday,17,2106
2025-02,member,Wednesday,18,1407
2025-02,member,Wednesday,19,824
2025-02,member,Wednesday,20,569
2025-02,member,Wednesday,21,451
2025-02,member,Wednesday,22,216
2025-02,member,Wednesday,23,114
2025-02,member,Thursday,0,44
2025-02,member,Thursday,1,34
2025-02,member,Thursday,2,13
2025-02,member,Thursday,3,20
2025-02,member,Thursday,4,45
2025-02,member,Thursday,5,172
2025-02,member,Thursday,6,597
2025-02,member,Thursday,7,1391
2025-02,member,Thursday,8,1725
2025-02,member,Thursday,9,1085
2025-02,member,Thursday,10,646
2025-02,member,Thursday,11,780
2025-02,member,Thursday,12,929
2025-02,member,Thursday,13,930
2025-02,member,Thursday,14,878
2025-02,member,Thursday,15,1412
2025-02,member,Thursday,16,2127
2025-02,member,Thursday,17,2530
2025-02,member,Thursday,18,1573
2025-02,member,Thursday,19,987
2025-02,member,Thursday,20,667
2025-02,member,Thursday,21,509
2025-02,member,Thursday,22,364
2025-02,member,Thursday,23,218
2025-02,member,Friday,0,130
2025-02,member,Friday,1,60
2025-02,member,Friday,2,26
2025-02,member,Friday,3,28
2025-02,member,Friday,4,48
2025-02,member,Friday,5,203
2025-02,member,Friday,6,573
2025-02,member,Friday,7,1098
2025-02,member,Friday,8,1331
2025-02,member,Friday,9,946
2025-02,member,Friday,10,737
2025-02,member,Friday,11,902
2025-02,member,Friday,12,1141
2025-02,member,Friday,13,1139
2025-02,member,Friday,14,1140
2025-02,member,Friday,15,1530
2025-02,member,Friday,16,1967
2025-02,member,Friday,17,1965
2025-02,member,Friday,18,1351
2025-02,member,Friday,19,837
2025-02,member,Friday,20,490
2025-02,member,Friday,21,471
2025-02,member,Friday,22,327
2025-02,member,Friday,23,245
2025-02,member,Saturday,0,204
2025-02,member,Saturday,1,148
2025-02,member,Saturday,2,76
2025-02,member,Saturday,3,56
2025-02,member,Saturday,4,27
2025-02,member,Saturday,5,48
2025-02,member,Saturday,6,156
2025-02,member,Saturday,7,334
2025-02,member,Saturday,8,512
2025-02,member,Saturday,9,766
2025-02,member,Saturday,10,908
2025-02,member,Saturday,11,955
2025-02,member,Saturday,12,998
2025-02,member,Saturday,13,1002
2025-02,member,Saturday,14,879
2025-02,member,Saturday,15,895
2025-02,member,Saturday,16,926
2025-02,member,Saturday,17,794
2025-02,member,Saturday,18,695
2025-02,member,Saturday,19,549
2025-02,member,Saturday,20,455
2025-02,member,Saturday,21,330
2025-02,member,Saturday,22,336
2025-02,member,Saturday,23,309
2025-03,casual,Sunday,0,259
2025-03,casual,Sunday,1,214
2025-03,casual,Sunday,2,115
2025-03,casual,Sunday,3,142
2025-03,casual,Sunday,4,80
2025-03,casual,Sunday,5,40
2025-03,casual,Sunday,6,93
2025-03,casual,Sunday,7,173
2025-03,casual,Sunday,8,280
2025-03,casual,Sunday,9,400
2025-03,casual,Sunday,10,565
2025-03,casual,Sunday,11,741
2025-03,casual,Sunday,12,943
2025-03,casual,Sunday,13,1050
2025-03,casual,Sunday,14,973
2025-03,casual,Sunday,15,762
2025-03,casual,Sunday,16,765
2025-03,casual,Sunday,17,729
2025-03,casual,Sunday,18,580
2025-03,casual,Sunday,19,384
2025-03,casual,Sunday,20,310
2025-03,casual,Sunday,21,217
2025-03,casual,Sunday,22,186
2025-03,casual,Sunday,23,125
2025-03,casual,Monday,0,90
2025-03,casual,Monday,1,62
2025-03,casual,Monday,2,41
2025-03,casual,Monday,3,35
2025-03,casual,Monday,4,27
2025-03,casual,Monday,5,85
2025-03,casual,Monday,6,214
2025-03,casual,Monday,7,366
2025-03,casual,Monday,8,491
2025-03,casual,Monday,9,368
2025-03,casual,Monday,10,310
2025-03,casual,Monday,11,463
2025-03,casual,Monday,12,563
2025-03,casual,Monday,13,622
2025-03,casual,Monday,14,784
2025-03,casual,Monday,15,941
2025-03,casual,Monday,16,1271
2025-03,casual,Monday,17,1528
2025-03,casual,Monday,18,1111
2025-03,casual,Monday,19,617
2025-03,casual,Monday,20,415
2025-03,casual,Monday,21,376
2025-03,casual,Monday,22,256
2025-03,casual,Monday,23,174
2025-03,casual,Tuesday,0,86
2025-03,casual,Tuesday,1,47
2025-03,casual,Tuesday,2,40
2025-03,casual,Tuesday,3,20
2025-03,casual,Tuesday,4,63
2025-03,casual,Tuesday,5,66
2025-03,casual,Tuesday,6,180
2025-03,casual,Tuesday,7,378
2025-03,casual,Tuesday,8,616
2025-03,casual,Tuesday,9,363
2025-03,casual,Tuesday,10,277
2025-03,casual,Tuesday,11,374
2025-03,casual,Tuesday,12,403
2025-03,casual,Tuesday,13,426
2025-03,casual,Tuesday,14,482
2025-03,casual,Tuesday,15,709
2025-03,casual,Tuesday,16,947
2025-03,casual,Tuesday,17,1105
2025-03,casual,Tuesday,18,855
2025-03,casual,Tuesday,19,514
2025-03,casual,Tuesday,20,300
2025-03,casual,Tuesday,21,253
2025-03,casual,Tuesday,22,197
2025-03,casual,Tuesday,23,124
2025-03,casual,Wednesday,0,93
2025-03,casual,Wednesday,1,46
2025-03,casual,Wednesday,2,30
2025-03,casual,Wednesday,3,29
2025-03,casual,Wednesday,4,34
2025-03,casual,Wednesday,5,58
2025-03,casual,Wednesday,6,182
2025-03,casual,Wednesday,7,393
2025-03,casual,Wednesday,8,570
2025-03,casual,Wednesday,9,370
2025-03,casual,Wednesday,10,312
2025-03,casual,Wednesday,11,360
2025-03,casual,Wednesday,12,376
2025-03,casual,Wednesday,13,272
2025-03,casual,Wednesday,14,386
2025-03,casual,Wednesday,15,418
2025-03,casual,Wednesday,16,643
2025-03,casual,Wednesday,17,657
2025-03,casual,Wednesday,18,510
2025-03,casual,Wednesday,19,327
2025-03,casual,Wednesday,20,221
2025-03,casual,Wednesday,21,207
2025-03,casual,Wednesday,22,160
2025-03,casual,Wednesday,23,97
2025-03,casual,Thursday,0,85
2025-03,casual,Thursday,1,38
2025-03,casual,Thursday,2,30
2025-03,casual,Thursday,3,18
2025-03,casual,Thursday,4,36
2025-03,casual,Thursday,5,64
2025-03,casual,Thursday,6,146
2025-03,casual,Thursday,7,257
2025-03,casual,Thursday,8,424
2025-03,casual,Thursday,9,310
2025-03,casual,Thursday,10,260
2025-03,casual,Thursday,11,362
2025-03,casual,Thursday,12,429
2025-03,casual,Thursday,13,439
2025-03,casual,Thursday,14,485
2025-03,casual,Thursday,15,641
2025-03,casual,Thursday,16,844
2025-03,casual,Thursday,17,1018
2025-03,casual,Thursday,18,785
2025-03,casual,Thursday,19,510
2025-03,casual,Thursday,20,320
2025-03,casual,Thursday,21,309
2025-03,casual,Thursday,22,276
2025-03,casual,Thursday,23,224
2025-03,casual,Friday,0,167
2025-03,casual,Friday,1,86
2025-03,casual,Friday,2,77
2025-03,casual,Friday,3,41
2025-03,casual,Friday,4,27
2025-03,casual,Friday,5,49
2025-03,casual,Friday,6,131
2025-03,casual,Friday,7,284
2025-03,casual,Friday,8,394
2025-03,casual,Friday,9,396
2025-03,casual,Friday,10,481
2025-03,casual,Friday,11,698
2025-03,casual,Friday,12,1022
2025-03,casual,Friday,13,1188
2025-03,casual,Friday,14,1336
2025-03,casual,Friday,15,1678
2025-03,casual,Friday,16,1999
2025-03,casual,Friday,17,2072
2025-03,casual,Friday,18,1878
2025-03,casual,Friday,19,1243
2025-03,casual,Friday,20,815
2025-03,casual,Friday,21,614
2025-03,casual,Friday,22,674
2025-03,casual,Friday,23,658
2025-03,casual,Saturday,0,529
2025-03,casual,Saturday,1,318
2025-03,casual,Saturday,2,179
2025-03,casual,Saturday,3,104
2025-03,casual,Saturday,4,60
2025-03,casual,Saturday,5,35
2025-03,casual,Saturday,6,96
2025-03,casual,Saturday,7,254
2025-03,casual,Saturday,8,513
2025-03,casual,Saturday,9,876
2025-03,casual,Saturday,10,1128
2025-03,casual,Saturday,11,1445
2025-03,casual,Saturday,12,1736
2025-03,casual,Saturday,13,1856
2025-03,casual,Saturday,14,2031
2025-03,casual,Saturday,15,1919
2025-03,casual,Saturday,16,1685
2025-03,casual,Saturday,17,1313
2025-03,casual,Saturday,18,1104
2025-03,casual,Saturday,19,827
2025-03,casual,Saturday,20,512
2025-03,casual,Saturday,21,472
2025-03,casual,Saturday,22,360
2025-03,casual,Saturday,23,285
2025-03,member,Sunday,0,379
2025-03,member,Sunday,1,244
2025-03,member,Sunday,2,152
2025-03,member,Sunday,3,151
2025-03,member,Sunday,4,92
2025-03,member,Sunday,5,85
2025-03,member,Sunday,6,245
2025-03,member,Sunday,7,478
2025-03,member,Sunday,8,729
2025-03,member,Sunday,9,1046
2025-03,member,Sunday,10,1331
2025-03,member,Sunday,11,1694
2025-03,member,Sunday,12,1883
2025-03,member,Sunday,13,1959
2025-03,member,Sunday,14,1835
2025-03,member,Sunday,15,1509
2025-03,member,Sunday,16,1478
2025-03,member,Sunday,17,1497
2025-03,member,Sunday,18,1391
2025-03,member,Sunday,19,1049
2025-03,member,Sunday,20,730
2025-03,member,Sunday,21,573
2025-03,member,Sunday,22,382
2025-03,member,Sunday,23,228
2025-03,member,Monday,0,146
2025-03,member,Monday,1,78
2025-03,member,Monday,2,52
2025-03,member,Monday,3,36
2025-03,member,Monday,4,82
2025-03,member,Monday,5,356
2025-03,member,Monday,6,1236
2025-03,member,Monday,7,2339
2025-03,member,Monday,8,3092
2025-03,member,Monday,9,1660
2025-03,member,Monday,10,1094
2025-03,member,Monday,11,1310
2025-03,member,Monday,12,1629
2025-03,member,Monday,13,1557
2025-03,member,Monday,14,1689
2025-03,member,Monday,15,2546
2025-03,member,Monday,16,4042
2025-03,member,Monday,17,4972
2025-03,member,Monday,18,3476
2025-03,member,Monday,19,2179
2025-03,member,Monday,20,1343
2025-03,member,Monday,21,921
2025-03,member,Monday,22,557
2025-03,member,Monday,23,286
2025-03,member,Tuesday,0,141
2025-03,member,Tuesday,1,78
2025-03,member,Tuesday,2,38
2025-03,member,Tuesday,3,30
2025-03,member,Tuesday,4,78
2025-03,member,Tuesday,5,354
2025-03,member,Tuesday,6,1022
2025-03,member,Tuesday,7,2379
2025-03,member,Tuesday,8,3298
2025-03,member,Tuesday,9,1564
2025-03,member,Tuesday,10,1005
2025-03,member,Tuesday,11,1193
2025-03,member,Tuesday,12,1245
2025-03,member,Tuesday,13,1124
2025-03,member,Tuesday,14,1145
2025-03,member,Tuesday,15,1883
2025-03,member,Tuesday,16,3425
2025-03,member,Tuesday,17,4013
2025-03,member,Tuesday,18,2779
2025-03,member,Tuesday,19,1606
2025-03,member,Tuesday,20,874
2025-03,member,Tuesday,21,715
2025-03,member,Tuesday,22,471
2025-03,member,Tuesday,23,247
2025-03,member,Wednesday,0,130
2025-03,member,Wednesday,1,68
2025-03,member,Wednesday,2,33
2025-03,member,Wednesday,3,39
2025-03,member,Wednesday,4,52
2025-03,member,Wednesday,5,356
2025-03,member,Wednesday,6,1136
2025-03,member,Wednesday,7,2447
2025-03,member,Wednesday,8,3207
2025-03,member,Wednesday,9,1648
2025-03,member,Wednesday,10,1032
2025-03,member,Wednesday,11,1198
2025-03,member,Wednesday,12,1354
2025-03,member,Wednesday,13,1106
2025-03,member,Wednesday,14,1112
2025-03,member,Wednesday,15,1436
2025-03,member,Wednesday,16,2553
2025-03,member,Wednesday,17,2983
2025-03,member,Wednesday,18,1837
2025-03,member,Wednesday,19,1253
2025-03,member,Wednesday,20,854
2025-03,member,Wednesday,21,621
2025-03,member,Wednesday,22,423
2025-03,member,Wednesday,23,225
2025-03,member,Thursday,0,130
2025-03,member,Thursday,1,65
2025-03,member,Thursday,2,43
2025-03,member,Thursday,3,30
2025-03,member,Thursday,4,49
2025-03,member,Thursday,5,274
2025-03,member,Thursday,6,868
2025-03,member,Thursday,7,1856
2025-03,member,Thursday,8,2679
2025-03,member,Thursday,9,1425
2025-03,member,Thursday,10,948
2025-03,member,Thursday,11,1093
2025-03,member,Thursday,12,1401
2025-03,member,Thursday,13,1309
2025-03,member,Thursday,14,1328
2025-03,member,Thursday,15,2004
2025-03,member,Thursday,16,3173
2025-03,member,Thursday,17,3876
2025-03,member,Thursday,18,2697
2025-03,member,Thursday,19,1634
2025-03,member,Thursday,20,1060
2025-03,member,Thursday,21,861
2025-03,member,Thursday,22,676
2025-03,member,Thursday,23,359
2025-03,member,Friday,0,263
2025-03,member,Friday,1,126
2025-03,member,Friday,2,50
2025-03,member,Friday,3,43
2025-03,member,Friday,4,55
2025-03,member,Friday,5,268
2025-03,member,Friday,6,803
2025-03,member,Friday,7,1645
2025-03,member,Friday,8,2090
2025-03,member,Friday,9,1418
2025-03,member,Friday,10,1118
2025-03,member,Friday,11,1388
2025-03,member,Friday,12,1626
2025-03,member,Friday,13,1753
2025-03,member,Friday,14,2034
2025-03,member,Friday,15,2523
2025-03,member,Friday,16,3297
2025-03,member,Friday,17,3662
2025-03,member,Friday,18,3013
2025-03,member,Friday,19,1962
2025-03,member,Friday,20,1347
2025-03,member,Friday,21,1005
2025-03,member,Friday,22,840
2025-03,member,Friday,23,726
2025-03,member,Saturday,0,485
2025-03,member,Saturday,1,317
2025-03,member,Saturday,2,190
2025-03,member,Saturday,3,109
2025-03,member,Saturday,4,84
2025-03,member,Saturday,5,87
2025-03,member,Saturday,6,313
2025-03,member,Saturday,7,632
2025-03,member,Saturday,8,1157
2025-03,member,Saturday,9,1821
2025-03,member,Saturday,10,2092
2025-03,member,Saturday,11,2256
2025-03,member,Saturday,12,2463
2025-03,member,Saturday,13,2518
2025-03,member,Saturday,14,2557
2025-03,member,Saturday,15,2458
2025-03,member,Saturday,16,2398
2025-03,member,Saturday,17,2011
2025-03,member,Saturday,18,1865
2025-03,member,Saturday,19,1390
2025-03,member,Saturday,20,936
2025-03,member,Saturday,21,689
2025-03,member,Saturday,22,624
2025-03,member,Saturday,23,498
2025-04,casual,Sunday,0,473
2025-04,casual,Sunday,1,283
2025-04,casual,Sunday,2,221
2025-04,casual,Sunday,3,123
2025-04,casual,Sunday,4,73
2025-04,casual,Sunday,5,46
2025-04,casual,Sunday,6,112
2025-04,casual,Sunday,7,197
2025-04,casual,Sunday,8,333
2025-04,casual,Sunday,9,610
2025-04,casual,Sunday,10,942
2025-04,casual,Sunday,11,1164
2025-04,casual,Sunday,12,1394
2025-04,casual,Sunday,13,1538
2025-04,casual,Sunday,14,1503
2025-04,casual,Sunday,15,1565
2025-04,casual,Sunday,16,1351
2025-04,casual,Sunday,17,1432
2025-04,casual,Sunday,18,1282
2025-04,casual,Sunday,19,737
2025-04,casual,Sunday,20,470
2025-04,casual,Sunday,21,444
2025-04,casual,Sunday,22,278
2025-04,casual,Sunday,23,167
2025-04,casual,Monday,0,140
2025-04,casual,Monday,1,73
2025-04,casual,Monday,2,56
2025-04,casual,Monday,3,37
2025-04,casual,Monday,4,49
2025-04,casual,Monday,5,94
2025-04,casual,Monday,6,264
2025-04,casual,Monday,7,433
2025-04,casual,Monday,8,643
2025-04,casual,Monday,9,455
2025-04,casual,Monday,10,485
2025-04,casual,Monday,11,567
2025-04,casual,Monday,12,767
2025-04,casual,Monday,13,736
2025-04,casual,Monday,14,895
2025-04,casual,Monday,15,1069
2025-04,casual,Monday,16,1405
2025-04,casual,Monday,17,1610
2025-04,casual,Monday,18,1338
2025-04,casual,Monday,19,968
2025-04,casual,Monday,20,571
2025-04,casual,Monday,21,410
2025-04,casual,Monday,22,324
2025-04,casual,Monday,23,212
2025-04,casual,Tuesday,0,176
2025-04,casual,Tuesday,1,95
2025-04,casual,Tuesday,2,71
2025-04,casual,Tuesday,3,44
2025-04,casual,Tuesday,4,50
2025-04,casual,Tuesday,5,105
2025-04,casual,Tuesday,6,314
2025-04,casual,Tuesday,7,600
2025-04,casual,Tuesday,8,872
2025-04,casual,Tuesday,9,566
2025-04,casual,Tuesday,10,470
2025-04,casual,Tuesday,11,670
2025-04,casual,Tuesday,12,765
2025-04,casual,Tuesday,13,826
2025-04,casual,Tuesday,14,841
2025-04,casual,Tuesday,15,1090
2025-04,casual,Tuesday,16,1572
2025-04,casual,Tuesday,17,1903
2025-04,casual,Tuesday,18,1574
2025-04,casual,Tuesday,19,988
2025-04,casual,Tuesday,20,637
2025-04,casual,Tuesday,21,521
2025-04,casual,Tuesday,22,505
2025-04,casual,Tuesday,23,204
2025-04,casual,Wednesday,0,188
2025-04,casual,Wednesday,1,99
2025-04,casual,Wednesday,2,59
2025-04,casual,Wednesday,3,47
2025-04,casual,Wednesday,4,46
2025-04,casual,Wednesday,5,99
2025-04,casual,Wednesday,6,224
2025-04,casual,Wednesday,7,448
2025-04,casual,Wednesday,8,727
2025-04,casual,Wednesday,9,488
2025-04,casual,Wednesday,10,439
2025-04,casual,Wednesday,11,525
2025-04,casual,Wednesday,12,611
2025-04,casual,Wednesday,13,654
2025-04,casual,Wednesday,14,612
2025-04,casual,Wednesday,15,908
2025-04,casual,Wednesday,16,1293
2025-04,casual,Wednesday,17,1620
2025-04,casual,Wednesday,18,1163
2025-04,casual,Wednesday,19,838
2025-04,casual,Wednesday,20,652
2025-04,casual,Wednesday,21,586
2025-04,casual,Wednesday,22,416
2025-04,casual,Wednesday,23,283
2025-04,casual,Thursday,0,182
2025-04,casual,Thursday,1,52
2025-04,casual,Thursday,2,49
2025-04,casual,Thursday,3,48
2025-04,casual,Thursday,4,36
2025-04,casual,Thursday,5,88
2025-04,casual,Thursday,6,267
2025-04,casual,Thursday,7,526
2025-04,casual,Thursday,8,717
2025-04,casual,Thursday,9,583
2025-04,casual,Thursday,10,505
2025-04,casual,Thursday,11,612
2025-04,casual,Thursday,12,766
2025-04,casual,Thursday,13,717
2025-04,casual,Thursday,14,848
2025-04,casual,Thursday,15,984
2025-04,casual,Thursday,16,1077
2025-04,casual,Thursday,17,1354
2025-04,casual,Thursday,18,1064
2025-04,casual,Thursday,19,772
2025-04,casual,Thursday,20,465
2025-04,casual,Thursday,21,442
2025-04,casual,Thursday,22,383
2025-04,casual,Thursday,23,234
2025-04,casual,Friday,0,211
2025-04,casual,Friday,1,123
2025-04,casual,Friday,2,84
2025-04,casual,Friday,3,35
2025-04,casual,Friday,4,47
2025-04,casual,Friday,5,77
2025-04,casual,Friday,6,248
2025-04,casual,Friday,7,408
2025-04,casual,Friday,8,594
2025-04,casual,Friday,9,558
2025-04,casual,Friday,10,707
2025-04,casual,Friday,11,909
2025-04,casual,Friday,12,1070
2025-04,casual,Friday,13,922
2025-04,casual,Friday,14,975
2025-04,casual,Friday,15,1068
2025-04,casual,Friday,16,1512
2025-04,casual,Friday,17,1531
2025-04,casual,Friday,18,1238
2025-04,casual,Friday,19,917
2025-04,casual,Friday,20,597
2025-04,casual,Friday,21,491
2025-04,casual,Friday,22,426
2025-04,casual,Friday,23,287
2025-04,casual,Saturday,0,330
2025-04,casual,Saturday,1,212
2025-04,casual,Saturday,2,168
2025-04,casual,Saturday,3,74
2025-04,casual,Saturday,4,48
2025-04,casual,Saturday,5,41
2025-04,casual,Saturday,6,96
2025-04,casual,Saturday,7,203
2025-04,casual,Saturday,8,388
2025-04,casual,Saturday,9,646
2025-04,casual,Saturday,10,956
2025-04,casual,Saturday,11,1328
2025-04,casual,Saturday,12,1602
2025-04,casual,Saturday,13,1767
2025-04,casual,Saturday,14,1693
2025-04,casual,Saturday,15,1694
2025-04,casual,Saturday,16,1725
2025-04,casual,Saturday,17,1456
2025-04,casual,Saturday,18,1352
2025-04,casual,Saturday,19,815
2025-04,casual,Saturday,20,528
2025-04,casual,Saturday,21,565
2025-04,casual,Saturday,22,457
2025-04,casual,Saturday,23,472
2025-04,member,Sunday,0,549
2025-04,member,Sunday,1,369
2025-04,member,Sunday,2,212
2025-04,member,Sunday,3,113
2025-04,member,Sunday,4,82
2025-04,member,Sunday,5,84
2025-04,member,Sunday,6,240
2025-04,member,Sunday,7,494
2025-04,member,Sunday,8,806
2025-04,member,Sunday,9,1217
2025-04,member,Sunday,10,1718
2025-04,member,Sunday,11,1826
2025-04,member,Sunday,12,2163
2025-04,member,Sunday,13,2105
2025-04,member,Sunday,14,1945
2025-04,member,Sunday,15,1952
2025-04,member,Sunday,16,2060
2025-04,member,Sunday,17,2034
2025-04,member,Sunday,18,1940
2025-04,member,Sunday,19,1403
2025-04,member,Sunday,20,963
2025-04,member,Sunday,21,648
2025-04,member,Sunday,22,459
2025-04,member,Sunday,23,258
2025-04,member,Monday,0,152
2025-04,member,Monday,1,71
2025-04,member,Monday,2,61
2025-04,member,Monday,3,66
2025-04,member,Monday,4,97
2025-04,member,Monday,5,441
2025-04,member,Monday,6,1403
2025-04,member,Monday,7,2726
2025-04,member,Monday,8,3161
2025-04,member,Monday,9,1722
2025-04,member,Monday,10,1122
2025-04,member,Monday,11,1304
2025-04,member,Monday,12,1645
2025-04,member,Monday,13,1537
2025-04,member,Monday,14,1721
2025-04,member,Monday,15,2514
2025-04,member,Monday,16,3837
2025-04,member,Monday,17,4783
2025-04,member,Monday,18,3450
2025-04,member,Monday,19,2280
2025-04,member,Monday,20,1423
2025-04,member,Monday,21,998
2025-04,member,Monday,22,660
2025-04,member,Monday,23,304
2025-04,member,Tuesday,0,206
2025-04,member,Tuesday,1,95
2025-04,member,Tuesday,2,71
2025-04,member,Tuesday,3,55
2025-04,member,Tuesday,4,119
2025-04,member,Tuesday,5,545
2025-04,member,Tuesday,6,1711
2025-04,member,Tuesday,7,3657
2025-04,member,Tuesday,8,4643
2025-04,member,Tuesday,9,2404
2025-04,member,Tuesday,10,1582
2025-04,member,Tuesday,11,1748
2025-04,member,Tuesday,12,2159
2025-04,member,Tuesday,13,2108
2025-04,member,Tuesday,14,2080
2025-04,member,Tuesday,15,3117
2025-04,member,Tuesday,16,5332
2025-04,member,Tuesday,17,6605
2025-04,member,Tuesday,18,4487
2025-04,member,Tuesday,19,2836
2025-04,member,Tuesday,20,1786
2025-04,member,Tuesday,21,1420
2025-04,member,Tuesday,22,843
2025-04,member,Tuesday,23,451
2025-04,member,Wednesday,0,217
2025-04,member,Wednesday,1,102
2025-04,member,Wednesday,2,61
2025-04,member,Wednesday,3,56
2025-04,member,Wednesday,4,108
2025-04,member,Wednesday,5,468
2025-04,member,Wednesday,6,1269
2025-04,member,Wednesday,7,2669
2025-04,member,Wednesday,8,3564
2025-04,member,Wednesday,9,2059
2025-04,member,Wednesday,10,1419
2025-04,member,Wednesday,11,1575
2025-04,member,Wednesday,12,1751
2025-04,member,Wednesday,13,1888
2025-04,member,Wednesday,14,1779
2025-04,member,Wednesday,15,2885
2025-04,member,Wednesday,16,4529
2025-04,member,Wednesday,17,5264
2025-04,member,Wednesday,18,3773
2025-04,member,Wednesday,19,2511
2025-04,member,Wednesday,20,1691
2025-04,member,Wednesday,21,1414
2025-04,member,Wednesday,22,864
2025-04,member,Wednesday,23,446
2025-04,member,Thursday,0,203
2025-04,member,Thursday,1,103
2025-04,member,Thursday,2,58
2025-04,member,Thursday,3,48
2025-04,member,Thursday,4,71
2025-04,member,Thursday,5,398
2025-04,member,Thursday,6,1375
2025-04,member,Thursday,7,2893
2025-04,member,Thursday,8,3652
2025-04,member,Thursday,9,2069
2025-04,member,Thursday,10,1474
2025-04,member,Thursday,11,1613
2025-04,member,Thursday,12,1843
2025-04,member,Thursday,13,1678
2025-04,member,Thursday,14,1718
2025-04,member,Thursday,15,2627
2025-04,member,Thursday,16,3549
2025-04,member,Thursday,17,4497
2025-04,member,Thursday,18,3314
2025-04,member,Thursday,19,2140
2025-04,member,Thursday,20,1327
2025-04,member,Thursday,21,1086
2025-04,member,Thursday,22,764
2025-04,member,Thursday,23,476
2025-04,member,Friday,0,253
2025-04,member,Friday,1,153
2025-04,member,Friday,2,76
2025-04,member,Friday,3,83
2025-04,member,Friday,4,90
2025-04,member,Friday,5,369
2025-04,member,Friday,6,1068
2025-04,member,Friday,7,1968
2025-04,member,Friday,8,2511
2025-04,member,Friday,9,1796
2025-04,member,Friday,10,1427
2025-04,member,Friday,11,1826
2025-04,member,Friday,12,2020
2025-04,member,Friday,13,1698
2025-04,member,Friday,14,1867
2025-04,member,Friday,15,2493
2025-04,member,Friday,16,3216
2025-04,member,Friday,17,3391
2025-04,member,Friday,18,2794
2025-04,member,Friday,19,1910
2025-04,member,Friday,20,1223
2025-04,member,Friday,21,947
2025-04,member,Friday,22,658
2025-04,member,Friday,23,456
2025-04,member,Saturday,0,403
2025-04,member,Saturday,1,262
2025-04,member,Saturday,2,182
2025-04,member,Saturday,3,134
2025-04,member,Saturday,4,66
2025-04,member,Saturday,5,78
2025-04,member,Saturday,6,270
2025-04,member,Saturday,7,518
2025-04,member,Saturday,8,957
2025-04,member,Saturday,9,1396
2025-04,member,Saturday,10,1926
2025-04,member,Saturday,11,2184
2025-04,member,Saturday,12,2334
2025-04,member,Saturday,13,2363
2025-04,member,Saturday,14,2365
2025-04,member,Saturday,15,2312
2025-04,member,Saturday,16,2385
2025-04,member,Saturday,17,2138
2025-04,member,Saturday,18,2004
2025-04,member,Saturday,19,1542
2025-04,member,Saturday,20,1064
2025-04,member,Saturday,21,828
2025-04,member,Saturday,22,710
2025-04,member,Saturday,23,680
2025-05,casual,Sunday,0,798
2025-05,casual,Sunday,1,472
2025-05,casual,Sunday,2,275
2025-05,casual,Sunday,3,132
2025-05,casual,Sunday,4,86
2025-05,casual,Sunday,5,107
2025-05,casual,Sunday,6,198
2025-05,casual,Sunday,7,398
2025-05,casual,Sunday,8,553
2025-05,casual,Sunday,9,914
2025-05,casual,Sunday,10,1342
2025-05,casual,Sunday,11,1602
2025-05,casual,Sunday,12,1915
2025-05,casual,Sunday,13,2107
2025-05,casual,Sunday,14,2343
2025-05,casual,Sunday,15,2256
2025-05,casual,Sunday,16,2150
2025-05,casual,Sunday,17,1824
2025-05,casual,Sunday,18,1612
2025-05,casual,Sunday,19,1288
2025-05,casual,Sunday,20,741
2025-05,casual,Sunday,21,517
2025-05,casual,Sunday,22,463
2025-05,casual,Sunday,23,381
2025-05,casual,Monday,0,269
2025-05,casual,Monday,1,121
2025-05,casual,Monday,2,110
2025-05,casual,Monday,3,75
2025-05,casual,Monday,4,60
2025-05,casual,Monday,5,130
2025-05,casual,Monday,6,256
2025-05,casual,Monday,7,472
2025-05,casual,Monday,8,643
2025-05,casual,Monday,9,656
2025-05,casual,Monday,10,860
2025-05,casual,Monday,11,1139
2025-05,casual,Monday,12,1410
2025-05,casual,Monday,13,1364
2025-05,casual,Monday,14,1515
2025-05,casual,Monday,15,1634
2025-05,casual,Monday,16,1948
2025-05,casual,Monday,17,2043
2025-05,casual,Monday,18,1580
2025-05,casual,Monday,19,1099
2025-05,casual,Monday,20,723
2025-05,casual,Monday,21,678
2025-05,casual,Monday,22,390
2025-05,casual,Monday,23,231
2025-05,casual,Tuesday,0,184
2025-05,casual,Tuesday,1,91
2025-05,casual,Tuesday,2,72
2025-05,casual,Tuesday,3,34
2025-05,casual,Tuesday,4,41
2025-05,casual,Tuesday,5,119
2025-05,casual,Tuesday,6,292
2025-05,casual,Tuesday,7,666
2025-05,casual,Tuesday,8,832
2025-05,casual,Tuesday,9,653
2025-05,casual,Tuesday,10,565
2025-05,casual,Tuesday,11,699
2025-05,casual,Tuesday,12,778
2025-05,casual,Tuesday,13,865
2025-05,casual,Tuesday,14,1028
2025-05,casual,Tuesday,15,1160
2025-05,casual,Tuesday,16,1680
2025-05,casual,Tuesday,17,2114
2025-05,casual,Tuesday,18,1836
2025-05,casual,Tuesday,19,1375
2025-05,casual,Tuesday,20,918
2025-05,casual,Tuesday,21,823
2025-05,casual,Tuesday,22,618
2025-05,casual,Tuesday,23,311
2025-05,casual,Wednesday,0,240
2025-05,casual,Wednesday,1,123
2025-05,casual,Wednesday,2,71
2025-05,casual,Wednesday,3,43
2025-05,casual,Wednesday,4,58
2025-05,casual,Wednesday,5,129
2025-05,casual,Wednesday,6,331
2025-05,casual,Wednesday,7,626
2025-05,casual,Wednesday,8,794
2025-05,casual,Wednesday,9,461
2025-05,casual,Wednesday,10,423
2025-05,casual,Wednesday,11,593
2025-05,casual,Wednesday,12,775
2025-05,casual,Wednesday,13,837
2025-05,casual,Wednesday,14,883
2025-05,casual,Wednesday,15,1187
2025-05,casual,Wednesday,16,1711
2025-05,casual,Wednesday,17,2004
2025-05,casual,Wednesday,18,1786
2025-05,casual,Wednesday,19,1182
2025-05,casual,Wednesday,20,860
2025-05,casual,Wednesday,21,738
2025-05,casual,Wednesday,22,435
2025-05,casual,Wednesday,23,340
2025-05,casual,Thursday,0,254
2025-05,casual,Thursday,1,123
2025-05,casual,Thursday,2,82
2025-05,casual,Thursday,3,51
2025-05,casual,Thursday,4,65
2025-05,casual,Thursday,5,176
2025-05,casual,Thursday,6,437
2025-05,casual,Thursday,7,754
2025-05,casual,Thursday,8,1004
2025-05,casual,Thursday,9,848
2025-05,casual,Thursday,10,815
2025-05,casual,Thursday,11,1047
2025-05,casual,Thursday,12,1187
2025-05,casual,Thursday,13,1310
2025-05,casual,Thursday,14,1365
2025-05,casual,Thursday,15,1893
2025-05,casual,Thursday,16,2396
2025-05,casual,Thursday,17,3142
2025-05,casual,Thursday,18,2659
2025-05,casual,Thursday,19,1734
2025-05,casual,Thursday,20,1012
2025-05,casual,Thursday,21,934
2025-05,casual,Thursday,22,798
2025-05,casual,Thursday,23,640
2025-05,casual,Friday,0,496
2025-05,casual,Friday,1,435
2025-05,casual,Friday,2,225
2025-05,casual,Friday,3,92
2025-05,casual,Friday,4,73
2025-05,casual,Friday,5,201
2025-05,casual,Friday,6,435
2025-05,casual,Friday,7,784
2025-05,casual,Friday,8,923
2025-05,casual,Friday,9,939
2025-05,casual,Friday,10,1314
2025-05,casual,Friday,11,1665
2025-05,casual,Friday,12,2289
2025-05,casual,Friday,13,2184
2025-05,casual,Friday,14,2345
2025-05,casual,Friday,15,2688
2025-05,casual,Friday,16,3271
2025-05,casual,Friday,17,3364
2025-05,casual,Friday,18,2768
2025-05,casual,Friday,19,1861
2025-05,casual,Friday,20,1217
2025-05,casual,Friday,21,993
2025-05,casual,Friday,22,879
2025-05,casual,Friday,23,972
2025-05,casual,Saturday,0,987
2025-05,casual,Saturday,1,618
2025-05,casual,Saturday,2,372
2025-05,casual,Saturday,3,208
2025-05,casual,Saturday,4,98
2025-05,casual,Saturday,5,112
2025-05,casual,Saturday,6,256
2025-05,casual,Saturday,7,533
2025-05,casual,Saturday,8,1000
2025-05,casual,Saturday,9,1663
2025-05,casual,Saturday,10,2349
2025-05,casual,Saturday,11,2926
2025-05,casual,Saturday,12,3207
2025-05,casual,Saturday,13,3381
2025-05,casual,Saturday,14,3227
2025-05,casual,Saturday,15,3501
2025-05,casual,Saturday,16,3442
2025-05,casual,Saturday,17,3015
2025-05,casual,Saturday,18,2694
2025-05,casual,Saturday,19,2023
2025-05,casual,Saturday,20,1290
2025-05,casual,Saturday,21,1134
2025-05,casual,Saturday,22,1083
2025-05,casual,Saturday,23,1036
2025-05,member,Sunday,0,659
2025-05,member,Sunday,1,380
2025-05,member,Sunday,2,221
2025-05,member,Sunday,3,136
2025-05,member,Sunday,4,102
2025-05,member,Sunday,5,161
2025-05,member,Sunday,6,359
2025-05,member,Sunday,7,535
2025-05,member,Sunday,8,958
2025-05,member,Sunday,9,1453
2025-05,member,Sunday,10,1931
2025-05,member,Sunday,11,2093
2025-05,member,Sunday,12,2389
2025-05,member,Sunday,13,2445
2025-05,member,Sunday,14,2332
2025-05,member,Sunday,15,2212
2025-05,member,Sunday,16,2098
2025-05,member,Sunday,17,2060
2025-05,member,Sunday,18,1833
2025-05,member,Sunday,19,1441
2025-05,member,Sunday,20,1011
2025-05,member,Sunday,21,776
2025-05,member,Sunday,22,610
2025-05,member,Sunday,23,380
2025-05,member,Monday,0,270
2025-05,member,Monday,1,143
2025-05,member,Monday,2,85
2025-05,member,Monday,3,69
2025-05,member,Monday,4,92
2025-05,member,Monday,5,350
2025-05,member,Monday,6,1181
2025-05,member,Monday,7,2194
2025-05,member,Monday,8,2656
2025-05,member,Monday,9,1689
2025-05,member,Monday,10,1425
2025-05,member,Monday,11,1693
2025-05,member,Monday,12,1958
2025-05,member,Monday,13,1877
2025-05,member,Monday,14,2058
2025-05,member,Monday,15,2623
2025-05,member,Monday,16,3842
2025-05,member,Monday,17,4589
2025-05,member,Monday,18,3382
2025-05,member,Monday,19,2272
2025-05,member,Monday,20,1421
2025-05,member,Monday,21,1182
2025-05,member,Monday,22,690
2025-05,member,Monday,23,346
2025-05,member,Tuesday,0,163
2025-05,member,Tuesday,1,109
2025-05,member,Tuesday,2,54
2025-05,member,Tuesday,3,55
2025-05,member,Tuesday,4,101
2025-05,member,Tuesday,5,482
2025-05,member,Tuesday,6,1537
2025-05,member,Tuesday,7,3141
2025-05,member,Tuesday,8,3996
2025-05,member,Tuesday,9,1986
2025-05,member,Tuesday,10,1392
2025-05,member,Tuesday,11,1527
2025-05,member,Tuesday,12,1770
2025-05,member,Tuesday,13,1721
2025-05,member,Tuesday,14,1835
2025-05,member,Tuesday,15,2743
2025-05,member,Tuesday,16,4885
2025-05,member,Tuesday,17,5783
2025-05,member,Tuesday,18,4077
2025-05,member,Tuesday,19,2630
2025-05,member,Tuesday,20,1819
2025-05,member,Tuesday,21,1481
2025-05,member,Tuesday,22,957
2025-05,member,Tuesday,23,459
2025-05,member,Wednesday,0,228
2025-05,member,Wednesday,1,108
2025-05,member,Wednesday,2,52
2025-05,member,Wednesday,3,57
2025-05,member,Wednesday,4,99
2025-05,member,Wednesday,5,524
2025-05,member,Wednesday,6,1618
2025-05,member,Wednesday,7,3092
2025-05,member,Wednesday,8,3625
2025-05,member,Wednesday,9,1737
2025-05,member,Wednesday,10,1106
2025-05,member,Wednesday,11,1514
2025-05,member,Wednesday,12,1833
2025-05,member,Wednesday,13,1751
2025-05,member,Wednesday,14,2015
2025-05,member,Wednesday,15,2765
2025-05,member,Wednesday,16,4841
2025-05,member,Wednesday,17,5696
2025-05,member,Wednesday,18,4136
2025-05,member,Wednesday,19,2633
2025-05,member,Wednesday,20,1915
2025-05,member,Wednesday,21,1318
2025-05,member,Wednesday,22,842
2025-05,member,Wednesday,23,442
2025-05,member,Thursday,0,276
2025-05,member,Thursday,1,132
2025-05,member,Thursday,2,80
2025-05,member,Thursday,3,69
2025-05,member,Thursday,4,130
2025-05,member,Thursday,5,588
2025-05,member,Thursday,6,1744
2025-05,member,Thursday,7,3632
2025-05,member,Thursday,8,4772
2025-05,member,Thursday,9,2656
2025-05,member,Thursday,10,1867
2025-05,member,Thursday,11,2192
2025-05,member,Thursday,12,2563
2025-05,member,Thursday,13,2603
2025-05,member,Thursday,14,2542
2025-05,member,Thursday,15,3827
2025-05,member,Thursday,16,6155
2025-05,member,Thursday,17,7297
2025-05,member,Thursday,18,5328
2025-05,member,Thursday,19,3423
2025-05,member,Thursday,20,2205
2025-05,member,Thursday,21,1851
2025-05,member,Thursday,22,1283
2025-05,member,Thursday,23,792
2025-05,member,Friday,0,412
2025-05,member,Friday,1,282
2025-05,member,Friday,2,164
2025-05,member,Friday,3,97
2025-05,member,Friday,4,153
2025-05,member,Friday,5,628
2025-05,member,Friday,6,1652
2025-05,member,Friday,7,3126
2025-05,member,Friday,8,3505
2025-05,member,Friday,9,2359
2025-05,member,Friday,10,2029
2025-05,member,Friday,11,2578
2025-05,member,Friday,12,3260
2025-05,member,Friday,13,3155
2025-05,member,Friday,14,3332
2025-05,member,Friday,15,4370
2025-05,member,Friday,16,5302
2025-05,member,Friday,17,5605
2025-05,member,Friday,18,4588
2025-05,member,Friday,19,2766
2025-05,member,Friday,20,1962
2025-05,member,Friday,21,1472
2025-05,member,Friday,22,1339
2025-05,member,Friday,23,1008
2025-05,member,Saturday,0,819
2025-05,member,Saturday,1,564
2025-05,member,Saturday,2,258
2025-05,member,Saturday,3,152
2025-05,member,Saturday,4,140
2025-05,member,Saturday,5,215
2025-05,member,Saturday,6,458
2025-05,member,Saturday,7,1028
2025-05,member,Saturday,8,1865
2025-05,member,Saturday,9,2444
2025-05,member,Saturday,10,3136
2025-05,member,Saturday,11,3352
2025-05,member,Saturday,12,3478
2025-05,member,Saturday,13,3386
2025-05,member,Saturday,14,3328
2025-05,member,Saturday,15,3272
2025-05,member,Saturday,16,3555
2025-05,member,Saturday,17,3354
2025-05,member,Saturday,18,3101
2025-05,member,Saturday,19,2454
2025-05,member,Saturday,20,1633
2025-05,member,Saturday,21,1354
2025-05,member,Saturday,22,1157
2025-05,member,Saturday,23,1007
2025-06,casual,Sunday,0,1634
2025-06,casual,Sunday,1,971
2025-06,casual,Sunday,2,723
2025-06,casual,Sunday,3,394
2025-06,casual,Sunday,4,266
2025-06,casual,Sunday,5,223
2025-06,casual,Sunday,6,416
2025-06,casual,Sunday,7,651
2025-06,casual,Sunday,8,1202
2025-06,casual,Sunday,9,2084
2025-06,casual,Sunday,10,3085
2025-06,casual,Sunday,11,3831
2025-06,casual,Sunday,12,4622
2025-06,casual,Sunday,13,4538
2025-06,casual,Sunday,14,4854
2025-06,casual,Sunday,15,4717
2025-06,casual,Sunday,16,4194
2025-06,casual,Sunday,17,3853
2025-06,casual,Sunday,18,3038
2025-06,casual,Sunday,19,2440
2025-06,casual,Sunday,20,1936
2025-06,casual,Sunday,21,1338
2025-06,casual,Sunday,22,1006
2025-06,casual,Sunday,23,673
2025-06,casual,Monday,0,596
2025-06,casual,Monday,1,315
2025-06,casual,Monday,2,227
2025-06,casual,Monday,3,140
2025-06,casual,Monday,4,106
2025-06,casual,Monday,5,250
2025-06,casual,Monday,6,550
2025-06,casual,Monday,7,1035
2025-06,casual,Monday,8,1347
2025-06,casual,Monday,9,1144
2025-06,casual,Monday,10,1222
2025-06,casual,Monday,11,1658
2025-06,casual,Monday,12,1971
2025-06,casual,Monday,13,2044
2025-06,casual,Monday,14,2053
2025-06,casual,Monday,15,2257
2025-06,casual,Monday,16,3043
2025-06,casual,Monday,17,3953
2025-06,casual,Monday,18,3479
2025-06,casual,Monday,19,2943
2025-06,casual,Monday,20,2128
2025-06,casual,Monday,21,1495
2025-06,casual,Monday,22,1042
2025-06,casual,Monday,23,531
2025-06,casual,Tuesday,0,380
2025-06,casual,Tuesday,1,181
2025-06,casual,Tuesday,2,125
2025-06,casual,Tuesday,3,65
2025-06,casual,Tuesday,4,74
2025-06,casual,Tuesday,5,202
2025-06,casual,Tuesday,6,560
2025-06,casual,Tuesday,7,957
2025-06,casual,Tuesday,8,1475
2025-06,casual,Tuesday,9,952
2025-06,casual,Tuesday,10,954
2025-06,casual,Tuesday,11,1178
2025-06,casual,Tuesday,12,1406
2025-06,casual,Tuesday,13,1405
2025-06,casual,Tuesday,14,1443
2025-06,casual,Tuesday,15,1905
2025-06,casual,Tuesday,16,2721
2025-06,casual,Tuesday,17,3690
2025-06,casual,Tuesday,18,3303
2025-06,casual,Tuesday,19,2770
2025-06,casual,Tuesday,20,2042
2025-06,casual,Tuesday,21,1526
2025-06,casual,Tuesday,22,844
2025-06,casual,Tuesday,23,504
2025-06,casual,Wednesday,0,317
2025-06,casual,Wednesday,1,150
2025-06,casual,Wednesday,2,82
2025-06,casual,Wednesday,3,58
2025-06,casual,Wednesday,4,70
2025-06,casual,Wednesday,5,153
2025-06,casual,Wednesday,6,402
2025-06,casual,Wednesday,7,725
2025-06,casual,Wednesday,8,1076
2025-06,casual,Wednesday,9,722
2025-06,casual,Wednesday,10,836
2025-06,casual,Wednesday,11,1084
2025-06,casual,Wednesday,12,1141
2025-06,casual,Wednesday,13,1165
2025-06,casual,Wednesday,14,1055
2025-06,casual,Wednesday,15,1280
2025-06,casual,Wednesday,16,2158
2025-06,casual,Wednesday,17,2954
2025-06,casual,Wednesday,18,2723
2025-06,casual,Wednesday,19,2079
2025-06,casual,Wednesday,20,1678
2025-06,casual,Wednesday,21,1250
2025-06,casual,Wednesday,22,1076
2025-06,casual,Wednesday,23,555
2025-06,casual,Thursday,0,405
2025-06,casual,Thursday,1,164
2025-06,casual,Thursday,2,103
2025-06,casual,Thursday,3,59
2025-06,casual,Thursday,4,86
2025-06,casual,Thursday,5,187
2025-06,casual,Thursday,6,490
2025-06,casual,Thursday,7,906
2025-06,casual,Thursday,8,1290
2025-06,casual,Thursday,9,1122
2025-06,casual,Thursday,10,1243
2025-06,casual,Thursday,11,1702
2025-06,casual,Thursday,12,2030
2025-06,casual,Thursday,13,2098
2025-06,casual,Thursday,14,2148
2025-06,casual,Thursday,15,2316
2025-06,casual,Thursday,16,3254
2025-06,casual,Thursday,17,4099
2025-06,casual,Thursday,18,3628
2025-06,casual,Thursday,19,2798
2025-06,casual,Thursday,20,2135
2025-06,casual,Thursday,21,1832
2025-06,casual,Thursday,22,1417
2025-06,casual,Thursday,23,799
2025-06,casual,Friday,0,625
2025-06,casual,Friday,1,386
2025-06,casual,Friday,2,230
2025-06,casual,Friday,3,131
2025-06,casual,Friday,4,120
2025-06,casual,Friday,5,359
2025-06,casual,Friday,6,532
2025-06,casual,Friday,7,985
2025-06,casual,Friday,8,1160
2025-06,casual,Friday,9,1199
2025-06,casual,Friday,10,1309
2025-06,casual,Friday,11,1587
2025-06,casual,Friday,12,2100
2025-06,casual,Friday,13,2174
2025-06,casual,Friday,14,2192
2025-06,casual,Friday,15,2674
2025-06,casual,Friday,16,3412
2025-06,casual,Friday,17,4032
2025-06,casual,Friday,18,3750
2025-06,casual,Friday,19,2909
2025-06,casual,Friday,20,2310
2025-06,casual,Friday,21,1722
2025-06,casual,Friday,22,1698
2025-06,casual,Friday,23,1597
2025-06,casual,Saturday,0,1565
2025-06,casual,Saturday,1,1056
2025-06,casual,Saturday,2,650
2025-06,casual,Saturday,3,311
2025-06,casual,Saturday,4,154
2025-06,casual,Saturday,5,162
2025-06,casual,Saturday,6,337
2025-06,casual,Saturday,7,646
2025-06,casual,Saturday,8,1249
2025-06,casual,Saturday,9,2050
2025-06,casual,Saturday,10,3105
2025-06,casual,Saturday,11,4104
2025-06,casual,Saturday,12,4589
2025-06,casual,Saturday,13,4760
2025-06,casual,Saturday,14,4845
2025-06,casual,Saturday,15,5239
2025-06,casual,Saturday,16,4955
2025-06,casual,Saturday,17,4428
2025-06,casual,Saturday,18,3837
2025-06,casual,Saturday,19,3128
2025-06,casual,Saturday,20,2429
2025-06,casual,Saturday,21,2108
2025-06,casual,Saturday,22,2164
2025-06,casual,Saturday,23,1718
2025-06,member,Sunday,0,1049
2025-06,member,Sunday,1,641
2025-06,member,Sunday,2,454
2025-06,member,Sunday,3,272
2025-06,member,Sunday,4,234
2025-06,member,Sunday,5,308
2025-06,member,Sunday,6,597
2025-06,member,Sunday,7,937
2025-06,member,Sunday,8,1674
2025-06,member,Sunday,9,2568
2025-06,member,Sunday,10,3429
2025-06,member,Sunday,11,3915
2025-06,member,Sunday,12,4049
2025-06,member,Sunday,13,3891
2025-06,member,Sunday,14,4115
2025-06,member,Sunday,15,3836
2025-06,member,Sunday,16,3684
2025-06,member,Sunday,17,3621
2025-06,member,Sunday,18,3163
2025-06,member,Sunday,19,2625
2025-06,member,Sunday,20,2076
2025-06,member,Sunday,21,1606
2025-06,member,Sunday,22,1093
2025-06,member,Sunday,23,580
2025-06,member,Monday,0,345
2025-06,member,Monday,1,222
2025-06,member,Monday,2,113
2025-06,member,Monday,3,106
2025-06,member,Monday,4,181
2025-06,member,Monday,5,767
2025-06,member,Monday,6,2383
2025-06,member,Monday,7,4260
2025-06,member,Monday,8,5036
2025-06,member,Monday,9,2636
2025-06,member,Monday,10,1881
2025-06,member,Monday,11,2283
2025-06,member,Monday,12,2653
2025-06,member,Monday,13,2550
2025-06,member,Monday,14,2747
2025-06,member,Monday,15,3482
2025-06,member,Monday,16,6274
2025-06,member,Monday,17,8128
2025-06,member,Monday,18,6267
2025-06,member,Monday,19,4540
2025-06,member,Monday,20,3379
2025-06,member,Monday,21,2153
2025-06,member,Monday,22,1196
2025-06,member,Monday,23,604
2025-06,member,Tuesday,0,269
2025-06,member,Tuesday,1,148
2025-06,member,Tuesday,2,59
2025-06,member,Tuesday,3,69
2025-06,member,Tuesday,4,118
2025-06,member,Tuesday,5,713
2025-06,member,Tuesday,6,2193
2025-06,member,Tuesday,7,4263
2025-06,member,Tuesday,8,5188
2025-06,member,Tuesday,9,2532
2025-06,member,Tuesday,10,1652
2025-06,member,Tuesday,11,1975
2025-06,member,Tuesday,12,2234
2025-06,member,Tuesday,13,2110
2025-06,member,Tuesday,14,2233
2025-06,member,Tuesday,15,3165
2025-06,member,Tuesday,16,5778
2025-06,member,Tuesday,17,7565
2025-06,member,Tuesday,18,5648
2025-06,member,Tuesday,19,4045
2025-06,member,Tuesday,20,2819
2025-06,member,Tuesday,21,2139
2025-06,member,Tuesday,22,1225
2025-06,member,Tuesday,23,550
2025-06,member,Wednesday,0,224
2025-06,member,Wednesday,1,133
2025-06,member,Wednesday,2,76
2025-06,member,Wednesday,3,46
2025-06,member,Wednesday,4,76
2025-06,member,Wednesday,5,467
2025-06,member,Wednesday,6,1559
2025-06,member,Wednesday,7,3151
2025-06,member,Wednesday,8,3948
2025-06,member,Wednesday,9,2106
2025-06,member,Wednesday,10,1489
2025-06,member,Wednesday,11,1815
2025-06,member,Wednesday,12,2105
2025-06,member,Wednesday,13,1847
2025-06,member,Wednesday,14,1545
2025-06,member,Wednesday,15,2371
2025-06,member,Wednesday,16,4714
2025-06,member,Wednesday,17,6004
2025-06,member,Wednesday,18,4557
2025-06,member,Wednesday,19,2927
2025-06,member,Wednesday,20,2283
2025-06,member,Wednesday,21,1917
2025-06,member,Wednesday,22,1258
2025-06,member,Wednesday,23,590
2025-06,member,Thursday,0,306
2025-06,member,Thursday,1,168
2025-06,member,Thursday,2,75
2025-06,member,Thursday,3,64
2025-06,member,Thursday,4,91
2025-06,member,Thursday,5,572
2025-06,member,Thursday,6,1797
2025-06,member,Thursday,7,3318
2025-06,member,Thursday,8,4416
2025-06,member,Thursday,9,2437
2025-06,member,Thursday,10,1969
2025-06,member,Thursday,11,2466
2025-06,member,Thursday,12,2652
2025-06,member,Thursday,13,2527
2025-06,member,Thursday,14,2679
2025-06,member,Thursday,15,3411
2025-06,member,Thursday,16,5296
2025-06,member,Thursday,17,6700
2025-06,member,Thursday,18,5343
2025-06,member,Thursday,19,3903
2025-06,member,Thursday,20,2779
2025-06,member,Thursday,21,2137
2025-06,member,Thursday,22,1606
2025-06,member,Thursday,23,871
2025-06,member,Friday,0,479
2025-06,member,Friday,1,298
2025-06,member,Friday,2,156
2025-06,member,Friday,3,103
2025-06,member,Friday,4,136
2025-06,member,Friday,5,690
2025-06,member,Friday,6,1665
2025-06,member,Friday,7,2817
2025-06,member,Friday,8,3272
2025-06,member,Friday,9,2221
2025-06,member,Friday,10,1704
2025-06,member,Friday,11,2156
2025-06,member,Friday,12,2563
2025-06,member,Friday,13,2463
2025-06,member,Friday,14,2526
2025-06,member,Friday,15,3402
2025-06,member,Friday,16,4760
2025-06,member,Friday,17,5270
2025-06,member,Friday,18,4506
2025-06,member,Friday,19,3221
2025-06,member,Friday,20,2444
2025-06,member,Friday,21,1807
2025-06,member,Friday,22,1681
2025-06,member,Friday,23,1351
2025-06,member,Saturday,0,959
2025-06,member,Saturday,1,665
2025-06,member,Saturday,2,391
2025-06,member,Saturday,3,208
2025-06,member,Saturday,4,137
2025-06,member,Saturday,5,265
2025-06,member,Saturday,6,612
2025-06,member,Saturday,7,1102
2025-06,member,Saturday,8,1935
2025-06,member,Saturday,9,2537
2025-06,member,Saturday,10,3177
2025-06,member,Saturday,11,3651
2025-06,member,Saturday,12,3715
2025-06,member,Saturday,13,3672
2025-06,member,Saturday,14,3658
2025-06,member,Saturday,15,3642
2025-06,member,Saturday,16,3609
2025-06,member,Saturday,17,3383
2025-06,member,Saturday,18,3144
2025-06,member,Saturday,19,2618
2025-06,member,Saturday,20,2032
2025-06,member,Saturday,21,1752
2025-06,member,Saturday,22,1682
2025-06,member,Saturday,23,1216
2025-07,casual,Sunday,0,1783
2025-07,casual,Sunday,1,1161
2025-07,casual,Sunday,2,851
2025-07,casual,Sunday,3,450
2025-07,casual,Sunday,4,247
2025-07,casual,Sunday,5,213
2025-07,casual,Sunday,6,283
2025-07,casual,Sunday,7,443
2025-07,casual,Sunday,8,870
2025-07,casual,Sunday,9,1533
2025-07,casual,Sunday,10,2144
2025-07,casual,Sunday,11,3084
2025-07,casual,Sunday,12,3626
2025-07,casual,Sunday,13,3930
2025-07,casual,Sunday,14,3861
2025-07,casual,Sunday,15,4019
2025-07,casual,Sunday,16,3632
2025-07,casual,Sunday,17,3049
2025-07,casual,Sunday,18,2832
2025-07,casual,Sunday,19,2489
2025-07,casual,Sunday,20,1913
2025-07,casual,Sunday,21,1360
2025-07,casual,Sunday,22,914
2025-07,casual,Sunday,23,637
2025-07,casual,Monday,0,510
2025-07,casual,Monday,1,279
2025-07,casual,Monday,2,175
2025-07,casual,Monday,3,96
2025-07,casual,Monday,4,94
2025-07,casual,Monday,5,207
2025-07,casual,Monday,6,535
2025-07,casual,Monday,7,813
2025-07,casual,Monday,8,1103
2025-07,casual,Monday,9,936
2025-07,casual,Monday,10,1109
2025-07,casual,Monday,11,1405
2025-07,casual,Monday,12,1500
2025-07,casual,Monday,13,1873
2025-07,casual,Monday,14,1892
2025-07,casual,Monday,15,2323
2025-07,casual,Monday,16,2795
2025-07,casual,Monday,17,3417
2025-07,casual,Monday,18,3287
2025-07,casual,Monday,19,2677
2025-07,casual,Monday,20,2156
2025-07,casual,Monday,21,1506
2025-07,casual,Monday,22,914
2025-07,casual,Monday,23,532
2025-07,casual,Tuesday,0,524
2025-07,casual,Tuesday,1,280
2025-07,casual,Tuesday,2,189
2025-07,casual,Tuesday,3,108
2025-07,casual,Tuesday,4,120
2025-07,casual,Tuesday,5,290
2025-07,casual,Tuesday,6,798
2025-07,casual,Tuesday,7,1374
2025-07,casual,Tuesday,8,1889
2025-07,casual,Tuesday,9,1369
2025-07,casual,Tuesday,10,1342
2025-07,casual,Tuesday,11,1672
2025-07,casual,Tuesday,12,2026
2025-07,casual,Tuesday,13,2161
2025-07,casual,Tuesday,14,2194
2025-07,casual,Tuesday,15,2499
2025-07,casual,Tuesday,16,3725
2025-07,casual,Tuesday,17,4851
2025-07,casual,Tuesday,18,4630
2025-07,casual,Tuesday,19,3789
2025-07,casual,Tuesday,20,2815
2025-07,casual,Tuesday,21,2326
2025-07,casual,Tuesday,22,1284
2025-07,casual,Tuesday,23,646
2025-07,casual,Wednesday,0,524
2025-07,casual,Wednesday,1,296
2025-07,casual,Wednesday,2,180
2025-07,casual,Wednesday,3,108
2025-07,casual,Wednesday,4,108
2025-07,casual,Wednesday,5,379
2025-07,casual,Wednesday,6,816
2025-07,casual,Wednesday,7,1424
2025-07,casual,Wednesday,8,1830
2025-07,casual,Wednesday,9,1348
2025-07,casual,Wednesday,10,1366
2025-07,casual,Wednesday,11,1703
2025-07,casual,Wednesday,12,2022
2025-07,casual,Wednesday,13,1743
2025-07,casual,Wednesday,14,1967
2025-07,casual,Wednesday,15,2248
2025-07,casual,Wednesday,16,3136
2025-07,casual,Wednesday,17,4728
2025-07,casual,Wednesday,18,4490
2025-07,casual,Wednesday,19,3712
2025-07,casual,Wednesday,20,2959
2025-07,casual,Wednesday,21,2301
2025-07,casual,Wednesday,22,1700
2025-07,casual,Wednesday,23,897
2025-07,casual,Thursday,0,526
2025-07,casual,Thursday,1,305
2025-07,casual,Thursday,2,186
2025-07,casual,Thursday,3,102
2025-07,casual,Thursday,4,124
2025-07,casual,Thursday,5,296
2025-07,casual,Thursday,6,747
2025-07,casual,Thursday,7,1347
2025-07,casual,Thursday,8,1821
2025-07,casual,Thursday,9,1499
2025-07,casual,Thursday,10,1491
2025-07,casual,Thursday,11,1973
2025-07,casual,Thursday,12,2346
2025-07,casual,Thursday,13,2466
2025-07,casual,Thursday,14,2676
2025-07,casual,Thursday,15,2815
2025-07,casual,Thursday,16,3546
2025-07,casual,Thursday,17,4840
2025-07,casual,Thursday,18,4281
2025-07,casual,Thursday,19,3315
2025-07,casual,Thursday,20,2346
2025-07,casual,Thursday,21,1962
2025-07,casual,Thursday,22,1958
2025-07,casual,Thursday,23,964
2025-07,casual,Friday,0,623
2025-07,casual,Friday,1,399
2025-07,casual,Friday,2,284
2025-07,casual,Friday,3,145
2025-07,casual,Friday,4,121
2025-07,casual,Friday,5,261
2025-07,casual,Friday,6,448
2025-07,casual,Friday,7,794
2025-07,casual,Friday,8,1095
2025-07,casual,Friday,9,1152
2025-07,casual,Friday,10,1279
2025-07,casual,Friday,11,1893
2025-07,casual,Friday,12,2667
2025-07,casual,Friday,13,2787
2025-07,casual,Friday,14,2842
2025-07,casual,Friday,15,3491
2025-07,casual,Friday,16,4103
2025-07,casual,Friday,17,4577
2025-07,casual,Friday,18,4292
2025-07,casual,Friday,19,3522
2025-07,casual,Friday,20,2702
2025-07,casual,Friday,21,2200
2025-07,casual,Friday,22,1877
2025-07,casual,Friday,23,1647
2025-07,casual,Saturday,0,1317
2025-07,casual,Saturday,1,929
2025-07,casual,Saturday,2,626
2025-07,casual,Saturday,3,370
2025-07,casual,Saturday,4,171
2025-07,casual,Saturday,5,222
2025-07,casual,Saturday,6,423
2025-07,casual,Saturday,7,682
2025-07,casual,Saturday,8,1289
2025-07,casual,Saturday,9,2135
2025-07,casual,Saturday,10,2918
2025-07,casual,Saturday,11,3312
2025-07,casual,Saturday,12,3353
2025-07,casual,Saturday,13,3660
2025-07,casual,Saturday,14,4104
2025-07,casual,Saturday,15,4347
2025-07,casual,Saturday,16,4408
2025-07,casual,Saturday,17,4309
2025-07,casual,Saturday,18,4018
2025-07,casual,Saturday,19,3685
2025-07,casual,Saturday,20,2991
2025-07,casual,Saturday,21,3072
2025-07,casual,Saturday,22,2751
2025-07,casual,Saturday,23,1872
2025-07,member,Sunday,0,1127
2025-07,member,Sunday,1,751
2025-07,member,Sunday,2,464
2025-07,member,Sunday,3,295
2025-07,member,Sunday,4,188
2025-07,member,Sunday,5,195
2025-07,member,Sunday,6,451
2025-07,member,Sunday,7,815
2025-07,member,Sunday,8,1300
2025-07,member,Sunday,9,2059
2025-07,member,Sunday,10,2626
2025-07,member,Sunday,11,3155
2025-07,member,Sunday,12,3504
2025-07,member,Sunday,13,3493
2025-07,member,Sunday,14,3469
2025-07,member,Sunday,15,3343
2025-07,member,Sunday,16,3349
2025-07,member,Sunday,17,3035
2025-07,member,Sunday,18,3031
2025-07,member,Sunday,19,2560
2025-07,member,Sunday,20,2096
2025-07,member,Sunday,21,1477
2025-07,member,Sunday,22,988
2025-07,member,Sunday,23,625
2025-07,member,Monday,0,304
2025-07,member,Monday,1,183
2025-07,member,Monday,2,101
2025-07,member,Monday,3,94
2025-07,member,Monday,4,146
2025-07,member,Monday,5,652
2025-07,member,Monday,6,1979
2025-07,member,Monday,7,3566
2025-07,member,Monday,8,4358
2025-07,member,Monday,9,2471
2025-07,member,Monday,10,1652
2025-07,member,Monday,11,1964
2025-07,member,Monday,12,2088
2025-07,member,Monday,13,2158
2025-07,member,Monday,14,2276
2025-07,member,Monday,15,3114
2025-07,member,Monday,16,5461
2025-07,member,Monday,17,7294
2025-07,member,Monday,18,5756
2025-07,member,Monday,19,4268
2025-07,member,Monday,20,3098
2025-07,member,Monday,21,2264
2025-07,member,Monday,22,1113
2025-07,member,Monday,23,573
2025-07,member,Tuesday,0,395
2025-07,member,Tuesday,1,241
2025-07,member,Tuesday,2,108
2025-07,member,Tuesday,3,109
2025-07,member,Tuesday,4,171
2025-07,member,Tuesday,5,1039
2025-07,member,Tuesday,6,2979
2025-07,member,Tuesday,7,5799
2025-07,member,Tuesday,8,6925
2025-07,member,Tuesday,9,3384
2025-07,member,Tuesday,10,2304
2025-07,member,Tuesday,11,2691
2025-07,member,Tuesday,12,3016
2025-07,member,Tuesday,13,2837
2025-07,member,Tuesday,14,2938
2025-07,member,Tuesday,15,4170
2025-07,member,Tuesday,16,7614
2025-07,member,Tuesday,17,9701
2025-07,member,Tuesday,18,7560
2025-07,member,Tuesday,19,5542
2025-07,member,Tuesday,20,4186
2025-07,member,Tuesday,21,2946
2025-07,member,Tuesday,22,1532
2025-07,member,Tuesday,23,808
2025-07,member,Wednesday,0,402
2025-07,member,Wednesday,1,211
2025-07,member,Wednesday,2,121
2025-07,member,Wednesday,3,114
2025-07,member,Wednesday,4,160
2025-07,member,Wednesday,5,1003
2025-07,member,Wednesday,6,2815
2025-07,member,Wednesday,7,5723
2025-07,member,Wednesday,8,6707
2025-07,member,Wednesday,9,3542
2025-07,member,Wednesday,10,2289
2025-07,member,Wednesday,11,2743
2025-07,member,Wednesday,12,3234
2025-07,member,Wednesday,13,2638
2025-07,member,Wednesday,14,2586
2025-07,member,Wednesday,15,3664
2025-07,member,Wednesday,16,6651
2025-07,member,Wednesday,17,9048
2025-07,member,Wednesday,18,7245
2025-07,member,Wednesday,19,5291
2025-07,member,Wednesday,20,3833
2025-07,member,Wednesday,21,2787
2025-07,member,Wednesday,22,1803
2025-07,member,Wednesday,23,882
2025-07,member,Thursday,0,414
2025-07,member,Thursday,1,228
2025-07,member,Thursday,2,126
2025-07,member,Thursday,3,103
2025-07,member,Thursday,4,181
2025-07,member,Thursday,5,815
2025-07,member,Thursday,6,2568
2025-07,member,Thursday,7,4989
2025-07,member,Thursday,8,6142
2025-07,member,Thursday,9,3482
2025-07,member,Thursday,10,2445
2025-07,member,Thursday,11,2911
2025-07,member,Thursday,12,3373
2025-07,member,Thursday,13,3312
2025-07,member,Thursday,14,3494
2025-07,member,Thursday,15,4109
2025-07,member,Thursday,16,6688
2025-07,member,Thursday,17,8655
2025-07,member,Thursday,18,6710
2025-07,member,Thursday,19,4754
2025-07,member,Thursday,20,3236
2025-07,member,Thursday,21,2629
2025-07,member,Thursday,22,1929
2025-07,member,Thursday,23,1013
2025-07,member,Friday,0,484
2025-07,member,Friday,1,277
2025-07,member,Friday,2,163
2025-07,member,Friday,3,138
2025-07,member,Friday,4,137
2025-07,member,Friday,5,516
2025-07,member,Friday,6,1298
2025-07,member,Friday,7,2344
2025-07,member,Friday,8,2983
2025-07,member,Friday,9,2126
2025-07,member,Friday,10,1700
2025-07,member,Friday,11,2264
2025-07,member,Friday,12,2822
2025-07,member,Friday,13,2821
2025-07,member,Friday,14,2800
2025-07,member,Friday,15,3439
2025-07,member,Friday,16,4789
2025-07,member,Friday,17,5145
2025-07,member,Friday,18,4587
2025-07,member,Friday,19,3474
2025-07,member,Friday,20,2672
2025-07,member,Friday,21,2080
2025-07,member,Friday,22,1626
2025-07,member,Friday,23,1297
2025-07,member,Saturday,0,860
2025-07,member,Saturday,1,587
2025-07,member,Saturday,2,413
2025-07,member,Saturday,3,232
2025-07,member,Saturday,4,140
2025-07,member,Saturday,5,292
2025-07,member,Saturday,6,733
2025-07,member,Saturday,7,1069
2025-07,member,Saturday,8,1834
2025-07,member,Saturday,9,2465
2025-07,member,Saturday,10,2980
2025-07,member,Saturday,11,3170
2025-07,member,Saturday,12,2795
2025-07,member,Saturday,13,3000
2025-07,member,Saturday,14,3171
2025-07,member,Saturday,15,3342
2025-07,member,Saturday,16,3528
2025-07,member,Saturday,17,3455
2025-07,member,Saturday,18,3487
2025-07,member,Saturday,19,2862
2025-07,member,Saturday,20,2363
2025-07,member,Saturday,21,2124
2025-07,member,Saturday,22,1957
2025-07,member,Saturday,23,1420
2025-08,casual,Sunday,0,1812
2025-08,casual,Sunday,1,1323
2025-08,casual,Sunday,2,874
2025-08,casual,Sunday,3,482
2025-08,casual,Sunday,4,363
2025-08,casual,Sunday,5,283
2025-08,casual,Sunday,6,513
2025-08,casual,Sunday,7,799
2025-08,casual,Sunday,8,1397
2025-08,casual,Sunday,9,2399
2025-08,casual,Sunday,10,3732
2025-08,casual,Sunday,11,4830
2025-08,casual,Sunday,12,5366
2025-08,casual,Sunday,13,5717
2025-08,casual,Sunday,14,5874
2025-08,casual,Sunday,15,5994
2025-08,casual,Sunday,16,5954
2025-08,casual,Sunday,17,5008
2025-08,casual,Sunday,18,4334
2025-08,casual,Sunday,19,3109
2025-08,casual,Sunday,20,2336
2025-08,casual,Sunday,21,1852
2025-08,casual,Sunday,22,1972
2025-08,casual,Sunday,23,1067
2025-08,casual,Monday,0,482
2025-08,casual,Monday,1,364
2025-08,casual,Monday,2,221
2025-08,casual,Monday,3,123
2025-08,casual,Monday,4,119
2025-08,casual,Monday,5,200
2025-08,casual,Monday,6,535
2025-08,casual,Monday,7,840
2025-08,casual,Monday,8,1140
2025-08,casual,Monday,9,944
2025-08,casual,Monday,10,910
2025-08,casual,Monday,11,1318
2025-08,casual,Monday,12,1577
2025-08,casual,Monday,13,1722
2025-08,casual,Monday,14,1837
2025-08,casual,Monday,15,1934
2025-08,casual,Monday,16,2579
2025-08,casual,Monday,17,3221
2025-08,casual,Monday,18,2379
2025-08,casual,Monday,19,1806
2025-08,casual,Monday,20,1201
2025-08,casual,Monday,21,793
2025-08,casual,Monday,22,511
2025-08,casual,Monday,23,265
2025-08,casual,Tuesday,0,289
2025-08,casual,Tuesday,1,170
2025-08,casual,Tuesday,2,120
2025-08,casual,Tuesday,3,68
2025-08,casual,Tuesday,4,65
2025-08,casual,Tuesday,5,189
2025-08,casual,Tuesday,6,563
2025-08,casual,Tuesday,7,948
2025-08,casual,Tuesday,8,1248
2025-08,casual,Tuesday,9,908
2025-08,casual,Tuesday,10,994
2025-08,casual,Tuesday,11,1212
2025-08,casual,Tuesday,12,1396
2025-08,casual,Tuesday,13,1452
2025-08,casual,Tuesday,14,1419
2025-08,casual,Tuesday,15,1657
2025-08,casual,Tuesday,16,2140
2025-08,casual,Tuesday,17,2906
2025-08,casual,Tuesday,18,2635
2025-08,casual,Tuesday,19,2066
2025-08,casual,Tuesday,20,1492
2025-08,casual,Tuesday,21,1449
2025-08,casual,Tuesday,22,971
2025-08,casual,Tuesday,23,504
2025-08,casual,Wednesday,0,323
2025-08,casual,Wednesday,1,210
2025-08,casual,Wednesday,2,127
2025-08,casual,Wednesday,3,73
2025-08,casual,Wednesday,4,95
2025-08,casual,Wednesday,5,249
2025-08,casual,Wednesday,6,573
2025-08,casual,Wednesday,7,1102
2025-08,casual,Wednesday,8,1444
2025-08,casual,Wednesday,9,1033
2025-08,casual,Wednesday,10,1021
2025-08,casual,Wednesday,11,1308
2025-08,casual,Wednesday,12,1531
2025-08,casual,Wednesday,13,1508
2025-08,casual,Wednesday,14,1664
2025-08,casual,Wednesday,15,2102
2025-08,casual,Wednesday,16,2839
2025-08,casual,Wednesday,17,4007
2025-08,casual,Wednesday,18,3543
2025-08,casual,Wednesday,19,2901
2025-08,casual,Wednesday,20,2104
2025-08,casual,Wednesday,21,1984
2025-08,casual,Wednesday,22,1298
2025-08,casual,Wednesday,23,712
2025-08,casual,Thursday,0,462
2025-08,casual,Thursday,1,259
2025-08,casual,Thursday,2,149
2025-08,casual,Thursday,3,93
2025-08,casual,Thursday,4,96
2025-08,casual,Thursday,5,237
2025-08,casual,Thursday,6,533
2025-08,casual,Thursday,7,1016
2025-08,casual,Thursday,8,1357
2025-08,casual,Thursday,9,1040
2025-08,casual,Thursday,10,1225
2025-08,casual,Thursday,11,1469
2025-08,casual,Thursday,12,1833
2025-08,casual,Thursday,13,1802
2025-08,casual,Thursday,14,1964
2025-08,casual,Thursday,15,2462
2025-08,casual,Thursday,16,3096
2025-08,casual,Thursday,17,4034
2025-08,casual,Thursday,18,3822
2025-08,casual,Thursday,19,2848
2025-08,casual,Thursday,20,2047
2025-08,casual,Thursday,21,1582
2025-08,casual,Thursday,22,1247
2025-08,casual,Thursday,23,1288
2025-08,casual,Friday,0,978
2025-08,casual,Friday,1,582
2025-08,casual,Friday,2,348
2025-08,casual,Friday,3,209
2025-08,casual,Friday,4,172
2025-08,casual,Friday,5,385
2025-08,casual,Friday,6,744
2025-08,casual,Friday,7,1287
2025-08,casual,Friday,8,1628
2025-08,casual,Friday,9,1539
2025-08,casual,Friday,10,1983
2025-08,casual,Friday,11,2792
2025-08,casual,Friday,12,3419
2025-08,casual,Friday,13,3578
2025-08,casual,Friday,14,3656
2025-08,casual,Friday,15,4451
2025-08,casual,Friday,16,5019
2025-08,casual,Friday,17,5126
2025-08,casual,Friday,18,4671
2025-08,casual,Friday,19,3506
2025-08,casual,Friday,20,2677
2025-08,casual,Friday,21,2294
2025-08,casual,Friday,22,2283
2025-08,casual,Friday,23,1901
2025-08,casual,Saturday,0,1774
2025-08,casual,Saturday,1,1346
2025-08,casual,Saturday,2,828
2025-08,casual,Saturday,3,437
2025-08,casual,Saturday,4,248
2025-08,casual,Saturday,5,255
2025-08,casual,Saturday,6,453
2025-08,casual,Saturday,7,834
2025-08,casual,Saturday,8,1782
2025-08,casual,Saturday,9,2885
2025-08,casual,Saturday,10,4545
2025-08,casual,Saturday,11,5861
2025-08,casual,Saturday,12,6509
2025-08,casual,Saturday,13,6565
2025-08,casual,Saturday,14,6786
2025-08,casual,Saturday,15,7103
2025-08,casual,Saturday,16,6657
2025-08,casual,Saturday,17,5085
2025-08,casual,Saturday,18,4190
2025-08,casual,Saturday,19,3339
2025-08,casual,Saturday,20,2561
2025-08,casual,Saturday,21,2314
2025-08,casual,Saturday,22,2853
2025-08,casual,Saturday,23,1986
2025-08,member,Sunday,0,1213
2025-08,member,Sunday,1,857
2025-08,member,Sunday,2,572
2025-08,member,Sunday,3,313
2025-08,member,Sunday,4,256
2025-08,member,Sunday,5,291
2025-08,member,Sunday,6,655
2025-08,member,Sunday,7,1170
2025-08,member,Sunday,8,2019
2025-08,member,Sunday,9,2910
2025-08,member,Sunday,10,3740
2025-08,member,Sunday,11,4267
2025-08,member,Sunday,12,4677
2025-08,member,Sunday,13,4517
2025-08,member,Sunday,14,4557
2025-08,member,Sunday,15,4790
2025-08,member,Sunday,16,4832
2025-08,member,Sunday,17,4614
2025-08,member,Sunday,18,4251
2025-08,member,Sunday,19,3133
2025-08,member,Sunday,20,2407
2025-08,member,Sunday,21,1802
2025-08,member,Sunday,22,1514
2025-08,member,Sunday,23,819
2025-08,member,Monday,0,334
2025-08,member,Monday,1,192
2025-08,member,Monday,2,101
2025-08,member,Monday,3,73
2025-08,member,Monday,4,133
2025-08,member,Monday,5,621
2025-08,member,Monday,6,1982
2025-08,member,Monday,7,3869
2025-08,member,Monday,8,4475
2025-08,member,Monday,9,2348
2025-08,member,Monday,10,1514
2025-08,member,Monday,11,2043
2025-08,member,Monday,12,2437
2025-08,member,Monday,13,2272
2025-08,member,Monday,14,2302
2025-08,member,Monday,15,3265
2025-08,member,Monday,16,5429
2025-08,member,Monday,17,7121
2025-08,member,Monday,18,4484
2025-08,member,Monday,19,3226
2025-08,member,Monday,20,2263
2025-08,member,Monday,21,1258
2025-08,member,Monday,22,625
2025-08,member,Monday,23,325
2025-08,member,Tuesday,0,179
2025-08,member,Tuesday,1,102
2025-08,member,Tuesday,2,62
2025-08,member,Tuesday,3,60
2025-08,member,Tuesday,4,124
2025-08,member,Tuesday,5,694
2025-08,member,Tuesday,6,2272
2025-08,member,Tuesday,7,4528
2025-08,member,Tuesday,8,5400
2025-08,member,Tuesday,9,2559
2025-08,member,Tuesday,10,1764
2025-08,member,Tuesday,11,2171
2025-08,member,Tuesday,12,2478
2025-08,member,Tuesday,13,2307
2025-08,member,Tuesday,14,2146
2025-08,member,Tuesday,15,3128
2025-08,member,Tuesday,16,5450
2025-08,member,Tuesday,17,6725
2025-08,member,Tuesday,18,5274
2025-08,member,Tuesday,19,3841
2025-08,member,Tuesday,20,2709
2025-08,member,Tuesday,21,2081
2025-08,member,Tuesday,22,1323
2025-08,member,Tuesday,23,605
2025-08,member,Wednesday,0,340
2025-08,member,Wednesday,1,163
2025-08,member,Wednesday,2,77
2025-08,member,Wednesday,3,64
2025-08,member,Wednesday,4,104
2025-08,member,Wednesday,5,728
2025-08,member,Wednesday,6,2334
2025-08,member,Wednesday,7,4754
2025-08,member,Wednesday,8,5609
2025-08,member,Wednesday,9,2782
2025-08,member,Wednesday,10,1866
2025-08,member,Wednesday,11,2210
2025-08,member,Wednesday,12,2640
2025-08,member,Wednesday,13,2477
2025-08,member,Wednesday,14,2547
2025-08,member,Wednesday,15,3712
2025-08,member,Wednesday,16,6505
2025-08,member,Wednesday,17,8375
2025-08,member,Wednesday,18,6287
2025-08,member,Wednesday,19,4508
2025-08,member,Wednesday,20,3228
2025-08,member,Wednesday,21,2499
2025-08,member,Wednesday,22,1576
2025-08,member,Wednesday,23,818
2025-08,member,Thursday,0,345
2025-08,member,Thursday,1,175
2025-08,member,Thursday,2,108
2025-08,member,Thursday,3,57
2025-08,member,Thursday,4,138
2025-08,member,Thursday,5,557
2025-08,member,Thursday,6,2074
2025-08,member,Thursday,7,4247
2025-08,member,Thursday,8,5359
2025-08,member,Thursday,9,2800
2025-08,member,Thursday,10,2019
2025-08,member,Thursday,11,2350
2025-08,member,Thursday,12,2764
2025-08,member,Thursday,13,2457
2025-08,member,Thursday,14,2578
2025-08,member,Thursday,15,3674
2025-08,member,Thursday,16,6459
2025-08,member,Thursday,17,7929
2025-08,member,Thursday,18,6100
2025-08,member,Thursday,19,4509
2025-08,member,Thursday,20,3151
2025-08,member,Thursday,21,2277
2025-08,member,Thursday,22,1675
2025-08,member,Thursday,23,1145
2025-08,member,Friday,0,723
2025-08,member,Friday,1,428
2025-08,member,Friday,2,249
2025-08,member,Friday,3,156
2025-08,member,Friday,4,211
2025-08,member,Friday,5,807
2025-08,member,Friday,6,2238
2025-08,member,Friday,7,3977
2025-08,member,Friday,8,4697
2025-08,member,Friday,9,3150
2025-08,member,Friday,10,2706
2025-08,member,Friday,11,3421
2025-08,member,Friday,12,4207
2025-08,member,Friday,13,4162
2025-08,member,Friday,14,4172
2025-08,member,Friday,15,5265
2025-08,member,Friday,16,6706
2025-08,member,Friday,17,7359
2025-08,member,Friday,18,6128
2025-08,member,Friday,19,4450
2025-08,member,Friday,20,3260
2025-08,member,Friday,21,2518
2025-08,member,Friday,22,2203
2025-08,member,Friday,23,1698
2025-08,member,Saturday,0,1367
2025-08,member,Saturday,1,901
2025-08,member,Saturday,2,549
2025-08,member,Saturday,3,302
2025-08,member,Saturday,4,179
2025-08,member,Saturday,5,407
2025-08,member,Saturday,6,821
2025-08,member,Saturday,7,1493
2025-08,member,Saturday,8,2710
2025-08,member,Saturday,9,3645
2025-08,member,Saturday,10,4545
2025-08,member,Saturday,11,5009
2025-08,member,Saturday,12,5076
2025-08,member,Saturday,13,4886
2025-08,member,Saturday,14,4865
2025-08,member,Saturday,15,4928
2025-08,member,Saturday,16,4927
2025-08,member,Saturday,17,4320
2025-08,member,Saturday,18,3955
2025-08,member,Saturday,19,3132
2025-08,member,Saturday,20,2300
2025-08,member,Saturday,21,2172
2025-08,member,Saturday,22,2208
2025-08,member,Saturday,23,1541
2025-09,casual,Sunday,0,1275
2025-09,casual,Sunday,1,958
2025-09,casual,Sunday,2,666
2025-09,casual,Sunday,3,325
2025-09,casual,Sunday,4,194
2025-09,casual,Sunday,5,178
2025-09,casual,Sunday,6,356
2025-09,casual,Sunday,7,681
2025-09,casual,Sunday,8,997
2025-09,casual,Sunday,9,1697
2025-09,casual,Sunday,10,2414
2025-09,casual,Sunday,11,3137
2025-09,casual,Sunday,12,3527
2025-09,casual,Sunday,13,3334
2025-09,casual,Sunday,14,3419
2025-09,casual,Sunday,15,3397
2025-09,casual,Sunday,16,3454
2025-09,casual,Sunday,17,2860
2025-09,casual,Sunday,18,2878
2025-09,casual,Sunday,19,1736
2025-09,casual,Sunday,20,1126
2025-09,casual,Sunday,21,849
2025-09,casual,Sunday,22,760
2025-09,casual,Sunday,23,570
2025-09,casual,Monday,0,800
2025-09,casual,Monday,1,427
2025-09,casual,Monday,2,293
2025-09,casual,Monday,3,205
2025-09,casual,Monday,4,165
2025-09,casual,Monday,5,188
2025-09,casual,Monday,6,546
2025-09,casual,Monday,7,1032
2025-09,casual,Monday,8,1364
2025-09,casual,Monday,9,1357
2025-09,casual,Monday,10,1644
2025-09,casual,Monday,11,2185
2025-09,casual,Monday,12,2804
2025-09,casual,Monday,13,2770
2025-09,casual,Monday,14,2889
2025-09,casual,Monday,15,3058
2025-09,casual,Monday,16,3609
2025-09,casual,Monday,17,4200
2025-09,casual,Monday,18,3647
2025-09,casual,Monday,19,2255
2025-09,casual,Monday,20,1404
2025-09,casual,Monday,21,1151
2025-09,casual,Monday,22,1464
2025-09,casual,Monday,23,1127
2025-09,casual,Tuesday,0,525
2025-09,casual,Tuesday,1,268
2025-09,casual,Tuesday,2,159
2025-09,casual,Tuesday,3,72
2025-09,casual,Tuesday,4,100
2025-09,casual,Tuesday,5,217
2025-09,casual,Tuesday,6,689
2025-09,casual,Tuesday,7,1391
2025-09,casual,Tuesday,8,1797
2025-09,casual,Tuesday,9,1243
2025-09,casual,Tuesday,10,1062
2025-09,casual,Tuesday,11,1260
2025-09,casual,Tuesday,12,1719
2025-09,casual,Tuesday,13,1788
2025-09,casual,Tuesday,14,1857
2025-09,casual,Tuesday,15,2283
2025-09,casual,Tuesday,16,3209
2025-09,casual,Tuesday,17,4324
2025-09,casual,Tuesday,18,3663
2025-09,casual,Tuesday,19,2480
2025-09,casual,Tuesday,20,1585
2025-09,casual,Tuesday,21,1646
2025-09,casual,Tuesday,22,1017
2025-09,casual,Tuesday,23,567
2025-09,casual,Wednesday,0,353
2025-09,casual,Wednesday,1,132
2025-09,casual,Wednesday,2,94
2025-09,casual,Wednesday,3,62
2025-09,casual,Wednesday,4,98
2025-09,casual,Wednesday,5,177
2025-09,casual,Wednesday,6,573
2025-09,casual,Wednesday,7,1093
2025-09,casual,Wednesday,8,1458
2025-09,casual,Wednesday,9,913
2025-09,casual,Wednesday,10,917
2025-09,casual,Wednesday,11,1119
2025-09,casual,Wednesday,12,1243
2025-09,casual,Wednesday,13,1195
2025-09,casual,Wednesday,14,1370
2025-09,casual,Wednesday,15,1571
2025-09,casual,Wednesday,16,2285
2025-09,casual,Wednesday,17,2795
2025-09,casual,Wednesday,18,2585
2025-09,casual,Wednesday,19,1922
2025-09,casual,Wednesday,20,1297
2025-09,casual,Wednesday,21,1351
2025-09,casual,Wednesday,22,874
2025-09,casual,Wednesday,23,498
2025-09,casual,Thursday,0,392
2025-09,casual,Thursday,1,230
2025-09,casual,Thursday,2,123
2025-09,casual,Thursday,3,72
2025-09,casual,Thursday,4,92
2025-09,casual,Thursday,5,186
2025-09,casual,Thursday,6,551
2025-09,casual,Thursday,7,1201
2025-09,casual,Thursday,8,1449
2025-09,casual,Thursday,9,995
2025-09,casual,Thursday,10,938
2025-09,casual,Thursday,11,1128
2025-09,casual,Thursday,12,1445
2025-09,casual,Thursday,13,1420
2025-09,casual,Thursday,14,1687
2025-09,casual,Thursday,15,1976
2025-09,casual,Thursday,16,2704
2025-09,casual,Thursday,17,3641
2025-09,casual,Thursday,18,3236
2025-09,casual,Thursday,19,2195
2025-09,casual,Thursday,20,1364
2025-09,casual,Thursday,21,1268
2025-09,casual,Thursday,22,1136
2025-09,casual,Thursday,23,660
2025-09,casual,Friday,0,571
2025-09,casual,Friday,1,335
2025-09,casual,Friday,2,182
2025-09,casual,Friday,3,145
2025-09,casual,Friday,4,128
2025-09,casual,Friday,5,174
2025-09,casual,Friday,6,543
2025-09,casual,Friday,7,903
2025-09,casual,Friday,8,1176
2025-09,casual,Friday,9,1122
2025-09,casual,Friday,10,1357
2025-09,casual,Friday,11,1838
2025-09,casual,Friday,12,2236
2025-09,casual,Friday,13,2189
2025-09,casual,Friday,14,2270
2025-09,casual,Friday,15,2649
2025-09,casual,Friday,16,3359
2025-09,casual,Friday,17,3738
2025-09,casual,Friday,18,3325
2025-09,casual,Friday,19,2311
2025-09,casual,Friday,20,1554
2025-09,casual,Friday,21,1430
2025-09,casual,Friday,22,1488
2025-09,casual,Friday,23,1357
2025-09,casual,Saturday,0,1241
2025-09,casual,Saturday,1,840
2025-09,casual,Saturday,2,573
2025-09,casual,Saturday,3,319
2025-09,casual,Saturday,4,153
2025-09,casual,Saturday,5,143
2025-09,casual,Saturday,6,337
2025-09,casual,Saturday,7,492
2025-09,casual,Saturday,8,929
2025-09,casual,Saturday,9,1590
2025-09,casual,Saturday,10,2469
2025-09,casual,Saturday,11,3215
2025-09,casual,Saturday,12,3946
2025-09,casual,Saturday,13,3872
2025-09,casual,Saturday,14,3822
2025-09,casual,Saturday,15,3822
2025-09,casual,Saturday,16,3964
2025-09,casual,Saturday,17,3582
2025-09,casual,Saturday,18,2852
2025-09,casual,Saturday,19,2094
2025-09,casual,Saturday,20,1567
2025-09,casual,Saturday,21,1590
2025-09,casual,Saturday,22,1545
2025-09,casual,Saturday,23,1194
2025-09,member,Sunday,0,955
2025-09,member,Sunday,1,682
2025-09,member,Sunday,2,444
2025-09,member,Sunday,3,250
2025-09,member,Sunday,4,151
2025-09,member,Sunday,5,222
2025-09,member,Sunday,6,460
2025-09,member,Sunday,7,802
2025-09,member,Sunday,8,1553
2025-09,member,Sunday,9,2350
2025-09,member,Sunday,10,3153
2025-09,member,Sunday,11,3939
2025-09,member,Sunday,12,3797
2025-09,member,Sunday,13,3689
2025-09,member,Sunday,14,3661
2025-09,member,Sunday,15,3878
2025-09,member,Sunday,16,3796
2025-09,member,Sunday,17,3432
2025-09,member,Sunday,18,3667
2025-09,member,Sunday,19,2473
2025-09,member,Sunday,20,1578
2025-09,member,Sunday,21,1211
2025-09,member,Sunday,22,839
2025-09,member,Sunday,23,546
2025-09,member,Monday,0,444
2025-09,member,Monday,1,244
2025-09,member,Monday,2,167
2025-09,member,Monday,3,127
2025-09,member,Monday,4,184
2025-09,member,Monday,5,656
2025-09,member,Monday,6,2032
2025-09,member,Monday,7,4210
2025-09,member,Monday,8,5351
2025-09,member,Monday,9,3078
2025-09,member,Monday,10,2447
2025-09,member,Monday,11,2809
2025-09,member,Monday,12,3396
2025-09,member,Monday,13,3413
2025-09,member,Monday,14,3566
2025-09,member,Monday,15,4556
2025-09,member,Monday,16,6777
2025-09,member,Monday,17,8645
2025-09,member,Monday,18,6817
2025-09,member,Monday,19,4476
2025-09,member,Monday,20,2654
2025-09,member,Monday,21,2069
2025-09,member,Monday,22,1608
2025-09,member,Monday,23,765
2025-09,member,Tuesday,0,370
2025-09,member,Tuesday,1,168
2025-09,member,Tuesday,2,92
2025-09,member,Tuesday,3,69
2025-09,member,Tuesday,4,166
2025-09,member,Tuesday,5,848
2025-09,member,Tuesday,6,2897
2025-09,member,Tuesday,7,6200
2025-09,member,Tuesday,8,7510
2025-09,member,Tuesday,9,3492
2025-09,member,Tuesday,10,2186
2025-09,member,Tuesday,11,2650
2025-09,member,Tuesday,12,3401
2025-09,member,Tuesday,13,3185
2025-09,member,Tuesday,14,3170
2025-09,member,Tuesday,15,4833
2025-09,member,Tuesday,16,8383
2025-09,member,Tuesday,17,10729
2025-09,member,Tuesday,18,7917
2025-09,member,Tuesday,19,4969
2025-09,member,Tuesday,20,3244
2025-09,member,Tuesday,21,2782
2025-09,member,Tuesday,22,1592
2025-09,member,Tuesday,23,710
2025-09,member,Wednesday,0,267
2025-09,member,Wednesday,1,140
2025-09,member,Wednesday,2,76
2025-09,member,Wednesday,3,71
2025-09,member,Wednesday,4,130
2025-09,member,Wednesday,5,721
2025-09,member,Wednesday,6,2319
2025-09,member,Wednesday,7,5115
2025-09,member,Wednesday,8,6095
2025-09,member,Wednesday,9,2999
2025-09,member,Wednesday,10,2003
2025-09,member,Wednesday,11,2298
2025-09,member,Wednesday,12,2665
2025-09,member,Wednesday,13,2527
2025-09,member,Wednesday,14,2643
2025-09,member,Wednesday,15,3726
2025-09,member,Wednesday,16,6347
2025-09,member,Wednesday,17,7285
2025-09,member,Wednesday,18,5838
2025-09,member,Wednesday,19,4068
2025-09,member,Wednesday,20,2629
2025-09,member,Wednesday,21,2212
2025-09,member,Wednesday,22,1435
2025-09,member,Wednesday,23,637
2025-09,member,Thursday,0,315
2025-09,member,Thursday,1,160
2025-09,member,Thursday,2,82
2025-09,member,Thursday,3,72
2025-09,member,Thursday,4,129
2025-09,member,Thursday,5,643
2025-09,member,Thursday,6,2240
2025-09,member,Thursday,7,4737
2025-09,member,Thursday,8,5855
2025-09,member,Thursday,9,2909
2025-09,member,Thursday,10,2026
2025-09,member,Thursday,11,2358
2025-09,member,Thursday,12,2863
2025-09,member,Thursday,13,2634
2025-09,member,Thursday,14,2741
2025-09,member,Thursday,15,3939
2025-09,member,Thursday,16,6411
2025-09,member,Thursday,17,8305
2025-09,member,Thursday,18,6417
2025-09,member,Thursday,19,4105
2025-09,member,Thursday,20,2655
2025-09,member,Thursday,21,2210
2025-09,member,Thursday,22,1648
2025-09,member,Thursday,23,952
2025-09,member,Friday,0,528
2025-09,member,Friday,1,266
2025-09,member,Friday,2,150
2025-09,member,Friday,3,90
2025-09,member,Friday,4,122
2025-09,member,Friday,5,574
2025-09,member,Friday,6,1785
2025-09,member,Friday,7,3348
2025-09,member,Friday,8,4104
2025-09,member,Friday,9,2681
2025-09,member,Friday,10,2166
2025-09,member,Friday,11,2646
2025-09,member,Friday,12,3298
2025-09,member,Friday,13,3289
2025-09,member,Friday,14,3309
2025-09,member,Friday,15,4177
2025-09,member,Friday,16,5710
2025-09,member,Friday,17,6236
2025-09,member,Friday,18,5280
2025-09,member,Friday,19,3698
2025-09,member,Friday,20,2285
2025-09,member,Friday,21,1897
2025-09,member,Friday,22,1733
2025-09,member,Friday,23,1356
2025-09,member,Saturday,0,1040
2025-09,member,Saturday,1,622
2025-09,member,Saturday,2,380
2025-09,member,Saturday,3,199
2025-09,member,Saturday,4,94
2025-09,member,Saturday,5,231
2025-09,member,Saturday,6,643
2025-09,member,Saturday,7,900
2025-09,member,Saturday,8,1604
2025-09,member,Saturday,9,2310
2025-09,member,Saturday,10,3106
2025-09,member,Saturday,11,3797
2025-09,member,Saturday,12,3973
2025-09,member,Saturday,13,3823
2025-09,member,Saturday,14,3769
2025-09,member,Saturday,15,3670
2025-09,member,Saturday,16,3987
2025-09,member,Saturday,17,3792
2025-09,member,Saturday,18,3283
2025-09,member,Saturday,19,2428
2025-09,member,Saturday,20,1782
2025-09,member,Saturday,21,1669
2025-09,member,Saturday,22,1640
2025-09,member,Saturday,23,1256
2025-10,casual,Sunday,0,956
2025-10,casual,Sunday,1,624
2025-10,casual,Sunday,2,513
2025-10,casual,Sunday,3,300
2025-10,casual,Sunday,4,218
2025-10,casual,Sunday,5,349
2025-10,casual,Sunday,6,617
2025-10,casual,Sunday,7,951
2025-10,casual,Sunday,8,1262
2025-10,casual,Sunday,9,2106
2025-10,casual,Sunday,10,2762
2025-10,casual,Sunday,11,3087
2025-10,casual,Sunday,12,3186
2025-10,casual,Sunday,13,3036
2025-10,casual,Sunday,14,3028
2025-10,casual,Sunday,15,3177
2025-10,casual,Sunday,16,2703
2025-10,casual,Sunday,17,2315
2025-10,casual,Sunday,18,1761
2025-10,casual,Sunday,19,1139
2025-10,casual,Sunday,20,821
2025-10,casual,Sunday,21,757
2025-10,casual,Sunday,22,551
2025-10,casual,Sunday,23,317
2025-10,casual,Monday,0,286
2025-10,casual,Monday,1,174
2025-10,casual,Monday,2,130
2025-10,casual,Monday,3,75
2025-10,casual,Monday,4,79
2025-10,casual,Monday,5,178
2025-10,casual,Monday,6,425
2025-10,casual,Monday,7,845
2025-10,casual,Monday,8,1060
2025-10,casual,Monday,9,942
2025-10,casual,Monday,10,1026
2025-10,casual,Monday,11,1166
2025-10,casual,Monday,12,1475
2025-10,casual,Monday,13,1435
2025-10,casual,Monday,14,1562
2025-10,casual,Monday,15,1691
2025-10,casual,Monday,16,1992
2025-10,casual,Monday,17,2210
2025-10,casual,Monday,18,1518
2025-10,casual,Monday,19,983
2025-10,casual,Monday,20,702
2025-10,casual,Monday,21,645
2025-10,casual,Monday,22,554
2025-10,casual,Monday,23,243
2025-10,casual,Tuesday,0,201
2025-10,casual,Tuesday,1,126
2025-10,casual,Tuesday,2,101
2025-10,casual,Tuesday,3,47
2025-10,casual,Tuesday,4,56
2025-10,casual,Tuesday,5,137
2025-10,casual,Tuesday,6,351
2025-10,casual,Tuesday,7,813
2025-10,casual,Tuesday,8,1003
2025-10,casual,Tuesday,9,787
2025-10,casual,Tuesday,10,683
2025-10,casual,Tuesday,11,817
2025-10,casual,Tuesday,12,989
2025-10,casual,Tuesday,13,920
2025-10,casual,Tuesday,14,1099
2025-10,casual,Tuesday,15,1386
2025-10,casual,Tuesday,16,1860
2025-10,casual,Tuesday,17,2065
2025-10,casual,Tuesday,18,1590
2025-10,casual,Tuesday,19,953
2025-10,casual,Tuesday,20,733
2025-10,casual,Tuesday,21,636
2025-10,casual,Tuesday,22,446
2025-10,casual,Tuesday,23,325
2025-10,casual,Wednesday,0,309
2025-10,casual,Wednesday,1,188
2025-10,casual,Wednesday,2,129
2025-10,casual,Wednesday,3,60
2025-10,casual,Wednesday,4,94
2025-10,casual,Wednesday,5,202
2025-10,casual,Wednesday,6,522
2025-10,casual,Wednesday,7,1195
2025-10,casual,Wednesday,8,1533
2025-10,casual,Wednesday,9,917
2025-10,casual,Wednesday,10,758
2025-10,casual,Wednesday,11,1014
2025-10,casual,Wednesday,12,1298
2025-10,casual,Wednesday,13,1379
2025-10,casual,Wednesday,14,1531
2025-10,casual,Wednesday,15,1888
2025-10,casual,Wednesday,16,2437
2025-10,casual,Wednesday,17,3308
2025-10,casual,Wednesday,18,2440
2025-10,casual,Wednesday,19,1790
2025-10,casual,Wednesday,20,1263
2025-10,casual,Wednesday,21,1086
2025-10,casual,Wednesday,22,817
2025-10,casual,Wednesday,23,481
2025-10,casual,Thursday,0,365
2025-10,casual,Thursday,1,208
2025-10,casual,Thursday,2,115
2025-10,casual,Thursday,3,88
2025-10,casual,Thursday,4,93
2025-10,casual,Thursday,5,165
2025-10,casual,Thursday,6,565
2025-10,casual,Thursday,7,1223
2025-10,casual,Thursday,8,1579
2025-10,casual,Thursday,9,1206
2025-10,casual,Thursday,10,1114
2025-10,casual,Thursday,11,1294
2025-10,casual,Thursday,12,1564
2025-10,casual,Thursday,13,1616
2025-10,casual,Thursday,14,1924
2025-10,casual,Thursday,15,2406
2025-10,casual,Thursday,16,2990
2025-10,casual,Thursday,17,3523
2025-10,casual,Thursday,18,2953
2025-10,casual,Thursday,19,2297
2025-10,casual,Thursday,20,1487
2025-10,casual,Thursday,21,1177
2025-10,casual,Thursday,22,1058
2025-10,casual,Thursday,23,1198
2025-10,casual,Friday,0,691
2025-10,casual,Friday,1,371
2025-10,casual,Friday,2,228
2025-10,casual,Friday,3,120
2025-10,casual,Friday,4,141
2025-10,casual,Friday,5,172
2025-10,casual,Friday,6,501
2025-10,casual,Friday,7,967
2025-10,casual,Friday,8,1262
2025-10,casual,Friday,9,1250
2025-10,casual,Friday,10,1505
2025-10,casual,Friday,11,1876
2025-10,casual,Friday,12,2323
2025-10,casual,Friday,13,2567
2025-10,casual,Friday,14,2483
2025-10,casual,Friday,15,3156
2025-10,casual,Friday,16,3321
2025-10,casual,Friday,17,3588
2025-10,casual,Friday,18,2909
2025-10,casual,Friday,19,2077
2025-10,casual,Friday,20,1542
2025-10,casual,Friday,21,1386
2025-10,casual,Friday,22,1375
2025-10,casual,Friday,23,1229
2025-10,casual,Saturday,0,1159
2025-10,casual,Saturday,1,814
2025-10,casual,Saturday,2,506
2025-10,casual,Saturday,3,282
2025-10,casual,Saturday,4,183
2025-10,casual,Saturday,5,123
2025-10,casual,Saturday,6,249
2025-10,casual,Saturday,7,603
2025-10,casual,Saturday,8,1100
2025-10,casual,Saturday,9,1793
2025-10,casual,Saturday,10,2760
2025-10,casual,Saturday,11,3494
2025-10,casual,Saturday,12,3909
2025-10,casual,Saturday,13,3699
2025-10,casual,Saturday,14,3849
2025-10,casual,Saturday,15,3671
2025-10,casual,Saturday,16,3287
2025-10,casual,Saturday,17,2893
2025-10,casual,Saturday,18,2526
2025-10,casual,Saturday,19,1586
2025-10,casual,Saturday,20,1079
2025-10,casual,Saturday,21,1017
2025-10,casual,Saturday,22,1037
2025-10,casual,Saturday,23,794
2025-10,member,Sunday,0,817
2025-10,member,Sunday,1,501
2025-10,member,Sunday,2,355
2025-10,member,Sunday,3,224
2025-10,member,Sunday,4,164
2025-10,member,Sunday,5,269
2025-10,member,Sunday,6,522
2025-10,member,Sunday,7,809
2025-10,member,Sunday,8,1359
2025-10,member,Sunday,9,1922
2025-10,member,Sunday,10,2607
2025-10,member,Sunday,11,3044
2025-10,member,Sunday,12,3093
2025-10,member,Sunday,13,3169
2025-10,member,Sunday,14,3327
2025-10,member,Sunday,15,3622
2025-10,member,Sunday,16,3524
2025-10,member,Sunday,17,3346
2025-10,member,Sunday,18,2999
2025-10,member,Sunday,19,2003
2025-10,member,Sunday,20,1411
2025-10,member,Sunday,21,1122
2025-10,member,Sunday,22,801
2025-10,member,Sunday,23,452
2025-10,member,Monday,0,231
2025-10,member,Monday,1,141
2025-10,member,Monday,2,81
2025-10,member,Monday,3,59
2025-10,member,Monday,4,113
2025-10,member,Monday,5,570
2025-10,member,Monday,6,1677
2025-10,member,Monday,7,3540
2025-10,member,Monday,8,4412
2025-10,member,Monday,9,2541
2025-10,member,Monday,10,1802
2025-10,member,Monday,11,2022
2025-10,member,Monday,12,2461
2025-10,member,Monday,13,2438
2025-10,member,Monday,14,2528
2025-10,member,Monday,15,3386
2025-10,member,Monday,16,5344
2025-10,member,Monday,17,6580
2025-10,member,Monday,18,4494
2025-10,member,Monday,19,2681
2025-10,member,Monday,20,1822
2025-10,member,Monday,21,1386
2025-10,member,Monday,22,1011
2025-10,member,Monday,23,398
2025-10,member,Tuesday,0,178
2025-10,member,Tuesday,1,101
2025-10,member,Tuesday,2,71
2025-10,member,Tuesday,3,55
2025-10,member,Tuesday,4,94
2025-10,member,Tuesday,5,536
2025-10,member,Tuesday,6,1778
2025-10,member,Tuesday,7,3921
2025-10,member,Tuesday,8,4970
2025-10,member,Tuesday,9,2258
2025-10,member,Tuesday,10,1695
2025-10,member,Tuesday,11,1898
2025-10,member,Tuesday,12,2317
2025-10,member,Tuesday,13,2247
2025-10,member,Tuesday,14,2134
2025-10,member,Tuesday,15,3448
2025-10,member,Tuesday,16,5609
2025-10,member,Tuesday,17,6846
2025-10,member,Tuesday,18,4739
2025-10,member,Tuesday,19,2937
2025-10,member,Tuesday,20,1995
2025-10,member,Tuesday,21,1560
2025-10,member,Tuesday,22,971
2025-10,member,Tuesday,23,504
2025-10,member,Wednesday,0,349
2025-10,member,Wednesday,1,163
2025-10,member,Wednesday,2,85
2025-10,member,Wednesday,3,61
2025-10,member,Wednesday,4,119
2025-10,member,Wednesday,5,790
2025-10,member,Wednesday,6,2474
2025-10,member,Wednesday,7,5577
2025-10,member,Wednesday,8,6633
2025-10,member,Wednesday,9,3170
2025-10,member,Wednesday,10,2254
2025-10,member,Wednesday,11,2448
2025-10,member,Wednesday,12,3113
2025-10,member,Wednesday,13,3196
2025-10,member,Wednesday,14,3159
2025-10,member,Wednesday,15,4625
2025-10,member,Wednesday,16,7579
2025-10,member,Wednesday,17,9278
2025-10,member,Wednesday,18,6551
2025-10,member,Wednesday,19,4365
2025-10,member,Wednesday,20,2820
2025-10,member,Wednesday,21,2272
2025-10,member,Wednesday,22,1519
2025-10,member,Wednesday,23,738
2025-10,member,Thursday,0,363
2025-10,member,Thursday,1,197
2025-10,member,Thursday,2,98
2025-10,member,Thursday,3,58
2025-10,member,Thursday,4,135
2025-10,member,Thursday,5,707
2025-10,member,Thursday,6,2442
2025-10,member,Thursday,7,5464
2025-10,member,Thursday,8,6943
2025-10,member,Thursday,9,3733
2025-10,member,Thursday,10,2541
2025-10,member,Thursday,11,2766
2025-10,member,Thursday,12,3445
2025-10,member,Thursday,13,3298
2025-10,member,Thursday,14,3361
2025-10,member,Thursday,15,5122
2025-10,member,Thursday,16,7756
2025-10,member,Thursday,17,9265
2025-10,member,Thursday,18,6863
2025-10,member,Thursday,19,4614
2025-10,member,Thursday,20,2994
2025-10,member,Thursday,21,2287
2025-10,member,Thursday,22,1836
2025-10,member,Thursday,23,1352
2025-10,member,Friday,0,625
2025-10,member,Friday,1,319
2025-10,member,Friday,2,165
2025-10,member,Friday,3,113
2025-10,member,Friday,4,146
2025-10,member,Friday,5,658
2025-10,member,Friday,6,1903
2025-10,member,Friday,7,3571
2025-10,member,Friday,8,4664
2025-10,member,Friday,9,3096
2025-10,member,Friday,10,2601
2025-10,member,Friday,11,3150
2025-10,member,Friday,12,3710
2025-10,member,Friday,13,3843
2025-10,member,Friday,14,3850
2025-10,member,Friday,15,5095
2025-10,member,Friday,16,6668
2025-10,member,Friday,17,6959
2025-10,member,Friday,18,5457
2025-10,member,Friday,19,3838
2025-10,member,Friday,20,2507
2025-10,member,Friday,21,1964
2025-10,member,Friday,22,1874
2025-10,member,Friday,23,1367
2025-10,member,Saturday,0,960
2025-10,member,Saturday,1,598
2025-10,member,Saturday,2,392
2025-10,member,Saturday,3,203
2025-10,member,Saturday,4,86
2025-10,member,Saturday,5,172
2025-10,member,Saturday,6,470
2025-10,member,Saturday,7,980
2025-10,member,Saturday,8,1807
2025-10,member,Saturday,9,2601
2025-10,member,Saturday,10,3496
2025-10,member,Saturday,11,4016
2025-10,member,Saturday,12,3889
2025-10,member,Saturday,13,3777
2025-10,member,Saturday,14,3914
2025-10,member,Saturday,15,3901
2025-10,member,Saturday,16,3679
2025-10,member,Saturday,17,3499
2025-10,member,Saturday,18,3420
2025-10,member,Saturday,19,2195
2025-10,member,Saturday,20,1430
2025-10,member,Saturday,21,1260
2025-10,member,Saturday,22,1230
2025-10,member,Saturday,23,930
2025-11,casual,Sunday,0,590
2025-11,casual,Sunday,1,458
2025-11,casual,Sunday,2,260
2025-11,casual,Sunday,3,155
2025-11,casual,Sunday,4,88
2025-11,casual,Sunday,5,48
2025-11,casual,Sunday,6,105
2025-11,casual,Sunday,7,194
2025-11,casual,Sunday,8,343
2025-11,casual,Sunday,9,736
2025-11,casual,Sunday,10,1115
2025-11,casual,Sunday,11,1463
2025-11,casual,Sunday,12,1339
2025-11,casual,Sunday,13,1194
2025-11,casual,Sunday,14,1236
2025-11,casual,Sunday,15,1557
2025-11,casual,Sunday,16,1195
2025-11,casual,Sunday,17,701
2025-11,casual,Sunday,18,595
2025-11,casual,Sunday,19,434
2025-11,casual,Sunday,20,325
2025-11,casual,Sunday,21,258
2025-11,casual,Sunday,22,235
2025-11,casual,Sunday,23,165
2025-11,casual,Monday,0,95
2025-11,casual,Monday,1,52
2025-11,casual,Monday,2,49
2025-11,casual,Monday,3,34
2025-11,casual,Monday,4,40
2025-11,casual,Monday,5,86
2025-11,casual,Monday,6,216
2025-11,casual,Monday,7,398
2025-11,casual,Monday,8,532
2025-11,casual,Monday,9,372
2025-11,casual,Monday,10,362
2025-11,casual,Monday,11,474
2025-11,casual,Monday,12,563
2025-11,casual,Monday,13,622
2025-11,casual,Monday,14,580
2025-11,casual,Monday,15,737
2025-11,casual,Monday,16,879
2025-11,casual,Monday,17,876
2025-11,casual,Monday,18,632
2025-11,casual,Monday,19,476
2025-11,casual,Monday,20,362
2025-11,casual,Monday,21,338
2025-11,casual,Monday,22,239
2025-11,casual,Monday,23,246
2025-11,casual,Tuesday,0,131
2025-11,casual,Tuesday,1,71
2025-11,casual,Tuesday,2,56
2025-11,casual,Tuesday,3,21
2025-11,casual,Tuesday,4,34
2025-11,casual,Tuesday,5,90
2025-11,casual,Tuesday,6,183
2025-11,casual,Tuesday,7,408
2025-11,casual,Tuesday,8,638
2025-11,casual,Tuesday,9,462
2025-11,casual,Tuesday,10,362
2025-11,casual,Tuesday,11,490
2025-11,casual,Tuesday,12,557
2025-11,casual,Tuesday,13,586
2025-11,casual,Tuesday,14,604
2025-11,casual,Tuesday,15,768
2025-11,casual,Tuesday,16,1019
2025-11,casual,Tuesday,17,1030
2025-11,casual,Tuesday,18,808
2025-11,casual,Tuesday,19,544
2025-11,casual,Tuesday,20,420
2025-11,casual,Tuesday,21,399
2025-11,casual,Tuesday,22,287
2025-11,casual,Tuesday,23,178
2025-11,casual,Wednesday,0,154
2025-11,casual,Wednesday,1,73
2025-11,casual,Wednesday,2,53
2025-11,casual,Wednesday,3,31
2025-11,casual,Wednesday,4,48
2025-11,casual,Wednesday,5,118
2025-11,casual,Wednesday,6,260
2025-11,casual,Wednesday,7,539
2025-11,casual,Wednesday,8,721
2025-11,casual,Wednesday,9,457
2025-11,casual,Wednesday,10,399
2025-11,casual,Wednesday,11,452
2025-11,casual,Wednesday,12,569
2025-11,casual,Wednesday,13,565
2025-11,casual,Wednesday,14,633
2025-11,casual,Wednesday,15,768
2025-11,casual,Wednesday,16,984
2025-11,casual,Wednesday,17,1131
2025-11,casual,Wednesday,18,853
2025-11,casual,Wednesday,19,606
2025-11,casual,Wednesday,20,466
2025-11,casual,Wednesday,21,392
2025-11,casual,Wednesday,22,338
2025-11,casual,Wednesday,23,283
2025-11,casual,Thursday,0,180
2025-11,casual,Thursday,1,139
2025-11,casual,Thursday,2,106
2025-11,casual,Thursday,3,56
2025-11,casual,Thursday,4,56
2025-11,casual,Thursday,5,86
2025-11,casual,Thursday,6,238
2025-11,casual,Thursday,7,517
2025-11,casual,Thursday,8,729
2025-11,casual,Thursday,9,550
2025-11,casual,Thursday,10,396
2025-11,casual,Thursday,11,485
2025-11,casual,Thursday,12,602
2025-11,casual,Thursday,13,593
2025-11,casual,Thursday,14,704
2025-11,casual,Thursday,15,822
2025-11,casual,Thursday,16,1067
2025-11,casual,Thursday,17,1206
2025-11,casual,Thursday,18,902
2025-11,casual,Thursday,19,584
2025-11,casual,Thursday,20,416
2025-11,casual,Thursday,21,400
2025-11,casual,Thursday,22,363
2025-11,casual,Thursday,23,267
2025-11,casual,Friday,0,216
2025-11,casual,Friday,1,128
2025-11,casual,Friday,2,83
2025-11,casual,Friday,3,50
2025-11,casual,Friday,4,71
2025-11,casual,Friday,5,84
2025-11,casual,Friday,6,249
2025-11,casual,Friday,7,427
2025-11,casual,Friday,8,565
2025-11,casual,Friday,9,536
2025-11,casual,Friday,10,571
2025-11,casual,Friday,11,810
2025-11,casual,Friday,12,920
2025-11,casual,Friday,13,1056
2025-11,casual,Friday,14,1145
2025-11,casual,Friday,15,1340
2025-11,casual,Friday,16,1442
2025-11,casual,Friday,17,1384
2025-11,casual,Friday,18,1126
2025-11,casual,Friday,19,874
2025-11,casual,Friday,20,562
2025-11,casual,Friday,21,515
2025-11,casual,Friday,22,509
2025-11,casual,Friday,23,622
2025-11,casual,Saturday,0,972
2025-11,casual,Saturday,1,806
2025-11,casual,Saturday,2,631
2025-11,casual,Saturday,3,241
2025-11,casual,Saturday,4,136
2025-11,casual,Saturday,5,75
2025-11,casual,Saturday,6,175
2025-11,casual,Saturday,7,283
2025-11,casual,Saturday,8,585
2025-11,casual,Saturday,9,902
2025-11,casual,Saturday,10,1316
2025-11,casual,Saturday,11,1504
2025-11,casual,Saturday,12,1729
2025-11,casual,Saturday,13,1939
2025-11,casual,Saturday,14,2257
2025-11,casual,Saturday,15,1984
2025-11,casual,Saturday,16,1683
2025-11,casual,Saturday,17,1661
2025-11,casual,Saturday,18,1157
2025-11,casual,Saturday,19,774
2025-11,casual,Saturday,20,582
2025-11,casual,Saturday,21,570
2025-11,casual,Saturday,22,450
2025-11,casual,Saturday,23,517
2025-11,member,Sunday,0,589
2025-11,member,Sunday,1,473
2025-11,member,Sunday,2,245
2025-11,member,Sunday,3,134
2025-11,member,Sunday,4,97
2025-11,member,Sunday,5,152
2025-11,member,Sunday,6,331
2025-11,member,Sunday,7,456
2025-11,member,Sunday,8,821
2025-11,member,Sunday,9,1347
2025-11,member,Sunday,10,1906
2025-11,member,Sunday,11,2534
2025-11,member,Sunday,12,2234
2025-11,member,Sunday,13,2194
2025-11,member,Sunday,14,2086
2025-11,member,Sunday,15,2517
2025-11,member,Sunday,16,2327
2025-11,member,Sunday,17,1871
2025-11,member,Sunday,18,1541
2025-11,member,Sunday,19,1148
2025-11,member,Sunday,20,803
2025-11,member,Sunday,21,653
2025-11,member,Sunday,22,501
2025-11,member,Sunday,23,293
2025-11,member,Monday,0,121
2025-11,member,Monday,1,76
2025-11,member,Monday,2,46
2025-11,member,Monday,3,40
2025-11,member,Monday,4,64
2025-11,member,Monday,5,438
2025-11,member,Monday,6,1207
2025-11,member,Monday,7,2545
2025-11,member,Monday,8,3118
2025-11,member,Monday,9,1562
2025-11,member,Monday,10,1117
2025-11,member,Monday,11,1337
2025-11,member,Monday,12,1625
2025-11,member,Monday,13,1609
2025-11,member,Monday,14,1596
2025-11,member,Monday,15,2356
2025-11,member,Monday,16,3704
2025-11,member,Monday,17,4087
2025-11,member,Monday,18,2856
2025-11,member,Monday,19,1799
2025-11,member,Monday,20,1191
2025-11,member,Monday,21,973
2025-11,member,Monday,22,587
2025-11,member,Monday,23,357
2025-11,member,Tuesday,0,170
2025-11,member,Tuesday,1,64
2025-11,member,Tuesday,2,43
2025-11,member,Tuesday,3,28
2025-11,member,Tuesday,4,74
2025-11,member,Tuesday,5,405
2025-11,member,Tuesday,6,1183
2025-11,member,Tuesday,7,2617
2025-11,member,Tuesday,8,3604
2025-11,member,Tuesday,9,1839
2025-11,member,Tuesday,10,1186
2025-11,member,Tuesday,11,1350
2025-11,member,Tuesday,12,1804
2025-11,member,Tuesday,13,1792
2025-11,member,Tuesday,14,1731
2025-11,member,Tuesday,15,2600
2025-11,member,Tuesday,16,4066
2025-11,member,Tuesday,17,4544
2025-11,member,Tuesday,18,3225
2025-11,member,Tuesday,19,2051
2025-11,member,Tuesday,20,1520
2025-11,member,Tuesday,21,1072
2025-11,member,Tuesday,22,738
2025-11,member,Tuesday,23,352
2025-11,member,Wednesday,0,214
2025-11,member,Wednesday,1,77
2025-11,member,Wednesday,2,48
2025-11,member,Wednesday,3,51
2025-11,member,Wednesday,4,85
2025-11,member,Wednesday,5,472
2025-11,member,Wednesday,6,1541
2025-11,member,Wednesday,7,3159
2025-11,member,Wednesday,8,3894
2025-11,member,Wednesday,9,1915
2025-11,member,Wednesday,10,1330
2025-11,member,Wednesday,11,1558
2025-11,member,Wednesday,12,1872
2025-11,member,Wednesday,13,1816
2025-11,member,Wednesday,14,1880
2025-11,member,Wednesday,15,2612
2025-11,member,Wednesday,16,4173
2025-11,member,Wednesday,17,4742
2025-11,member,Wednesday,18,3280
2025-11,member,Wednesday,19,2098
2025-11,member,Wednesday,20,1438
2025-11,member,Wednesday,21,1182
2025-11,member,Wednesday,22,848
2025-11,member,Wednesday,23,518
2025-11,member,Thursday,0,284
2025-11,member,Thursday,1,142
2025-11,member,Thursday,2,75
2025-11,member,Thursday,3,57
2025-11,member,Thursday,4,98
2025-11,member,Thursday,5,354
2025-11,member,Thursday,6,1278
2025-11,member,Thursday,7,2826
2025-11,member,Thursday,8,3671
2025-11,member,Thursday,9,1967
2025-11,member,Thursday,10,1373
2025-11,member,Thursday,11,1508
2025-11,member,Thursday,12,1828
2025-11,member,Thursday,13,1764
2025-11,member,Thursday,14,1685
2025-11,member,Thursday,15,2530
2025-11,member,Thursday,16,3753
2025-11,member,Thursday,17,4285
2025-11,member,Thursday,18,3092
2025-11,member,Thursday,19,1966
2025-11,member,Thursday,20,1414
2025-11,member,Thursday,21,1139
2025-11,member,Thursday,22,895
2025-11,member,Thursday,23,482
2025-11,member,Friday,0,291
2025-11,member,Friday,1,126
2025-11,member,Friday,2,82
2025-11,member,Friday,3,64
2025-11,member,Friday,4,79
2025-11,member,Friday,5,386
2025-11,member,Friday,6,1103
2025-11,member,Friday,7,1997
2025-11,member,Friday,8,2594
2025-11,member,Friday,9,1802
2025-11,member,Friday,10,1545
2025-11,member,Friday,11,1816
2025-11,member,Friday,12,2061
2025-11,member,Friday,13,2289
2025-11,member,Friday,14,2248
2025-11,member,Friday,15,3068
2025-11,member,Friday,16,3638
2025-11,member,Friday,17,3635
2025-11,member,Friday,18,2750
2025-11,member,Friday,19,2005
2025-11,member,Friday,20,1223
2025-11,member,Friday,21,1036
2025-11,member,Friday,22,824
2025-11,member,Friday,23,807
2025-11,member,Saturday,0,926
2025-11,member,Saturday,1,721
2025-11,member,Saturday,2,485
2025-11,member,Saturday,3,205
2025-11,member,Saturday,4,133
2025-11,member,Saturday,5,179
2025-11,member,Saturday,6,379
2025-11,member,Saturday,7,773
2025-11,member,Saturday,8,1375
2025-11,member,Saturday,9,2013
2025-11,member,Saturday,10,2373
2025-11,member,Saturday,11,2660
2025-11,member,Saturday,12,2755
2025-11,member,Saturday,13,2864
2025-11,member,Saturday,14,3054
2025-11,member,Saturday,15,2915
2025-11,member,Saturday,16,2587
2025-11,member,Saturday,17,2310
2025-11,member,Saturday,18,1984
2025-11,member,Saturday,19,1437
2025-11,member,Saturday,20,1016
2025-11,member,Saturday,21,874
2025-11,member,Saturday,22,750
2025-11,member,Saturday,23,748
2025-12,casual,Sunday,0,138
2025-12,casual,Sunday,1,72
2025-12,casual,Sunday,2,73
2025-12,casual,Sunday,3,36
2025-12,casual,Sunday,4,27
2025-12,casual,Sunday,5,18
2025-12,casual,Sunday,6,15
2025-12,casual,Sunday,7,21
2025-12,casual,Sunday,8,37
2025-12,casual,Sunday,9,58
2025-12,casual,Sunday,10,89
2025-12,casual,Sunday,11,146
2025-12,casual,Sunday,12,125
2025-12,casual,Sunday,13,121
2025-12,casual,Sunday,14,187
2025-12,casual,Sunday,15,217
2025-12,casual,Sunday,16,164
2025-12,casual,Sunday,17,140
2025-12,casual,Sunday,18,130
2025-12,casual,Sunday,19,98
2025-12,casual,Sunday,20,71
2025-12,casual,Sunday,21,63
2025-12,casual,Sunday,22,77
2025-12,casual,Sunday,23,60
2025-12,casual,Monday,0,43
2025-12,casual,Monday,1,23
2025-12,casual,Monday,2,30
2025-12,casual,Monday,3,16
2025-12,casual,Monday,4,21
2025-12,casual,Monday,5,41
2025-12,casual,Monday,6,85
2025-12,casual,Monday,7,162
2025-12,casual,Monday,8,190
2025-12,casual,Monday,9,121
2025-12,casual,Monday,10,107
2025-12,casual,Monday,11,154
2025-12,casual,Monday,12,182
2025-12,casual,Monday,13,197
2025-12,casual,Monday,14,224
2025-12,casual,Monday,15,269
2025-12,casual,Monday,16,328
2025-12,casual,Monday,17,294
2025-12,casual,Monday,18,228
2025-12,casual,Monday,19,174
2025-12,casual,Monday,20,120
2025-12,casual,Monday,21,113
2025-12,casual,Monday,22,88
2025-12,casual,Monday,23,64
2025-12,casual,Tuesday,0,63
2025-12,casual,Tuesday,1,40
2025-12,casual,Tuesday,2,33
2025-12,casual,Tuesday,3,26
2025-12,casual,Tuesday,4,24
2025-12,casual,Tuesday,5,64
2025-12,casual,Tuesday,6,87
2025-12,casual,Tuesday,7,212
2025-12,casual,Tuesday,8,277
2025-12,casual,Tuesday,9,224
2025-12,casual,Tuesday,10,151
2025-12,casual,Tuesday,11,215
2025-12,casual,Tuesday,12,283
2025-12,casual,Tuesday,13,297
2025-12,casual,Tuesday,14,375
2025-12,casual,Tuesday,15,432
2025-12,casual,Tuesday,16,498
2025-12,casual,Tuesday,17,469
2025-12,casual,Tuesday,18,328
2025-12,casual,Tuesday,19,176
2025-12,casual,Tuesday,20,135
2025-12,casual,Tuesday,21,133
2025-12,casual,Tuesday,22,93
2025-12,casual,Tuesday,23,121
2025-12,casual,Wednesday,0,84
2025-12,casual,Wednesday,1,53
2025-12,casual,Wednesday,2,41
2025-12,casual,Wednesday,3,19
2025-12,casual,Wednesday,4,28
2025-12,casual,Wednesday,5,53
2025-12,casual,Wednesday,6,99
2025-12,casual,Wednesday,7,237
2025-12,casual,Wednesday,8,228
2025-12,casual,Wednesday,9,172
2025-12,casual,Wednesday,10,142
2025-12,casual,Wednesday,11,221
2025-12,casual,Wednesday,12,301
2025-12,casual,Wednesday,13,291
2025-12,casual,Wednesday,14,297
2025-12,casual,Wednesday,15,354
2025-12,casual,Wednesday,16,399
2025-12,casual,Wednesday,17,413
2025-12,casual,Wednesday,18,278
2025-12,casual,Wednesday,19,187
2025-12,casual,Wednesday,20,151
2025-12,casual,Wednesday,21,166
2025-12,casual,Wednesday,22,118
2025-12,casual,Wednesday,23,99
2025-12,casual,Thursday,0,71
2025-12,casual,Thursday,1,39
2025-12,casual,Thursday,2,23
2025-12,casual,Thursday,3,22
2025-12,casual,Thursday,4,19
2025-12,casual,Thursday,5,42
2025-12,casual,Thursday,6,65
2025-12,casual,Thursday,7,189
2025-12,casual,Thursday,8,208
2025-12,casual,Thursday,9,170
2025-12,casual,Thursday,10,143
2025-12,casual,Thursday,11,164
2025-12,casual,Thursday,12,219
2025-12,casual,Thursday,13,167
2025-12,casual,Thursday,14,211
2025-12,casual,Thursday,15,229
2025-12,casual,Thursday,16,346
2025-12,casual,Thursday,17,379
2025-12,casual,Thursday,18,264
2025-12,casual,Thursday,19,205
2025-12,casual,Thursday,20,143
2025-12,casual,Thursday,21,112
2025-12,casual,Thursday,22,107
2025-12,casual,Thursday,23,96
2025-12,casual,Friday,0,82
2025-12,casual,Friday,1,35
2025-12,casual,Friday,2,34
2025-12,casual,Friday,3,20
2025-12,casual,Friday,4,25
2025-12,casual,Friday,5,40
2025-12,casual,Friday,6,85
2025-12,casual,Friday,7,131
2025-12,casual,Friday,8,138
2025-12,casual,Friday,9,158
2025-12,casual,Friday,10,143
2025-12,casual,Friday,11,205
2025-12,casual,Friday,12,255
2025-12,casual,Friday,13,280
2025-12,casual,Friday,14,327
2025-12,casual,Friday,15,323
2025-12,casual,Friday,16,382
2025-12,casual,Friday,17,322
2025-12,casual,Friday,18,278
2025-12,casual,Friday,19,228
2025-12,casual,Friday,20,155
2025-12,casual,Friday,21,154
2025-12,casual,Friday,22,114
2025-12,casual,Friday,23,155
2025-12,casual,Saturday,0,159
2025-12,casual,Saturday,1,132
2025-12,casual,Saturday,2,84
2025-12,casual,Saturday,3,56
2025-12,casual,Saturday,4,51
2025-12,casual,Saturday,5,30
2025-12,casual,Saturday,6,34
2025-12,casual,Saturday,7,69
2025-12,casual,Saturday,8,109
2025-12,casual,Saturday,9,133
2025-12,casual,Saturday,10,257
2025-12,casual,Saturday,11,290
2025-12,casual,Saturday,12,335
2025-12,casual,Saturday,13,311
2025-12,casual,Saturday,14,372
2025-12,casual,Saturday,15,376
2025-12,casual,Saturday,16,347
2025-12,casual,Saturday,17,310
2025-12,casual,Saturday,18,323
2025-12,casual,Saturday,19,245
2025-12,casual,Saturday,20,136
2025-12,casual,Saturday,21,134
2025-12,casual,Saturday,22,213
2025-12,casual,Saturday,23,225
2025-12,member,Sunday,0,230
2025-12,member,Sunday,1,135
2025-12,member,Sunday,2,100
2025-12,member,Sunday,3,54
2025-12,member,Sunday,4,21
2025-12,member,Sunday,5,42
2025-12,member,Sunday,6,84
2025-12,member,Sunday,7,88
2025-12,member,Sunday,8,186
2025-12,member,Sunday,9,260
2025-12,member,Sunday,10,376
2025-12,member,Sunday,11,482
2025-12,member,Sunday,12,485
2025-12,member,Sunday,13,469
2025-12,member,Sunday,14,564
2025-12,member,Sunday,15,643
2025-12,member,Sunday,16,605
2025-12,member,Sunday,17,485
2025-12,member,Sunday,18,486
2025-12,member,Sunday,19,343
2025-12,member,Sunday,20,242
2025-12,member,Sunday,21,195
2025-12,member,Sunday,22,193
2025-12,member,Sunday,23,120
2025-12,member,Monday,0,92
2025-12,member,Monday,1,48
2025-12,member,Monday,2,36
2025-12,member,Monday,3,18
2025-12,member,Monday,4,51
2025-12,member,Monday,5,271
2025-12,member,Monday,6,597
2025-12,member,Monday,7,1157
2025-12,member,Monday,8,1475
2025-12,member,Monday,9,886
2025-12,member,Monday,10,617
2025-12,member,Monday,11,728
2025-12,member,Monday,12,849
2025-12,member,Monday,13,862
2025-12,member,Monday,14,966
2025-12,member,Monday,15,1290
2025-12,member,Monday,16,1786
2025-12,member,Monday,17,1909
2025-12,member,Monday,18,1293
2025-12,member,Monday,19,878
2025-12,member,Monday,20,549
2025-12,member,Monday,21,412
2025-12,member,Monday,22,251
2025-12,member,Monday,23,151
2025-12,member,Tuesday,0,103
2025-12,member,Tuesday,1,64
2025-12,member,Tuesday,2,29
2025-12,member,Tuesday,3,19
2025-12,member,Tuesday,4,51
2025-12,member,Tuesday,5,304
2025-12,member,Tuesday,6,809
2025-12,member,Tuesday,7,1568
2025-12,member,Tuesday,8,2057
2025-12,member,Tuesday,9,1119
2025-12,member,Tuesday,10,813
2025-12,member,Tuesday,11,909
2025-12,member,Tuesday,12,1080
2025-12,member,Tuesday,13,1138
2025-12,member,Tuesday,14,1182
2025-12,member,Tuesday,15,1675
2025-12,member,Tuesday,16,2394
2025-12,member,Tuesday,17,2450
2025-12,member,Tuesday,18,1623
2025-12,member,Tuesday,19,1006
2025-12,member,Tuesday,20,585
2025-12,member,Tuesday,21,450
2025-12,member,Tuesday,22,328
2025-12,member,Tuesday,23,229
2025-12,member,Wednesday,0,115
2025-12,member,Wednesday,1,75
2025-12,member,Wednesday,2,41
2025-12,member,Wednesday,3,24
2025-12,member,Wednesday,4,64
2025-12,member,Wednesday,5,290
2025-12,member,Wednesday,6,700
2025-12,member,Wednesday,7,1538
2025-12,member,Wednesday,8,1561
2025-12,member,Wednesday,9,1104
2025-12,member,Wednesday,10,820
2025-12,member,Wednesday,11,936
2025-12,member,Wednesday,12,1120
2025-12,member,Wednesday,13,1077
2025-12,member,Wednesday,14,1149
2025-12,member,Wednesday,15,1450
2025-12,member,Wednesday,16,2013
2025-12,member,Wednesday,17,2154
2025-12,member,Wednesday,18,1440
2025-12,member,Wednesday,19,956
2025-12,member,Wednesday,20,697
2025-12,member,Wednesday,21,544
2025-12,member,Wednesday,22,371
2025-12,member,Wednesday,23,238
2025-12,member,Thursday,0,125
2025-12,member,Thursday,1,53
2025-12,member,Thursday,2,28
2025-12,member,Thursday,3,20
2025-12,member,Thursday,4,57
2025-12,member,Thursday,5,202
2025-12,member,Thursday,6,533
2025-12,member,Thursday,7,1120
2025-12,member,Thursday,8,1501
2025-12,member,Thursday,9,869
2025-12,member,Thursday,10,654
2025-12,member,Thursday,11,749
2025-12,member,Thursday,12,849
2025-12,member,Thursday,13,642
2025-12,member,Thursday,14,668
2025-12,member,Thursday,15,968
2025-12,member,Thursday,16,1497
2025-12,member,Thursday,17,1759
2025-12,member,Thursday,18,1163
2025-12,member,Thursday,19,786
2025-12,member,Thursday,20,559
2025-12,member,Thursday,21,408
2025-12,member,Thursday,22,307
2025-12,member,Thursday,23,221
2025-12,member,Friday,0,149
2025-12,member,Friday,1,89
2025-12,member,Friday,2,48
2025-12,member,Friday,3,27
2025-12,member,Friday,4,51
2025-12,member,Friday,5,193
2025-12,member,Friday,6,465
2025-12,member,Friday,7,816
2025-12,member,Friday,8,1029
2025-12,member,Friday,9,746
2025-12,member,Friday,10,593
2025-12,member,Friday,11,830
2025-12,member,Friday,12,911
2025-12,member,Friday,13,890
2025-12,member,Friday,14,936
2025-12,member,Friday,15,1202
2025-12,member,Friday,16,1513
2025-12,member,Friday,17,1399
2025-12,member,Friday,18,1136
2025-12,member,Friday,19,738
2025-12,member,Friday,20,458
2025-12,member,Friday,21,367
2025-12,member,Friday,22,337
2025-12,member,Friday,23,230
2025-12,member,Saturday,0,239
2025-12,member,Saturday,1,166
2025-12,member,Saturday,2,123
2025-12,member,Saturday,3,54
2025-12,member,Saturday,4,32
2025-12,member,Saturday,5,79
2025-12,member,Saturday,6,155
2025-12,member,Saturday,7,260
2025-12,member,Saturday,8,456
2025-12,member,Saturday,9,618
2025-12,member,Saturday,10,742
2025-12,member,Saturday,11,877
2025-12,member,Saturday,12,942
2025-12,member,Saturday,13,922
2025-12,member,Saturday,14,939
2025-12,member,Saturday,15,969
2025-12,member,Saturday,16,955
2025-12,member,Saturday,17,829
2025-12,member,Saturday,18,709
2025-12,member,Saturday,19,562
2025-12,member,Saturday,20,366
2025-12,member,Saturday,21,321
2025-12,member,Saturday,22,340
2025-12,member,Saturday,23,303
